{"v":"5.5.2","fr":25,"ip":0,"op":75,"w":187,"h":285,"nm":"Caracol","ddd":0,"assets":[],"layers":[{"ddd":0,"ind":1,"ty":4,"nm":"concha contornos","sr":1,"ks":{"o":{"a":0,"k":100,"ix":11},"r":{"a":0,"k":0,"ix":10},"p":{"a":0,"k":[93.769,187.033,0],"ix":2},"a":{"a":0,"k":[101.05,97.8,0],"ix":1},"s":{"a":0,"k":[100,100,100],"ix":6}},"ao":0,"shapes":[{"ty":"gr","it":[{"ind":0,"ty":"sh","ix":1,"ks":{"a":0,"k":{"i":[[0,0],[1.2,0],[0,1.2],[0,0],[-1.2,0],[0,-1.2]],"o":[[0,1.2],[-1.2,0],[0,0],[0,-1.2],[1.2,0],[0,0]],"v":[[2.2,5.95],[0,8.15],[-2.2,5.95],[-2.2,-5.95],[0,-8.15],[2.2,-5.95]],"c":true},"ix":2},"nm":"Trazado 1","mn":"ADBE Vector Shape - Group","hd":false},{"ty":"fl","c":{"a":0,"k":[0.717999985639,0.383999992819,0.156999999402,1],"ix":4},"o":{"a":0,"k":100,"ix":5},"r":1,"bm":0,"nm":"Relleno 1","mn":"ADBE Vector Graphic - Fill","hd":false},{"ty":"tr","p":{"a":0,"k":[31.45,168.3],"ix":2},"a":{"a":0,"k":[0,0],"ix":1},"s":{"a":0,"k":[100,100],"ix":3},"r":{"a":0,"k":0,"ix":6},"o":{"a":0,"k":100,"ix":7},"sk":{"a":0,"k":0,"ix":4},"sa":{"a":0,"k":0,"ix":5},"nm":"Transformar"}],"nm":"Grupo 1","np":2,"cix":2,"bm":0,"ix":1,"mn":"ADBE Vector Group","hd":false},{"ty":"gr","it":[{"ind":0,"ty":"sh","ix":1,"ks":{"a":0,"k":{"i":[[-1.877,0],[0,-1.878],[1.878,0],[0,1.878]],"o":[[1.878,0],[0,1.878],[-1.877,0],[0,-1.878]],"v":[[0,-3.4],[3.4,-0.001],[0,3.4],[-3.4,-0.001]],"c":true},"ix":2},"nm":"Trazado 1","mn":"ADBE Vector Shape - Group","hd":false},{"ty":"fl","c":{"a":0,"k":[0.717999985639,0.383999992819,0.156999999402,1],"ix":4},"o":{"a":0,"k":100,"ix":5},"r":1,"bm":0,"nm":"Relleno 1","mn":"ADBE Vector Graphic - Fill","hd":false},{"ty":"tr","p":{"a":0,"k":[32.35,144.25],"ix":2},"a":{"a":0,"k":[0,0],"ix":1},"s":{"a":0,"k":[100,100],"ix":3},"r":{"a":0,"k":0,"ix":6},"o":{"a":0,"k":100,"ix":7},"sk":{"a":0,"k":0,"ix":4},"sa":{"a":0,"k":0,"ix":5},"nm":"Transformar"}],"nm":"Grupo 2","np":2,"cix":2,"bm":0,"ix":2,"mn":"ADBE Vector Group","hd":false},{"ty":"gr","it":[{"ind":0,"ty":"sh","ix":1,"ks":{"a":0,"k":{"i":[[2.2,1.4],[0,3.6],[4.9,0.301],[-0.6,-1.9],[2.5,-3.5],[-0.2,-5.8],[1.401,-7.7],[0,2.599],[0,0]],"o":[[2.9,-1.6],[0,-5],[1,1.2],[1.6,4.6],[5.2,3.6],[0.2,7.2],[2,-1.4],[0,0],[0.1,-2.7]],"v":[[0.4,-10.6],[5.3,-18.9],[-3.5,-28.3],[-1.1,-23.8],[-5.3,-12.4],[2.1,5.2],[0.6,28.3],[3.9,22.001],[3.9,-4.1]],"c":true},"ix":2},"nm":"Trazado 1","mn":"ADBE Vector Shape - Group","hd":false},{"ty":"fl","c":{"a":0,"k":[0.426999978458,0.238999998803,0.093999997307,1],"ix":4},"o":{"a":0,"k":100,"ix":5},"r":1,"bm":0,"nm":"Relleno 1","mn":"ADBE Vector Graphic - Fill","hd":false},{"ty":"tr","p":{"a":0,"k":[40.45,165.65],"ix":2},"a":{"a":0,"k":[0,0],"ix":1},"s":{"a":0,"k":[100,100],"ix":3},"r":{"a":0,"k":0,"ix":6},"o":{"a":0,"k":100,"ix":7},"sk":{"a":0,"k":0,"ix":4},"sa":{"a":0,"k":0,"ix":5},"nm":"Transformar"}],"nm":"Grupo 3","np":2,"cix":2,"bm":0,"ix":3,"mn":"ADBE Vector Group","hd":false},{"ty":"gr","it":[{"ind":0,"ty":"sh","ix":1,"ks":{"a":0,"k":{"i":[[2.2,1.4],[0,3.6],[5.2,0],[0,-5.2],[-2.9,-1.6],[0,-2.7],[0,0],[-4.3,0],[0,0],[0,4.299],[0,0]],"o":[[2.9,-1.6],[0,-5.2],[-5.2,0],[0,3.6],[-2.2,1.4],[0,0],[0,4.299],[0,0],[4.3,0],[0,0],[-0.1,-2.7]],"v":[[4.5,-11.3],[9.4,-19.6],[0,-29],[-9.4,-19.6],[-4.5,-11.3],[-8.1,-4.8],[-8.1,21.301],[-0.4,29],[0.5,29],[8.2,21.301],[8.2,-4.8]],"c":true},"ix":2},"nm":"Trazado 1","mn":"ADBE Vector Shape - Group","hd":false},{"ty":"fl","c":{"a":0,"k":[0.517999985639,0.317999985639,0.128999986836,1],"ix":4},"o":{"a":0,"k":100,"ix":5},"r":1,"bm":0,"nm":"Relleno 1","mn":"ADBE Vector Graphic - Fill","hd":false},{"ty":"tr","p":{"a":0,"k":[36.35,166.35],"ix":2},"a":{"a":0,"k":[0,0],"ix":1},"s":{"a":0,"k":[100,100],"ix":3},"r":{"a":0,"k":0,"ix":6},"o":{"a":0,"k":100,"ix":7},"sk":{"a":0,"k":0,"ix":4},"sa":{"a":0,"k":0,"ix":5},"nm":"Transformar"}],"nm":"Grupo 4","np":2,"cix":2,"bm":0,"ix":4,"mn":"ADBE Vector Group","hd":false},{"ty":"gr","it":[{"ind":0,"ty":"sh","ix":1,"ks":{"a":0,"k":{"i":[[0,0],[1.199,0],[0,1.2],[0,0],[-1.2,0],[0,-1.2]],"o":[[0,1.2],[-1.2,0],[0,0],[0,-1.2],[1.199,0],[0,0]],"v":[[2.2,5.95],[0.001,8.15],[-2.199,5.95],[-2.199,-5.95],[0.001,-8.15],[2.2,-5.95]],"c":true},"ix":2},"nm":"Trazado 1","mn":"ADBE Vector Shape - Group","hd":false},{"ty":"fl","c":{"a":0,"k":[0.717999985639,0.383999992819,0.156999999402,1],"ix":4},"o":{"a":0,"k":100,"ix":5},"r":1,"bm":0,"nm":"Relleno 1","mn":"ADBE Vector Graphic - Fill","hd":false},{"ty":"tr","p":{"a":0,"k":[146.95,168.3],"ix":2},"a":{"a":0,"k":[0,0],"ix":1},"s":{"a":0,"k":[100,100],"ix":3},"r":{"a":0,"k":0,"ix":6},"o":{"a":0,"k":100,"ix":7},"sk":{"a":0,"k":0,"ix":4},"sa":{"a":0,"k":0,"ix":5},"nm":"Transformar"}],"nm":"Grupo 5","np":2,"cix":2,"bm":0,"ix":5,"mn":"ADBE Vector Group","hd":false},{"ty":"gr","it":[{"ind":0,"ty":"sh","ix":1,"ks":{"a":0,"k":{"i":[[0,-1.8],[1.899,0],[0,1.9],[-1.9,0]],"o":[[0,1.9],[-1.9,0],[0,-1.9],[1.899,0.1]],"v":[[3.4,0],[0.001,3.4],[-3.4,0],[0.001,-3.4]],"c":true},"ix":2},"nm":"Trazado 1","mn":"ADBE Vector Shape - Group","hd":false},{"ty":"fl","c":{"a":0,"k":[0.717999985639,0.383999992819,0.156999999402,1],"ix":4},"o":{"a":0,"k":100,"ix":5},"r":1,"bm":0,"nm":"Relleno 1","mn":"ADBE Vector Graphic - Fill","hd":false},{"ty":"tr","p":{"a":0,"k":[147.75,144.25],"ix":2},"a":{"a":0,"k":[0,0],"ix":1},"s":{"a":0,"k":[100,100],"ix":3},"r":{"a":0,"k":0,"ix":6},"o":{"a":0,"k":100,"ix":7},"sk":{"a":0,"k":0,"ix":4},"sa":{"a":0,"k":0,"ix":5},"nm":"Transformar"}],"nm":"Grupo 6","np":2,"cix":2,"bm":0,"ix":6,"mn":"ADBE Vector Group","hd":false},{"ty":"gr","it":[{"ind":0,"ty":"sh","ix":1,"ks":{"a":0,"k":{"i":[[2.101,1.4],[0,3.6],[4.899,0.301],[-0.6,-1.9],[2.5,-3.5],[-0.2,-5.8],[1.4,-7.7],[0,2.599],[0,0]],"o":[[2.9,-1.6],[0,-5],[1,1.2],[1.601,4.6],[5.2,3.6],[0.199,7.2],[2,-1.4],[0,0],[0.001,-2.7]],"v":[[0.4,-10.6],[5.3,-18.9],[-3.499,-28.3],[-1.1,-23.8],[-5.3,-12.4],[2.1,5.2],[0.6,28.3],[4,22.001],[4,-4.1]],"c":true},"ix":2},"nm":"Trazado 1","mn":"ADBE Vector Shape - Group","hd":false},{"ty":"fl","c":{"a":0,"k":[0.426999978458,0.238999998803,0.093999997307,1],"ix":4},"o":{"a":0,"k":100,"ix":5},"r":1,"bm":0,"nm":"Relleno 1","mn":"ADBE Vector Graphic - Fill","hd":false},{"ty":"tr","p":{"a":0,"k":[155.95,165.65],"ix":2},"a":{"a":0,"k":[0,0],"ix":1},"s":{"a":0,"k":[100,100],"ix":3},"r":{"a":0,"k":0,"ix":6},"o":{"a":0,"k":100,"ix":7},"sk":{"a":0,"k":0,"ix":4},"sa":{"a":0,"k":0,"ix":5},"nm":"Transformar"}],"nm":"Grupo 7","np":2,"cix":2,"bm":0,"ix":7,"mn":"ADBE Vector Group","hd":false},{"ty":"gr","it":[{"ind":0,"ty":"sh","ix":1,"ks":{"a":0,"k":{"i":[[2.101,1.4],[0,3.6],[5.2,0],[0,-5.2],[-2.899,-1.6],[0,-2.7],[0,0],[-4.301,0],[0,0],[0,4.299],[0,0]],"o":[[2.9,-1.6],[0,-5.2],[-5.2,0],[0,3.6],[-2.2,1.4],[0,0],[0,4.299],[0,0],[4.3,0],[0,0],[-0.099,-2.7]],"v":[[4.499,-11.3],[9.399,-19.6],[-0.001,-29],[-9.4,-19.6],[-4.501,-11.3],[-8.101,-4.8],[-8.101,21.301],[-0.4,29],[0.499,29],[8.199,21.301],[8.199,-4.8]],"c":true},"ix":2},"nm":"Trazado 1","mn":"ADBE Vector Shape - Group","hd":false},{"ty":"fl","c":{"a":0,"k":[0.517999985639,0.317999985639,0.128999986836,1],"ix":4},"o":{"a":0,"k":100,"ix":5},"r":1,"bm":0,"nm":"Relleno 1","mn":"ADBE Vector Graphic - Fill","hd":false},{"ty":"tr","p":{"a":0,"k":[151.85,166.35],"ix":2},"a":{"a":0,"k":[0,0],"ix":1},"s":{"a":0,"k":[100,100],"ix":3},"r":{"a":0,"k":0,"ix":6},"o":{"a":0,"k":100,"ix":7},"sk":{"a":0,"k":0,"ix":4},"sa":{"a":0,"k":0,"ix":5},"nm":"Transformar"}],"nm":"Grupo 8","np":2,"cix":2,"bm":0,"ix":8,"mn":"ADBE Vector Group","hd":false},{"ty":"gr","it":[{"ind":0,"ty":"sh","ix":1,"ks":{"a":0,"k":{"i":[[0,0],[2.6,-3.6],[-4.601,-6.1],[-0.5,2],[-2,4.1],[7.201,2]],"o":[[0.5,3.1],[-3.1,4.6],[4.6,5.1],[1,-4.1],[2.1,-4.6],[0,0]],"v":[[8.251,-24.85],[-3.049,-9.45],[-11.249,19.75],[-6.15,11.05],[-1.049,-1.75],[8.65,-22.75]],"c":false},"ix":2},"nm":"Trazado 1","mn":"ADBE Vector Shape - Group","hd":false},{"ty":"fl","c":{"a":0,"k":[1,1,1,1],"ix":4},"o":{"a":0,"k":100,"ix":5},"r":1,"bm":0,"nm":"Relleno 1","mn":"ADBE Vector Graphic - Fill","hd":false},{"ty":"tr","p":{"a":0,"k":[34.499,69.3],"ix":2},"a":{"a":0,"k":[0,0],"ix":1},"s":{"a":0,"k":[100,100],"ix":3},"r":{"a":0,"k":0,"ix":6},"o":{"a":0,"k":100,"ix":7},"sk":{"a":0,"k":0,"ix":4},"sa":{"a":0,"k":0,"ix":5},"nm":"Transformar"}],"nm":"Grupo 9","np":2,"cix":2,"bm":0,"ix":9,"mn":"ADBE Vector Group","hd":false},{"ty":"gr","it":[{"ind":0,"ty":"sh","ix":1,"ks":{"a":0,"k":{"i":[[-0.7,-0.5],[2.4,-2.5],[0.3,0.5],[-2.1,2.5]],"o":[[0.6,0.5],[-2.4,2.6],[-0.4,-0.6],[2,-2.6]],"v":[[3.95,-4.5],[1.25,1.2],[-4.15,4.5],[-0.75,-0.5]],"c":true},"ix":2},"nm":"Trazado 1","mn":"ADBE Vector Shape - Group","hd":false},{"ty":"fl","c":{"a":0,"k":[0.764999988032,0.596000043084,0.368999974868,1],"ix":4},"o":{"a":0,"k":100,"ix":5},"r":1,"bm":0,"nm":"Relleno 1","mn":"ADBE Vector Graphic - Fill","hd":false},{"ty":"tr","p":{"a":0,"k":[124.1,35.15],"ix":2},"a":{"a":0,"k":[0,0],"ix":1},"s":{"a":0,"k":[100,100],"ix":3},"r":{"a":0,"k":0,"ix":6},"o":{"a":0,"k":100,"ix":7},"sk":{"a":0,"k":0,"ix":4},"sa":{"a":0,"k":0,"ix":5},"nm":"Transformar"}],"nm":"Grupo 10","np":2,"cix":2,"bm":0,"ix":10,"mn":"ADBE Vector Group","hd":false},{"ty":"gr","it":[{"ind":0,"ty":"sh","ix":1,"ks":{"a":0,"k":{"i":[[-0.399,-0.7],[3,-1.7],[0.199,0.6],[-2.8,1.6]],"o":[[0.4,0.7],[-3.1,1.7],[-0.2,-0.7],[2.8,-1.7]],"v":[[5.249,-2.9],[0.749,1.6],[-5.45,3],[-0.551,-0.7]],"c":true},"ix":2},"nm":"Trazado 1","mn":"ADBE Vector Shape - Group","hd":false},{"ty":"fl","c":{"a":0,"k":[0.764999988032,0.596000043084,0.368999974868,1],"ix":4},"o":{"a":0,"k":100,"ix":5},"r":1,"bm":0,"nm":"Relleno 1","mn":"ADBE Vector Graphic - Fill","hd":false},{"ty":"tr","p":{"a":0,"k":[133.9,53.25],"ix":2},"a":{"a":0,"k":[0,0],"ix":1},"s":{"a":0,"k":[100,100],"ix":3},"r":{"a":0,"k":0,"ix":6},"o":{"a":0,"k":100,"ix":7},"sk":{"a":0,"k":0,"ix":4},"sa":{"a":0,"k":0,"ix":5},"nm":"Transformar"}],"nm":"Grupo 11","np":2,"cix":2,"bm":0,"ix":11,"mn":"ADBE Vector Group","hd":false},{"ty":"gr","it":[{"ind":0,"ty":"sh","ix":1,"ks":{"a":0,"k":{"i":[[-0.2,-0.7],[3.3,-1],[0.099,0.6],[-3.199,0.9]],"o":[[0.3,0.7],[-3.4,1],[-0.1,-0.7],[3.101,-1.1]],"v":[[5.75,-1.85],[0.45,1.55],[-5.95,1.55],[-0.351,-0.95]],"c":true},"ix":2},"nm":"Trazado 1","mn":"ADBE Vector Shape - Group","hd":false},{"ty":"fl","c":{"a":0,"k":[0.764999988032,0.596000043084,0.368999974868,1],"ix":4},"o":{"a":0,"k":100,"ix":5},"r":1,"bm":0,"nm":"Relleno 1","mn":"ADBE Vector Graphic - Fill","hd":false},{"ty":"tr","p":{"a":0,"k":[138.5,73.7],"ix":2},"a":{"a":0,"k":[0,0],"ix":1},"s":{"a":0,"k":[100,100],"ix":3},"r":{"a":0,"k":0,"ix":6},"o":{"a":0,"k":100,"ix":7},"sk":{"a":0,"k":0,"ix":4},"sa":{"a":0,"k":0,"ix":5},"nm":"Transformar"}],"nm":"Grupo 12","np":2,"cix":2,"bm":0,"ix":12,"mn":"ADBE Vector Group","hd":false},{"ty":"gr","it":[{"ind":0,"ty":"sh","ix":1,"ks":{"a":0,"k":{"i":[[-0.1,-0.9],[3.399,-0.2],[-0.099,0.6],[-3.299,0.4]],"o":[[0.101,0.8],[-3.5,0.2],[0.101,-0.7],[3.201,-0.4]],"v":[[6.049,-0.75],[0.15,1.45],[-6.051,0.05],[-0.051,-1.25]],"c":true},"ix":2},"nm":"Trazado 1","mn":"ADBE Vector Shape - Group","hd":false},{"ty":"fl","c":{"a":0,"k":[0.764999988032,0.596000043084,0.368999974868,1],"ix":4},"o":{"a":0,"k":100,"ix":5},"r":1,"bm":0,"nm":"Relleno 1","mn":"ADBE Vector Graphic - Fill","hd":false},{"ty":"tr","p":{"a":0,"k":[139.1,94.6],"ix":2},"a":{"a":0,"k":[0,0],"ix":1},"s":{"a":0,"k":[100,100],"ix":3},"r":{"a":0,"k":0,"ix":6},"o":{"a":0,"k":100,"ix":7},"sk":{"a":0,"k":0,"ix":4},"sa":{"a":0,"k":0,"ix":5},"nm":"Transformar"}],"nm":"Grupo 13","np":2,"cix":2,"bm":0,"ix":13,"mn":"ADBE Vector Group","hd":false},{"ty":"gr","it":[{"ind":0,"ty":"sh","ix":1,"ks":{"a":0,"k":{"i":[[0.2,-0.8],[3.3,1],[-0.299,0.599],[-3.099,-0.899]],"o":[[-0.2,0.7],[-3.301,-1],[0.401,-0.7],[3.201,0.901]],"v":[[5.85,1.799],[-0.45,1.6],[-5.751,-1.9],[0.249,-1.001]],"c":true},"ix":2},"nm":"Trazado 1","mn":"ADBE Vector Shape - Group","hd":false},{"ty":"fl","c":{"a":0,"k":[0.764999988032,0.596000043084,0.368999974868,1],"ix":4},"o":{"a":0,"k":100,"ix":5},"r":1,"bm":0,"nm":"Relleno 1","mn":"ADBE Vector Graphic - Fill","hd":false},{"ty":"tr","p":{"a":0,"k":[132.9,114.051],"ix":2},"a":{"a":0,"k":[0,0],"ix":1},"s":{"a":0,"k":[100,100],"ix":3},"r":{"a":0,"k":0,"ix":6},"o":{"a":0,"k":100,"ix":7},"sk":{"a":0,"k":0,"ix":4},"sa":{"a":0,"k":0,"ix":5},"nm":"Transformar"}],"nm":"Grupo 14","np":2,"cix":2,"bm":0,"ix":14,"mn":"ADBE Vector Group","hd":false},{"ty":"gr","it":[{"ind":0,"ty":"sh","ix":1,"ks":{"a":0,"k":{"i":[[0.5,-0.8],[2.901,2],[-0.401,0.3],[-2.801,-1.6]],"o":[[-0.4,0.7],[-2.899,-2],[0.5,-0.5],[2.9,1.701]],"v":[[5.051,3.2],[-1.051,1.4],[-5.15,-3.4],[0.351,-0.9]],"c":true},"ix":2},"nm":"Trazado 1","mn":"ADBE Vector Shape - Group","hd":false},{"ty":"fl","c":{"a":0,"k":[0.764999988032,0.596000043084,0.368999974868,1],"ix":4},"o":{"a":0,"k":100,"ix":5},"r":1,"bm":0,"nm":"Relleno 1","mn":"ADBE Vector Graphic - Fill","hd":false},{"ty":"tr","p":{"a":0,"k":[121.699,131.35],"ix":2},"a":{"a":0,"k":[0,0],"ix":1},"s":{"a":0,"k":[100,100],"ix":3},"r":{"a":0,"k":0,"ix":6},"o":{"a":0,"k":100,"ix":7},"sk":{"a":0,"k":0,"ix":4},"sa":{"a":0,"k":0,"ix":5},"nm":"Transformar"}],"nm":"Grupo 15","np":2,"cix":2,"bm":0,"ix":15,"mn":"ADBE Vector Group","hd":false},{"ty":"gr","it":[{"ind":0,"ty":"sh","ix":1,"ks":{"a":0,"k":{"i":[[0.8,-0.399],[1.2,3.3],[-0.6,0],[-1.1,-3]],"o":[[-0.7,0.301],[-1.1,-3.301],[0.7,-0.1],[1.301,3]],"v":[[2,5.65],[-1.7,0.451],[-2,-5.85],[0.8,-0.451]],"c":true},"ix":2},"nm":"Trazado 1","mn":"ADBE Vector Shape - Group","hd":false},{"ty":"fl","c":{"a":0,"k":[0.764999988032,0.596000043084,0.368999974868,1],"ix":4},"o":{"a":0,"k":100,"ix":5},"r":1,"bm":0,"nm":"Relleno 1","mn":"ADBE Vector Graphic - Fill","hd":false},{"ty":"tr","p":{"a":0,"k":[103.85,141.2],"ix":2},"a":{"a":0,"k":[0,0],"ix":1},"s":{"a":0,"k":[100,100],"ix":3},"r":{"a":0,"k":0,"ix":6},"o":{"a":0,"k":100,"ix":7},"sk":{"a":0,"k":0,"ix":4},"sa":{"a":0,"k":0,"ix":5},"nm":"Transformar"}],"nm":"Grupo 16","np":2,"cix":2,"bm":0,"ix":16,"mn":"ADBE Vector Group","hd":false},{"ty":"gr","it":[{"ind":0,"ty":"sh","ix":1,"ks":{"a":0,"k":{"i":[[0.9,-0.101],[0.2,3.5],[-0.6,-0.1],[-0.3,-3.3]],"o":[[-0.8,0.1],[-0.2,-3.5],[0.7,0.099],[0.4,3.3]],"v":[[0.75,6.1],[-1.45,0.1],[0.05,-6.1],[1.25,-0.1]],"c":true},"ix":2},"nm":"Trazado 1","mn":"ADBE Vector Shape - Group","hd":false},{"ty":"fl","c":{"a":0,"k":[0.764999988032,0.596000043084,0.368999974868,1],"ix":4},"o":{"a":0,"k":100,"ix":5},"r":1,"bm":0,"nm":"Relleno 1","mn":"ADBE Vector Graphic - Fill","hd":false},{"ty":"tr","p":{"a":0,"k":[82.8,141.85],"ix":2},"a":{"a":0,"k":[0,0],"ix":1},"s":{"a":0,"k":[100,100],"ix":3},"r":{"a":0,"k":0,"ix":6},"o":{"a":0,"k":100,"ix":7},"sk":{"a":0,"k":0,"ix":4},"sa":{"a":0,"k":0,"ix":5},"nm":"Transformar"}],"nm":"Grupo 17","np":2,"cix":2,"bm":0,"ix":17,"mn":"ADBE Vector Group","hd":false},{"ty":"gr","it":[{"ind":0,"ty":"sh","ix":1,"ks":{"a":0,"k":{"i":[[0.8,0.301],[-1.4,3.2],[-0.4,-0.401],[1.1,-3.099]],"o":[[-0.8,-0.3],[1.5,-3.201],[0.5,0.399],[-1.1,3]],"v":[[-2.2,5.649],[-1.6,-0.75],[2.5,-5.549],[0.9,0.349]],"c":true},"ix":2},"nm":"Trazado 1","mn":"ADBE Vector Shape - Group","hd":false},{"ty":"fl","c":{"a":0,"k":[0.764999988032,0.596000043084,0.368999974868,1],"ix":4},"o":{"a":0,"k":100,"ix":5},"r":1,"bm":0,"nm":"Relleno 1","mn":"ADBE Vector Graphic - Fill","hd":false},{"ty":"tr","p":{"a":0,"k":[63.55,135.7],"ix":2},"a":{"a":0,"k":[0,0],"ix":1},"s":{"a":0,"k":[100,100],"ix":3},"r":{"a":0,"k":0,"ix":6},"o":{"a":0,"k":100,"ix":7},"sk":{"a":0,"k":0,"ix":4},"sa":{"a":0,"k":0,"ix":5},"nm":"Transformar"}],"nm":"Grupo 18","np":2,"cix":2,"bm":0,"ix":18,"mn":"ADBE Vector Group","hd":false},{"ty":"gr","it":[{"ind":0,"ty":"sh","ix":1,"ks":{"a":0,"k":{"i":[[0.5,0.801],[-3,1.6],[-0.1,-0.5],[2.8,-1.7]],"o":[[-0.5,-0.699],[3.1,-1.599],[0.1,0.599],[-2.7,1.8]],"v":[[-5.1,2.799],[-0.7,-1.801],[5.5,-3.1],[0.6,0.499]],"c":true},"ix":2},"nm":"Trazado 1","mn":"ADBE Vector Shape - Group","hd":false},{"ty":"fl","c":{"a":0,"k":[0.764999988032,0.596000043084,0.368999974868,1],"ix":4},"o":{"a":0,"k":100,"ix":5},"r":1,"bm":0,"nm":"Relleno 1","mn":"ADBE Vector Graphic - Fill","hd":false},{"ty":"tr","p":{"a":0,"k":[50.65,120.051],"ix":2},"a":{"a":0,"k":[0,0],"ix":1},"s":{"a":0,"k":[100,100],"ix":3},"r":{"a":0,"k":0,"ix":6},"o":{"a":0,"k":100,"ix":7},"sk":{"a":0,"k":0,"ix":4},"sa":{"a":0,"k":0,"ix":5},"nm":"Transformar"}],"nm":"Grupo 19","np":2,"cix":2,"bm":0,"ix":19,"mn":"ADBE Vector Group","hd":false},{"ty":"gr","it":[{"ind":0,"ty":"sh","ix":1,"ks":{"a":0,"k":{"i":[[0.2,0.801],[-3.4,0.3],[0.1,-0.6],[3.2,-0.4]],"o":[[-0.1,-0.8],[3.5,-0.2],[-0.1,0.7],[-3.2,0.401]],"v":[[-6.05,0.85],[-0.15,-1.451],[6.05,-0.15],[0.15,1.25]],"c":true},"ix":2},"nm":"Trazado 1","mn":"ADBE Vector Shape - Group","hd":false},{"ty":"fl","c":{"a":0,"k":[0.764999988032,0.596000043084,0.368999974868,1],"ix":4},"o":{"a":0,"k":100,"ix":5},"r":1,"bm":0,"nm":"Relleno 1","mn":"ADBE Vector Graphic - Fill","hd":false},{"ty":"tr","p":{"a":0,"k":[48.6,99],"ix":2},"a":{"a":0,"k":[0,0],"ix":1},"s":{"a":0,"k":[100,100],"ix":3},"r":{"a":0,"k":0,"ix":6},"o":{"a":0,"k":100,"ix":7},"sk":{"a":0,"k":0,"ix":4},"sa":{"a":0,"k":0,"ix":5},"nm":"Transformar"}],"nm":"Grupo 20","np":2,"cix":2,"bm":0,"ix":20,"mn":"ADBE Vector Group","hd":false},{"ty":"gr","it":[{"ind":0,"ty":"sh","ix":1,"ks":{"a":0,"k":{"i":[[-0.1,0.8],[-3.4,-0.8],[0.2,-0.6],[3.2,0.7]],"o":[[0.1,-0.8],[3.4,0.9],[-0.3,0.6],[-3.2,-0.7]],"v":[[-6,-1.25],[0.4,-1.55],[5.9,1.75],[-0.2,1.15]],"c":true},"ix":2},"nm":"Trazado 1","mn":"ADBE Vector Shape - Group","hd":false},{"ty":"fl","c":{"a":0,"k":[0.764999988032,0.596000043084,0.368999974868,1],"ix":4},"o":{"a":0,"k":100,"ix":5},"r":1,"bm":0,"nm":"Relleno 1","mn":"ADBE Vector Graphic - Fill","hd":false},{"ty":"tr","p":{"a":0,"k":[53.65,79.1],"ix":2},"a":{"a":0,"k":[0,0],"ix":1},"s":{"a":0,"k":[100,100],"ix":3},"r":{"a":0,"k":0,"ix":6},"o":{"a":0,"k":100,"ix":7},"sk":{"a":0,"k":0,"ix":4},"sa":{"a":0,"k":0,"ix":5},"nm":"Transformar"}],"nm":"Grupo 21","np":2,"cix":2,"bm":0,"ix":21,"mn":"ADBE Vector Group","hd":false},{"ty":"gr","it":[{"ind":0,"ty":"sh","ix":1,"ks":{"a":0,"k":{"i":[[-0.5,0.7],[-2.5,-2.3],[0.5,-0.3],[2.6,2]],"o":[[0.5,-0.7],[2.5,2.4],[-0.5,0.4],[-2.5,-2]],"v":[[-4.55,-3.85],[1.25,-1.25],[4.55,4.15],[-0.55,0.75]],"c":true},"ix":2},"nm":"Trazado 1","mn":"ADBE Vector Shape - Group","hd":false},{"ty":"fl","c":{"a":0,"k":[0.764999988032,0.596000043084,0.368999974868,1],"ix":4},"o":{"a":0,"k":100,"ix":5},"r":1,"bm":0,"nm":"Relleno 1","mn":"ADBE Vector Graphic - Fill","hd":false},{"ty":"tr","p":{"a":0,"k":[65.5,62.5],"ix":2},"a":{"a":0,"k":[0,0],"ix":1},"s":{"a":0,"k":[100,100],"ix":3},"r":{"a":0,"k":0,"ix":6},"o":{"a":0,"k":100,"ix":7},"sk":{"a":0,"k":0,"ix":4},"sa":{"a":0,"k":0,"ix":5},"nm":"Transformar"}],"nm":"Grupo 22","np":2,"cix":2,"bm":0,"ix":22,"mn":"ADBE Vector Group","hd":false},{"ty":"gr","it":[{"ind":0,"ty":"sh","ix":1,"ks":{"a":0,"k":{"i":[[-0.9,0.2],[-0.7,-1],[-0.3,-1.7],[0.2,-1.2],[0.3,0.1],[0.3,1],[0.4,1.6]],"o":[[0.4,-0.1],[0.6,1],[0.3,1.7],[-0.2,1.1],[-0.3,0],[-0.3,-1],[-1,-3.2]],"v":[[-1.3,-5.95],[0.4,-4.55],[1.9,-0.35],[1.8,4.15],[1.1,5.95],[0.3,4.25],[-0.8,0.25]],"c":true},"ix":2},"nm":"Trazado 1","mn":"ADBE Vector Shape - Group","hd":false},{"ty":"fl","c":{"a":0,"k":[0.764999988032,0.596000043084,0.368999974868,1],"ix":4},"o":{"a":0,"k":100,"ix":5},"r":1,"bm":0,"nm":"Relleno 1","mn":"ADBE Vector Graphic - Fill","hd":false},{"ty":"tr","p":{"a":0,"k":[84.65,55.3],"ix":2},"a":{"a":0,"k":[0,0],"ix":1},"s":{"a":0,"k":[100,100],"ix":3},"r":{"a":0,"k":0,"ix":6},"o":{"a":0,"k":100,"ix":7},"sk":{"a":0,"k":0,"ix":4},"sa":{"a":0,"k":0,"ix":5},"nm":"Transformar"}],"nm":"Grupo 23","np":2,"cix":2,"bm":0,"ix":23,"mn":"ADBE Vector Group","hd":false},{"ty":"gr","it":[{"ind":0,"ty":"sh","ix":1,"ks":{"a":0,"k":{"i":[[-0.899,-0.4],[1.799,-2.9],[0.401,0.4],[-1.5,2.8]],"o":[[0.801,0.3],[-1.9,2.9],[-0.5,-0.4],[1.4,-2.9]],"v":[[2.9,-5.25],[1.501,0.95],[-3.201,5.25],[-0.9,-0.35]],"c":true},"ix":2},"nm":"Trazado 1","mn":"ADBE Vector Shape - Group","hd":false},{"ty":"fl","c":{"a":0,"k":[0.764999988032,0.596000043084,0.368999974868,1],"ix":4},"o":{"a":0,"k":100,"ix":5},"r":1,"bm":0,"nm":"Relleno 1","mn":"ADBE Vector Graphic - Fill","hd":false},{"ty":"tr","p":{"a":0,"k":[103.75,62.4],"ix":2},"a":{"a":0,"k":[0,0],"ix":1},"s":{"a":0,"k":[100,100],"ix":3},"r":{"a":0,"k":0,"ix":6},"o":{"a":0,"k":100,"ix":7},"sk":{"a":0,"k":0,"ix":4},"sa":{"a":0,"k":0,"ix":5},"nm":"Transformar"}],"nm":"Grupo 24","np":2,"cix":2,"bm":0,"ix":24,"mn":"ADBE Vector Group","hd":false},{"ty":"gr","it":[{"ind":0,"ty":"sh","ix":1,"ks":{"a":0,"k":{"i":[[-0.1,-0.4],[1,-0.6],[1.7,-0.3],[1.2,0.1],[-0.1,0.3],[-3.1,0.8],[-1.2,0.2]],"o":[[0.1,0.4],[-1,0.6],[-1.7,0.3],[-1.1,-0.2],[0.1,-0.5],[1.6,-0.4],[1.1,-0.2]],"v":[[5.95,-1.45],[4.55,0.25],[0.35,1.75],[-4.15,1.75],[-5.95,1.05],[-0.25,-0.85],[3.95,-1.85]],"c":true},"ix":2},"nm":"Trazado 1","mn":"ADBE Vector Shape - Group","hd":false},{"ty":"fl","c":{"a":0,"k":[0.764999988032,0.596000043084,0.368999974868,1],"ix":4},"o":{"a":0,"k":100,"ix":5},"r":1,"bm":0,"nm":"Relleno 1","mn":"ADBE Vector Graphic - Fill","hd":false},{"ty":"tr","p":{"a":0,"k":[113.6,80],"ix":2},"a":{"a":0,"k":[0,0],"ix":1},"s":{"a":0,"k":[100,100],"ix":3},"r":{"a":0,"k":0,"ix":6},"o":{"a":0,"k":100,"ix":7},"sk":{"a":0,"k":0,"ix":4},"sa":{"a":0,"k":0,"ix":5},"nm":"Transformar"}],"nm":"Grupo 25","np":2,"cix":2,"bm":0,"ix":25,"mn":"ADBE Vector Group","hd":false},{"ty":"gr","it":[{"ind":0,"ty":"sh","ix":1,"ks":{"a":0,"k":{"i":[[0.8,-0.7],[1,0.6],[0.901,1.5],[0.2,1.1],[-0.201,0],[-2.1,-2.5]],"o":[[-0.4,0.3],[-1,-0.7],[-0.899,-1.5],[-0.199,-1.1],[0.399,-0.1],[2.101,2.4]],"v":[[3.151,4.85],[0.85,4.35],[-2.15,1.05],[-3.65,-3.15],[-3.749,-5.05],[0.15,-0.45]],"c":true},"ix":2},"nm":"Trazado 1","mn":"ADBE Vector Shape - Group","hd":false},{"ty":"fl","c":{"a":0,"k":[0.764999988032,0.596000043084,0.368999974868,1],"ix":4},"o":{"a":0,"k":100,"ix":5},"r":1,"bm":0,"nm":"Relleno 1","mn":"ADBE Vector Graphic - Fill","hd":false},{"ty":"tr","p":{"a":0,"k":[104.8,97.1],"ix":2},"a":{"a":0,"k":[0,0],"ix":1},"s":{"a":0,"k":[100,100],"ix":3},"r":{"a":0,"k":0,"ix":6},"o":{"a":0,"k":100,"ix":7},"sk":{"a":0,"k":0,"ix":4},"sa":{"a":0,"k":0,"ix":5},"nm":"Transformar"}],"nm":"Grupo 26","np":2,"cix":2,"bm":0,"ix":26,"mn":"ADBE Vector Group","hd":false},{"ty":"gr","it":[{"ind":0,"ty":"sh","ix":1,"ks":{"a":0,"k":{"i":[[0,-0.1],[-2,-1.4],[-1.4,-1.2],[-0.701,-0.7],[-0.799,-0.9],[-2.8,-5.9],[-1.101,-3.5],[-0.699,-4.1],[-0.3,-4.6],[0.5,-4.7],[2,-4.6],[3,-4.5],[4.5,-3.199],[0.599,-0.4],[0,0],[0,0],[0.7,-0.2],[0.699,-0.2],[0.8,-0.099],[1.5,-0.101],[6,0.901],[5.199,3.2],[2.3,5.5],[-0.099,5.901],[-1.6,5.4],[-3.1,4.4],[-4.401,2.5],[-2.3,0.6],[-2.301,0.2],[-2.2,-0.6],[-0.5,-0.1],[0,0],[0,0],[-0.5,-0.3],[-0.5,-0.3],[-2.6,-3.1],[-0.5,-3.6],[1.1,-3],[2.2,-1.7],[2.2,-0.3],[1.7,0.5],[1,0.7],[0,-0.1],[-0.4,-0.4],[-0.4,-0.3],[-0.5,-0.4],[-1.8,-0.6],[-2.4,0.2],[-2.4,1.8],[-1.3,3.2],[0.6,3.9],[2.7,3.3],[4.1,2.2],[0.6,0.2],[0.5,0.2],[0,0],[0,0],[0.5,0.2],[2.6,0],[2.601,-0.7],[2.399,-1.3],[3.301,-4.6],[1.7,-5.7],[0.2,-6.1],[-0.4,-3.099],[-1.201,-3],[-5.6,-3.5],[-6.299,-0.799],[-6.1,0.7],[-1.5,0.3],[-0.7,0.101],[-0.7,0.201],[-0.699,0.3],[-0.7,0.3],[-0.7,0.3],[-0.599,0.401],[-3.101,4.701],[-2.3,4.8],[-0.5,4.999],[0.3,4.5],[0.8,4.2],[1.1,3.6],[1.5,3],[3.299,3.4],[0.799,0.6],[0.701,0.6],[1,0.7]],"o":[[0,0.1],[1,0.7],[0.699,0.6],[0.799,0.7],[3.101,3.4],[1.401,3],[1.1,3.6],[0.7,4.1],[0.299,4.5],[-0.5,4.8],[-2.3,4.699],[-3,4.5],[-0.601,0.401],[0,0],[0,0],[-0.6,0.301],[-0.6,0.2],[-0.7,0.2],[-1.401,0.301],[-5.899,0.7],[-6,-0.799],[-5.2,-3.3],[-2.301,-5.5],[0.101,-5.899],[1.6,-5.4],[3,-4.4],[2.2,-1.3],[2.4,-0.6],[2.3,-0.1],[0.5,0.2],[0,0],[0,0],[0.5,0.2],[0.5,0.3],[3.9,2.1],[2.6,3.1],[0.6,3.6],[-1.1,3],[-2.2,1.7],[-2.2,0.3],[-1.7,-0.5],[-2.1,-1.2],[0,0],[0.2,0.2],[0.4,0.3],[1,0.7],[1.7,0.6],[2.4,-0.3],[2.4,-1.7],[1.3,-3.2],[-0.5,-3.9],[-2.7,-3.3],[-0.5,-0.3],[-0.5,-0.2],[0,0],[0,0],[-0.601,-0.2],[-2.4,-0.7],[-2.5,0.1],[-2.599,0.7],[-4.8,2.7],[-3.299,4.7],[-1.7,5.7],[-0.1,3.1],[0.4,3.101],[2.4,6],[5.6,3.6],[6.301,0.901],[1.5,-0.2],[0.7,-0.1],[0.7,-0.099],[0.699,-0.199],[0.7,-0.301],[0.7,-0.401],[0.7,-0.4],[4.901,-3.599],[3.099,-4.699],[2.2,-4.9],[0.5,-5],[-0.301,-4.6],[-0.799,-4.2],[-1.2,-3.6],[-3,-6],[-0.9,-0.8],[-0.8,-0.7],[-1.5,-1.1],[-2,-1.6]],"v":[[16.25,-60.6],[19.25,-58.3],[22.75,-55.4],[24.85,-53.4],[27.149,-51],[36.449,-37],[40.25,-27.2],[42.949,-15.7],[44.35,-2.7],[44.25,11.3],[40.449,25.6],[32.75,39.6],[21.75,51.799],[20.05,53],[18.25,54],[16.35,54.799],[14.35,55.4],[12.25,55.9],[10.05,56.299],[5.649,56.9],[-12.351,56.799],[-29.55,50.9],[-41.05,37.299],[-43.851,19.799],[-41.15,2.7],[-34.15,-12.3],[-22.95,-23],[-16.15,-25.9],[-9.05,-27.1],[-2.25,-26.3],[-0.65,-25.8],[0.15,-25.5],[0.95,-25.2],[2.45,-24.5],[3.95,-23.7],[13.75,-15.7],[18.65,-5.5],[17.75,4.6],[12.55,11.7],[5.75,14.6],[-0.25,14.2],[-4.35,12.4],[-7.45,10.4],[-6.85,11.1],[-5.95,11.9],[-4.65,12.9],[-0.45,15],[5.85,15.7],[13.35,12.8],[19.15,5.3],[20.35,-5.6],[15.25,-16.7],[4.95,-25.3],[3.35,-26.1],[1.75,-26.8],[0.949,-27.2],[0.05,-27.5],[-1.65,-28.1],[-9.15,-29.1],[-16.851,-27.9],[-24.25,-24.8],[-36.351,-13.5],[-43.75,2.2],[-46.65,20],[-46.15,29.299],[-43.65,38.6],[-31.15,53.5],[-12.851,59.799],[5.85,59.9],[10.35,59.2],[12.55,58.799],[14.75,58.299],[16.949,57.6],[19.05,56.7],[21.05,55.6],[22.949,54.299],[34.55,41.299],[42.35,26.9],[46.25,11.8],[46.25,-2.6],[44.649,-15.8],[41.75,-27.5],[37.649,-37.5],[27.75,-51.6],[25.35,-53.9],[23.149,-55.8],[19.449,-58.5]],"c":true},"ix":2},"nm":"Trazado 1","mn":"ADBE Vector Shape - Group","hd":false},{"ty":"fl","c":{"a":0,"k":[0.764999988032,0.596000043084,0.368999974868,1],"ix":4},"o":{"a":0,"k":100,"ix":5},"r":1,"bm":0,"nm":"Relleno 1","mn":"ADBE Vector Graphic - Fill","hd":false},{"ty":"tr","p":{"a":0,"k":[93.7,83.55],"ix":2},"a":{"a":0,"k":[0,0],"ix":1},"s":{"a":0,"k":[100,100],"ix":3},"r":{"a":0,"k":0,"ix":6},"o":{"a":0,"k":100,"ix":7},"sk":{"a":0,"k":0,"ix":4},"sa":{"a":0,"k":0,"ix":5},"nm":"Transformar"}],"nm":"Grupo 27","np":2,"cix":2,"bm":0,"ix":27,"mn":"ADBE Vector Group","hd":false},{"ty":"gr","it":[{"ind":0,"ty":"sh","ix":1,"ks":{"a":0,"k":{"i":[[0,0],[-8.2,4.1],[-7.2,11.301],[8.7,25.1],[3.6,3.6],[2.5,-14.3],[4.7,-10.7],[23.6,-6.099]],"o":[[9.7,3.1],[12.3,-6.7],[14.4,-23.099],[-1.5,-4.1],[-0.5,13.9],[-1.5,11.299],[-10.8,21.5],[0,0]],"v":[[-36.75,65.15],[-1.35,51.85],[24.85,22.049],[31.05,-56.45],[24.35,-68.25],[30.55,-27.25],[20.25,9.65],[-39.75,66.049]],"c":false},"ix":2},"nm":"Trazado 1","mn":"ADBE Vector Shape - Group","hd":false},{"ty":"fl","c":{"a":0,"k":[0.811999990426,0.709999952129,0.569000004787,1],"ix":4},"o":{"a":0,"k":100,"ix":5},"r":1,"bm":0,"nm":"Relleno 1","mn":"ADBE Vector Graphic - Fill","hd":false},{"ty":"tr","p":{"a":0,"k":[137.4,116.3],"ix":2},"a":{"a":0,"k":[0,0],"ix":1},"s":{"a":0,"k":[100,100],"ix":3},"r":{"a":0,"k":0,"ix":6},"o":{"a":0,"k":100,"ix":7},"sk":{"a":0,"k":0,"ix":4},"sa":{"a":0,"k":0,"ix":5},"nm":"Transformar"}],"nm":"Grupo 28","np":2,"cix":2,"bm":0,"ix":28,"mn":"ADBE Vector Group","hd":false},{"ty":"gr","it":[{"ind":0,"ty":"sh","ix":1,"ks":{"a":0,"k":{"i":[[0,0],[-4.1,3.1],[8.7,7.7],[2.6,-8.8],[5.6,-2]],"o":[[-2.1,7.7],[14.9,-10.3],[2.6,6.7],[-2.1,5.6],[0,0]],"v":[[-15.1,11.3],[2.3,14.9],[-6.9,-19],[0.8,3.1],[-15.1,15.4]],"c":false},"ix":2},"nm":"Trazado 1","mn":"ADBE Vector Shape - Group","hd":false},{"ty":"fl","c":{"a":0,"k":[0.811999990426,0.709999952129,0.569000004787,1],"ix":4},"o":{"a":0,"k":100,"ix":5},"r":1,"bm":0,"nm":"Relleno 1","mn":"ADBE Vector Graphic - Fill","hd":false},{"ty":"tr","p":{"a":0,"k":[100.95,81.35],"ix":2},"a":{"a":0,"k":[0,0],"ix":1},"s":{"a":0,"k":[100,100],"ix":3},"r":{"a":0,"k":0,"ix":6},"o":{"a":0,"k":100,"ix":7},"sk":{"a":0,"k":0,"ix":4},"sa":{"a":0,"k":0,"ix":5},"nm":"Transformar"}],"nm":"Grupo 29","np":2,"cix":2,"bm":0,"ix":29,"mn":"ADBE Vector Group","hd":false},{"ty":"gr","it":[{"ind":0,"ty":"sh","ix":1,"ks":{"a":0,"k":{"i":[[0,0],[-16.4,0],[-8.2,4.599],[-1,11.8],[6.2,11.8],[4.1,-11.8],[10.299,-6.2],[5.1,24.2]],"o":[[1.5,17.399],[9.7,0],[10.8,-7.201],[1,-12.8],[-1.5,12.3],[-4.1,11.299],[-15.4,8.701],[0,0]],"v":[[-42.65,10.75],[-4.15,41.55],[27.65,31.85],[42.55,0.05],[38.45,-41.55],[36.95,-8.15],[13.85,22.649],[-44.65,12.35]],"c":false},"ix":2},"nm":"Trazado 1","mn":"ADBE Vector Shape - Group","hd":false},{"ty":"fl","c":{"a":0,"k":[0.811999990426,0.709999952129,0.569000004787,1],"ix":4},"o":{"a":0,"k":100,"ix":5},"r":1,"bm":0,"nm":"Relleno 1","mn":"ADBE Vector Graphic - Fill","hd":false},{"ty":"tr","p":{"a":0,"k":[92.6,98.9],"ix":2},"a":{"a":0,"k":[0,0],"ix":1},"s":{"a":0,"k":[100,100],"ix":3},"r":{"a":0,"k":0,"ix":6},"o":{"a":0,"k":100,"ix":7},"sk":{"a":0,"k":0,"ix":4},"sa":{"a":0,"k":0,"ix":5},"nm":"Transformar"}],"nm":"Grupo 30","np":2,"cix":2,"bm":0,"ix":30,"mn":"ADBE Vector Group","hd":false},{"ty":"gr","it":[{"ind":0,"ty":"sh","ix":1,"ks":{"a":0,"k":{"i":[[0.899,7.6],[0,0],[0,0],[8.5,-44.2],[-46.9,-9],[-8.5,44.2]],"o":[[-3.601,-70.8],[0,0],[-46.9,-9],[-8.4,44.1],[46.899,9],[1.5,-7.8]],"v":[[85.535,-1.15],[19.035,-94.75],[15.135,-74.05],[-85.065,-10.35],[-15.465,85.75],[84.735,22.05]],"c":true},"ix":2},"nm":"Trazado 1","mn":"ADBE Vector Shape - Group","hd":false},{"ty":"fl","c":{"a":0,"k":[0.964999988032,0.885999971278,0.776000019148,1],"ix":4},"o":{"a":0,"k":100,"ix":5},"r":1,"bm":0,"nm":"Relleno 1","mn":"ADBE Vector Graphic - Fill","hd":false},{"ty":"tr","p":{"a":0,"k":[93.715,95],"ix":2},"a":{"a":0,"k":[0,0],"ix":1},"s":{"a":0,"k":[100,100],"ix":3},"r":{"a":0,"k":0,"ix":6},"o":{"a":0,"k":100,"ix":7},"sk":{"a":0,"k":0,"ix":4},"sa":{"a":0,"k":0,"ix":5},"nm":"Transformar"}],"nm":"Grupo 31","np":4,"cix":2,"bm":0,"ix":31,"mn":"ADBE Vector Group","hd":false},{"ty":"gr","it":[{"ind":0,"ty":"sh","ix":1,"ks":{"a":0,"k":{"i":[[46.399,8.8],[4.5,0.1],[11.6,-9.1],[17.899,-0.4],[4.7,0.7],[1.8,-9.8],[-46.399,-8.9],[-9.4,49.4]],"o":[[-4.601,-0.9],[6.801,13.2],[-15.7,12.3],[-3.7,0.1],[-4.4,8.3],[-9.4,49.4],[46.401,8.9],[9.399,-49.4]],"v":[[20.839,-93.2],[7.038,-94.6],[-4.661,-55.8],[-56.861,-47],[-70.562,-47.1],[-80.161,-19.8],[-13.263,85.7],[87.839,12.3]],"c":true},"ix":2},"nm":"Trazado 1","mn":"ADBE Vector Shape - Group","hd":false},{"ty":"fl","c":{"a":0,"k":[0.764999988032,0.596000043084,0.368999974868,1],"ix":4},"o":{"a":0,"k":100,"ix":5},"r":1,"bm":0,"nm":"Relleno 1","mn":"ADBE Vector Graphic - Fill","hd":false},{"ty":"tr","p":{"a":0,"k":[104.612,95.95],"ix":2},"a":{"a":0,"k":[0,0],"ix":1},"s":{"a":0,"k":[100,100],"ix":3},"r":{"a":0,"k":0,"ix":6},"o":{"a":0,"k":100,"ix":7},"sk":{"a":0,"k":0,"ix":4},"sa":{"a":0,"k":0,"ix":5},"nm":"Transformar"}],"nm":"Grupo 32","np":4,"cix":2,"bm":0,"ix":32,"mn":"ADBE Vector Group","hd":false}],"ip":0,"op":82,"st":0,"bm":0},{"ddd":0,"ind":2,"ty":4,"nm":"caracol contornos","sr":1,"ks":{"o":{"a":0,"k":100,"ix":11},"r":{"a":0,"k":0,"ix":10},"p":{"a":1,"k":[{"i":{"x":0.667,"y":1},"o":{"x":0.333,"y":0},"t":1,"s":[90.113,207.887,0],"to":[0,-20.5,0],"ti":[0,20.5,0]},{"i":{"x":0.667,"y":0.667},"o":{"x":0.167,"y":0.167},"t":30,"s":[90.113,84.887,0],"to":[0,0,0],"ti":[0,0,0]},{"i":{"x":0.833,"y":1},"o":{"x":0.167,"y":0},"t":44,"s":[90.113,84.887,0],"to":[0,20.5,0],"ti":[0,-20.5,0]},{"t":74,"s":[90.113,207.887,0]}],"ix":2},"a":{"a":0,"k":[35.536,64.429,0],"ix":1},"s":{"a":0,"k":[100,100,100],"ix":6}},"ao":0,"shapes":[{"ty":"gr","it":[{"ind":0,"ty":"sh","ix":1,"ks":{"a":0,"k":{"i":[[0,-0.481],[1.087,0],[0,0.481],[-1.087,0]],"o":[[0,0.481],[-1.087,0],[0,-0.481],[1.087,0]],"v":[[1.969,0],[0,0.872],[-1.969,0],[0,-0.872]],"c":true},"ix":2},"nm":"Trazado 1","mn":"ADBE Vector Shape - Group","hd":false},{"ty":"fl","c":{"a":0,"k":[1,1,1,1],"ix":4},"o":{"a":0,"k":100,"ix":5},"r":1,"bm":0,"nm":"Relleno 1","mn":"ADBE Vector Graphic - Fill","hd":false},{"ty":"tr","p":{"a":0,"k":[56.005,23.783],"ix":2},"a":{"a":0,"k":[0,0],"ix":1},"s":{"a":0,"k":[100,100],"ix":3},"r":{"a":0,"k":0,"ix":6},"o":{"a":0,"k":100,"ix":7},"sk":{"a":0,"k":0,"ix":4},"sa":{"a":0,"k":0,"ix":5},"nm":"Transformar"}],"nm":"Grupo 1","np":2,"cix":2,"bm":0,"ix":1,"mn":"ADBE Vector Group","hd":false},{"ty":"gr","it":[{"ind":0,"ty":"sh","ix":1,"ks":{"a":0,"k":{"i":[[0,-0.963],[2.174,0],[0,0.963],[-2.174,0]],"o":[[0,0.963],[-2.174,0],[0,-0.963],[2.174,0]],"v":[[3.937,0],[0,1.744],[-3.937,0],[0,-1.744]],"c":true},"ix":2},"nm":"Trazado 1","mn":"ADBE Vector Shape - Group","hd":false},{"ty":"fl","c":{"a":0,"k":[0.238999998803,0.231000010173,0.211999990426,1],"ix":4},"o":{"a":0,"k":100,"ix":5},"r":1,"bm":0,"nm":"Relleno 1","mn":"ADBE Vector Graphic - Fill","hd":false},{"ty":"tr","p":{"a":0,"k":[57.348,22.783],"ix":2},"a":{"a":0,"k":[0,0],"ix":1},"s":{"a":0,"k":[100,100],"ix":3},"r":{"a":0,"k":0,"ix":6},"o":{"a":0,"k":100,"ix":7},"sk":{"a":0,"k":0,"ix":4},"sa":{"a":0,"k":0,"ix":5},"nm":"Transformar"}],"nm":"Grupo 2","np":2,"cix":2,"bm":0,"ix":2,"mn":"ADBE Vector Group","hd":false},{"ty":"gr","it":[{"ind":0,"ty":"sh","ix":1,"ks":{"a":0,"k":{"i":[[0.956,1.741],[-1.432,1.259],[0.274,-0.151],[-1.105,-2.015],[-2.014,1.105],[-0.225,0.198]],"o":[[-0.955,-1.74],[-0.288,0.084],[-2.014,1.105],[1.106,2.014],[0.274,-0.15],[-1.831,0.532]],"v":[[-1.054,0.749],[-0.156,-4.374],[-1.001,-4.026],[-2.645,1.624],[3.004,3.268],[3.751,2.741]],"c":true},"ix":2},"nm":"Trazado 1","mn":"ADBE Vector Shape - Group","hd":false},{"ty":"fl","c":{"a":0,"k":[0.816000007181,0.769000004787,0.647000002394,1],"ix":4},"o":{"a":0,"k":100,"ix":5},"r":1,"bm":0,"nm":"Relleno 1","mn":"ADBE Vector Graphic - Fill","hd":false},{"ty":"tr","p":{"a":0,"k":[14.982,5.381],"ix":2},"a":{"a":0,"k":[0,0],"ix":1},"s":{"a":0,"k":[100,100],"ix":3},"r":{"a":0,"k":0,"ix":6},"o":{"a":0,"k":100,"ix":7},"sk":{"a":0,"k":0,"ix":4},"sa":{"a":0,"k":0,"ix":5},"nm":"Transformar"}],"nm":"Grupo 3","np":2,"cix":2,"bm":0,"ix":3,"mn":"ADBE Vector Group","hd":false},{"ty":"gr","it":[{"ind":0,"ty":"sh","ix":1,"ks":{"a":0,"k":{"i":[[2.014,-1.105],[-1.105,-2.014],[-2.014,1.105],[1.106,2.014]],"o":[[-2.014,1.105],[1.106,2.014],[2.014,-1.106],[-1.106,-2.014]],"v":[[-2.003,-3.647],[-3.648,2.002],[2.001,3.647],[3.646,-2.002]],"c":true},"ix":2},"nm":"Trazado 1","mn":"ADBE Vector Shape - Group","hd":false},{"ty":"fl","c":{"a":0,"k":[0.776000019148,0.728999956916,0.620000023935,1],"ix":4},"o":{"a":0,"k":100,"ix":5},"r":1,"bm":0,"nm":"Relleno 1","mn":"ADBE Vector Graphic - Fill","hd":false},{"ty":"tr","p":{"a":0,"k":[15.984,5.002],"ix":2},"a":{"a":0,"k":[0,0],"ix":1},"s":{"a":0,"k":[100,100],"ix":3},"r":{"a":0,"k":0,"ix":6},"o":{"a":0,"k":100,"ix":7},"sk":{"a":0,"k":0,"ix":4},"sa":{"a":0,"k":0,"ix":5},"nm":"Transformar"}],"nm":"Grupo 4","np":2,"cix":2,"bm":0,"ix":4,"mn":"ADBE Vector Group","hd":false},{"ty":"gr","it":[{"ind":0,"ty":"sh","ix":1,"ks":{"a":0,"k":{"i":[[0.179,0.351],[0.205,0.207],[0.537,0.435],[0.687,0.544],[3.576,2.83],[3.364,3.002],[-0.795,0.815],[-0.406,-0.203],[-3.081,-2.079],[-4.13,-2.504],[-1.86,-0.889],[-0.77,-0.272],[-1.477,0.231],[-0.325,0.011],[-0.239,-0.221],[0.024,-0.14],[0.054,-0.071],[0.713,-0.592],[0.63,-0.538],[0.888,-1.069],[0.203,-0.057],[0.157,0.494]],"o":[[-0.104,-0.204],[-0.485,-0.492],[-0.681,-0.552],[-3.575,-2.83],[-3.535,-2.797],[-0.44,-0.394],[0.453,-0.465],[3.333,1.667],[4.003,2.7],[1.76,1.068],[0.735,0.351],[1.31,0.463],[0.322,-0.05],[0.326,-0.011],[0.104,0.097],[-0.016,0.087],[-0.559,0.735],[-0.64,0.531],[-1.058,0.903],[-0.135,0.163],[-0.499,0.138],[-0.149,-0.469]],"v":[[10.862,11.85],[10.415,11.243],[8.913,9.837],[6.861,8.195],[-3.9,-0.251],[-14.34,-8.859],[-18.277,-13.57],[-16.103,-13.036],[-6.616,-7.028],[5.506,0.909],[10.915,3.902],[13.169,4.855],[17.01,5.764],[17.975,5.618],[18.885,5.9],[19.049,6.275],[18.924,6.507],[17.021,8.559],[14.952,9.941],[12.876,13.523],[12.376,13.896],[11.268,13.038]],"c":true},"ix":2},"nm":"Trazado 1","mn":"ADBE Vector Shape - Group","hd":false},{"ty":"fl","c":{"a":0,"k":[0.776000019148,0.728999956916,0.620000023935,1],"ix":4},"o":{"a":0,"k":100,"ix":5},"r":1,"bm":0,"nm":"Relleno 1","mn":"ADBE Vector Graphic - Fill","hd":false},{"ty":"tr","p":{"a":0,"k":[34.359,18.715],"ix":2},"a":{"a":0,"k":[0,0],"ix":1},"s":{"a":0,"k":[100,100],"ix":3},"r":{"a":0,"k":0,"ix":6},"o":{"a":0,"k":100,"ix":7},"sk":{"a":0,"k":0,"ix":4},"sa":{"a":0,"k":0,"ix":5},"nm":"Transformar"}],"nm":"Grupo 5","np":2,"cix":2,"bm":0,"ix":5,"mn":"ADBE Vector Group","hd":false},{"ty":"gr","it":[{"ind":0,"ty":"sh","ix":1,"ks":{"a":0,"k":{"i":[[0.956,1.741],[-1.432,1.259],[0.274,-0.151],[-1.105,-2.015],[-2.014,1.105],[-0.224,0.198]],"o":[[-0.956,-1.74],[-0.288,0.084],[-2.014,1.105],[1.106,2.014],[0.274,-0.151],[-1.83,0.532]],"v":[[-1.054,0.749],[-0.155,-4.374],[-1,-4.026],[-2.645,1.624],[3.004,3.269],[3.75,2.742]],"c":true},"ix":2},"nm":"Trazado 1","mn":"ADBE Vector Shape - Group","hd":false},{"ty":"fl","c":{"a":0,"k":[0.816000007181,0.769000004787,0.647000002394,1],"ix":4},"o":{"a":0,"k":100,"ix":5},"r":1,"bm":0,"nm":"Relleno 1","mn":"ADBE Vector Graphic - Fill","hd":false},{"ty":"tr","p":{"a":0,"k":[4,21.334],"ix":2},"a":{"a":0,"k":[0,0],"ix":1},"s":{"a":0,"k":[100,100],"ix":3},"r":{"a":0,"k":0,"ix":6},"o":{"a":0,"k":100,"ix":7},"sk":{"a":0,"k":0,"ix":4},"sa":{"a":0,"k":0,"ix":5},"nm":"Transformar"}],"nm":"Grupo 6","np":2,"cix":2,"bm":0,"ix":6,"mn":"ADBE Vector Group","hd":false},{"ty":"gr","it":[{"ind":0,"ty":"sh","ix":1,"ks":{"a":0,"k":{"i":[[2.014,-1.106],[-1.105,-2.014],[-2.014,1.105],[1.105,2.014]],"o":[[-2.014,1.105],[1.105,2.014],[2.014,-1.106],[-1.106,-2.014]],"v":[[-2.002,-3.647],[-3.647,2.002],[2.002,3.647],[3.647,-2.002]],"c":true},"ix":2},"nm":"Trazado 1","mn":"ADBE Vector Shape - Group","hd":false},{"ty":"fl","c":{"a":0,"k":[0.776000019148,0.728999956916,0.620000023935,1],"ix":4},"o":{"a":0,"k":100,"ix":5},"r":1,"bm":0,"nm":"Relleno 1","mn":"ADBE Vector Graphic - Fill","hd":false},{"ty":"tr","p":{"a":0,"k":[5.002,20.955],"ix":2},"a":{"a":0,"k":[0,0],"ix":1},"s":{"a":0,"k":[100,100],"ix":3},"r":{"a":0,"k":0,"ix":6},"o":{"a":0,"k":100,"ix":7},"sk":{"a":0,"k":0,"ix":4},"sa":{"a":0,"k":0,"ix":5},"nm":"Transformar"}],"nm":"Grupo 7","np":2,"cix":2,"bm":0,"ix":7,"mn":"ADBE Vector Group","hd":false},{"ty":"gr","it":[{"ind":0,"ty":"sh","ix":1,"ks":{"a":0,"k":{"i":[[0,0],[-0.718,2.465],[-8.8,0.689]],"o":[[-7.974,-5.414],[0.718,-2.465],[8.8,-0.688]],"v":[[14.823,8.843],[-23.386,-6.378],[15.304,0.341]],"c":true},"ix":2},"nm":"Trazado 1","mn":"ADBE Vector Shape - Group","hd":false},{"ty":"fl","c":{"a":0,"k":[0.776000019148,0.728999956916,0.620000023935,1],"ix":4},"o":{"a":0,"k":100,"ix":5},"r":1,"bm":0,"nm":"Relleno 1","mn":"ADBE Vector Graphic - Fill","hd":false},{"ty":"tr","p":{"a":0,"k":[28.388,27.333],"ix":2},"a":{"a":0,"k":[0,0],"ix":1},"s":{"a":0,"k":[100,100],"ix":3},"r":{"a":0,"k":0,"ix":6},"o":{"a":0,"k":100,"ix":7},"sk":{"a":0,"k":0,"ix":4},"sa":{"a":0,"k":0,"ix":5},"nm":"Transformar"}],"nm":"Grupo 8","np":2,"cix":2,"bm":0,"ix":8,"mn":"ADBE Vector Group","hd":false},{"ty":"gr","it":[{"ind":0,"ty":"sh","ix":1,"ks":{"a":0,"k":{"i":[[0.421,0.079],[-0.401,-0.141]],"o":[[0.421,0.079],[-0.401,-0.141]],"v":[[-0.62,-0.16],[0.62,0.16]],"c":true},"ix":2},"nm":"Trazado 1","mn":"ADBE Vector Shape - Group","hd":false},{"ty":"fl","c":{"a":0,"k":[0.776000019148,0.728999956916,0.620000023935,1],"ix":4},"o":{"a":0,"k":100,"ix":5},"r":1,"bm":0,"nm":"Relleno 1","mn":"ADBE Vector Graphic - Fill","hd":false},{"ty":"tr","p":{"a":0,"k":[59.652,15.39],"ix":2},"a":{"a":0,"k":[0,0],"ix":1},"s":{"a":0,"k":[100,100],"ix":3},"r":{"a":0,"k":0,"ix":6},"o":{"a":0,"k":100,"ix":7},"sk":{"a":0,"k":0,"ix":4},"sa":{"a":0,"k":0,"ix":5},"nm":"Transformar"}],"nm":"Grupo 9","np":2,"cix":2,"bm":0,"ix":9,"mn":"ADBE Vector Group","hd":false},{"ty":"gr","it":[{"ind":0,"ty":"sh","ix":1,"ks":{"a":0,"k":{"i":[[0.281,1.649],[-0.199,-1.663]],"o":[[0.281,1.649],[-0.199,-1.663]],"v":[[-0.359,-2.485],[0.359,2.485]],"c":true},"ix":2},"nm":"Trazado 1","mn":"ADBE Vector Shape - Group","hd":false},{"ty":"fl","c":{"a":0,"k":[0.776000019148,0.728999956916,0.620000023935,1],"ix":4},"o":{"a":0,"k":100,"ix":5},"r":1,"bm":0,"nm":"Relleno 1","mn":"ADBE Vector Graphic - Fill","hd":false},{"ty":"tr","p":{"a":0,"k":[69.629,39.969],"ix":2},"a":{"a":0,"k":[0,0],"ix":1},"s":{"a":0,"k":[100,100],"ix":3},"r":{"a":0,"k":0,"ix":6},"o":{"a":0,"k":100,"ix":7},"sk":{"a":0,"k":0,"ix":4},"sa":{"a":0,"k":0,"ix":5},"nm":"Transformar"}],"nm":"Grupo 10","np":2,"cix":2,"bm":0,"ix":10,"mn":"ADBE Vector Group","hd":false},{"ty":"gr","it":[{"ind":0,"ty":"sh","ix":1,"ks":{"a":0,"k":{"i":[[0.294,2.446],[-0.132,-2.464]],"o":[[0.294,2.446],[-0.132,-2.464]],"v":[[-0.316,-3.685],[0.316,3.685]],"c":true},"ix":2},"nm":"Trazado 1","mn":"ADBE Vector Shape - Group","hd":false},{"ty":"fl","c":{"a":0,"k":[0.776000019148,0.728999956916,0.620000023935,1],"ix":4},"o":{"a":0,"k":100,"ix":5},"r":1,"bm":0,"nm":"Relleno 1","mn":"ADBE Vector Graphic - Fill","hd":false},{"ty":"tr","p":{"a":0,"k":[70.305,46.139],"ix":2},"a":{"a":0,"k":[0,0],"ix":1},"s":{"a":0,"k":[100,100],"ix":3},"r":{"a":0,"k":0,"ix":6},"o":{"a":0,"k":100,"ix":7},"sk":{"a":0,"k":0,"ix":4},"sa":{"a":0,"k":0,"ix":5},"nm":"Transformar"}],"nm":"Grupo 11","np":2,"cix":2,"bm":0,"ix":11,"mn":"ADBE Vector Group","hd":false},{"ty":"gr","it":[{"ind":0,"ty":"sh","ix":1,"ks":{"a":0,"k":{"i":[[0.839,2.996],[-0.524,-3.073]],"o":[[0.839,2.996],[-0.524,-3.072]],"v":[[-1.021,-4.555],[1.021,4.555]],"c":true},"ix":2},"nm":"Trazado 1","mn":"ADBE Vector Shape - Group","hd":false},{"ty":"fl","c":{"a":0,"k":[0.776000019148,0.728999956916,0.620000023935,1],"ix":4},"o":{"a":0,"k":100,"ix":5},"r":1,"bm":0,"nm":"Relleno 1","mn":"ADBE Vector Graphic - Fill","hd":false},{"ty":"tr","p":{"a":0,"k":[68.248,32.929],"ix":2},"a":{"a":0,"k":[0,0],"ix":1},"s":{"a":0,"k":[100,100],"ix":3},"r":{"a":0,"k":0,"ix":6},"o":{"a":0,"k":100,"ix":7},"sk":{"a":0,"k":0,"ix":4},"sa":{"a":0,"k":0,"ix":5},"nm":"Transformar"}],"nm":"Grupo 12","np":2,"cix":2,"bm":0,"ix":12,"mn":"ADBE Vector Group","hd":false},{"ty":"gr","it":[{"ind":0,"ty":"sh","ix":1,"ks":{"a":0,"k":{"i":[[-0.439,-1.315],[0.511,1.292],[1.172,1.018],[-0.57,-1.443]],"o":[[-0.439,-1.315],[-0.571,-1.443],[1.172,1.018],[0.512,1.292]],"v":[[1.906,3.926],[0.49,0.013],[-1.906,-3.926],[0.489,0.013]],"c":true},"ix":2},"nm":"Trazado 1","mn":"ADBE Vector Shape - Group","hd":false},{"ty":"fl","c":{"a":0,"k":[0.776000019148,0.728999956916,0.620000023935,1],"ix":4},"o":{"a":0,"k":100,"ix":5},"r":1,"bm":0,"nm":"Relleno 1","mn":"ADBE Vector Graphic - Fill","hd":false},{"ty":"tr","p":{"a":0,"k":[64.135,20.587],"ix":2},"a":{"a":0,"k":[0,0],"ix":1},"s":{"a":0,"k":[100,100],"ix":3},"r":{"a":0,"k":0,"ix":6},"o":{"a":0,"k":100,"ix":7},"sk":{"a":0,"k":0,"ix":4},"sa":{"a":0,"k":0,"ix":5},"nm":"Transformar"}],"nm":"Grupo 13","np":2,"cix":2,"bm":0,"ix":13,"mn":"ADBE Vector Group","hd":false},{"ty":"gr","it":[{"ind":0,"ty":"sh","ix":1,"ks":{"a":0,"k":{"i":[[0.06,-2.51],[0.231,-2.428],[-0.058,2.435],[0.081,2.515]],"o":[[-0.058,2.435],[0.231,-2.428],[0.06,-2.51],[0.081,2.515]],"v":[[0.174,0.118],[-0.235,7.425],[0.174,0.118],[0.148,-7.425]],"c":true},"ix":2},"nm":"Trazado 1","mn":"ADBE Vector Shape - Group","hd":false},{"ty":"fl","c":{"a":0,"k":[0.816000007181,0.769000004787,0.647000002394,1],"ix":4},"o":{"a":0,"k":100,"ix":5},"r":1,"bm":0,"nm":"Relleno 1","mn":"ADBE Vector Graphic - Fill","hd":false},{"ty":"tr","p":{"a":0,"k":[70.587,59.911],"ix":2},"a":{"a":0,"k":[0,0],"ix":1},"s":{"a":0,"k":[100,100],"ix":3},"r":{"a":0,"k":0,"ix":6},"o":{"a":0,"k":100,"ix":7},"sk":{"a":0,"k":0,"ix":4},"sa":{"a":0,"k":0,"ix":5},"nm":"Transformar"}],"nm":"Grupo 14","np":2,"cix":2,"bm":0,"ix":14,"mn":"ADBE Vector Group","hd":false},{"ty":"gr","it":[{"ind":0,"ty":"sh","ix":1,"ks":{"a":0,"k":{"i":[[-0.154,1.619],[0.27,-1.6]],"o":[[-0.154,1.619],[0.27,-1.6]],"v":[[0.315,-2.416],[-0.314,2.416]],"c":true},"ix":2},"nm":"Trazado 1","mn":"ADBE Vector Shape - Group","hd":false},{"ty":"fl","c":{"a":0,"k":[0.816000007181,0.769000004787,0.647000002394,1],"ix":4},"o":{"a":0,"k":100,"ix":5},"r":1,"bm":0,"nm":"Relleno 1","mn":"ADBE Vector Graphic - Fill","hd":false},{"ty":"tr","p":{"a":0,"k":[70.038,69.752],"ix":2},"a":{"a":0,"k":[0,0],"ix":1},"s":{"a":0,"k":[100,100],"ix":3},"r":{"a":0,"k":0,"ix":6},"o":{"a":0,"k":100,"ix":7},"sk":{"a":0,"k":0,"ix":4},"sa":{"a":0,"k":0,"ix":5},"nm":"Transformar"}],"nm":"Grupo 15","np":2,"cix":2,"bm":0,"ix":15,"mn":"ADBE Vector Group","hd":false},{"ty":"gr","it":[{"ind":0,"ty":"sh","ix":1,"ks":{"a":0,"k":{"i":[[0.427,1.277],[-0.363,-1.297]],"o":[[0.427,1.277],[-0.363,-1.297]],"v":[[-0.593,-1.931],[0.593,1.931]],"c":true},"ix":2},"nm":"Trazado 1","mn":"ADBE Vector Shape - Group","hd":false},{"ty":"fl","c":{"a":0,"k":[0.816000007181,0.769000004787,0.647000002394,1],"ix":4},"o":{"a":0,"k":100,"ix":5},"r":1,"bm":0,"nm":"Relleno 1","mn":"ADBE Vector Graphic - Fill","hd":false},{"ty":"tr","p":{"a":0,"k":[66.634,26.444],"ix":2},"a":{"a":0,"k":[0,0],"ix":1},"s":{"a":0,"k":[100,100],"ix":3},"r":{"a":0,"k":0,"ix":6},"o":{"a":0,"k":100,"ix":7},"sk":{"a":0,"k":0,"ix":4},"sa":{"a":0,"k":0,"ix":5},"nm":"Transformar"}],"nm":"Grupo 16","np":2,"cix":2,"bm":0,"ix":16,"mn":"ADBE Vector Group","hd":false},{"ty":"gr","it":[{"ind":0,"ty":"sh","ix":1,"ks":{"a":0,"k":{"i":[[0.048,0.888],[-0.028,-0.889]],"o":[[0.048,0.888],[-0.028,-0.889]],"v":[[-0.058,-1.332],[0.057,1.332]],"c":true},"ix":2},"nm":"Trazado 1","mn":"ADBE Vector Shape - Group","hd":false},{"ty":"fl","c":{"a":0,"k":[0.816000007181,0.769000004787,0.647000002394,1],"ix":4},"o":{"a":0,"k":100,"ix":5},"r":1,"bm":0,"nm":"Relleno 1","mn":"ADBE Vector Graphic - Fill","hd":false},{"ty":"tr","p":{"a":0,"k":[70.678,51.155],"ix":2},"a":{"a":0,"k":[0,0],"ix":1},"s":{"a":0,"k":[100,100],"ix":3},"r":{"a":0,"k":0,"ix":6},"o":{"a":0,"k":100,"ix":7},"sk":{"a":0,"k":0,"ix":4},"sa":{"a":0,"k":0,"ix":5},"nm":"Transformar"}],"nm":"Grupo 17","np":2,"cix":2,"bm":0,"ix":17,"mn":"ADBE Vector Group","hd":false},{"ty":"gr","it":[{"ind":0,"ty":"sh","ix":1,"ks":{"a":0,"k":{"i":[[0.202,0.006],[-0.564,-3.42],[0.017,-3.879],[0.552,-4.25],[1.364,-4.163],[1.161,-4.23],[0.487,-4.403],[-0.639,-8.538],[-0.628,-4.971],[-2.696,0.171],[-0.051,6.021],[-0.026,1.168],[-0.024,0.612],[-0.037,0.554],[-0.287,1.638],[-0.154,0.644],[-1.229,2.942],[-0.176,0.421],[-0.396,1.018],[-0.335,1.038],[-0.339,1.584],[-0.135,0.8],[-0.154,1.619],[-0.057,2.436],[0.081,2.516],[0.047,0.888],[0.294,2.446],[0.281,1.649],[0.839,2.996],[0.427,1.277],[0.512,1.292],[1.172,1.017],[0.716,0.253],[0.421,0.079],[0.332,0.027]],"o":[[1.393,3.117],[0.631,3.835],[-0.018,4.284],[-0.566,4.354],[-1.365,4.167],[-1.173,4.273],[-0.939,8.51],[0.374,4.997],[2.702,-0.031],[0.051,-6.022],[0.01,-1.166],[0.015,-0.613],[0.023,-0.556],[0.108,-1.664],[0.114,-0.651],[0.734,-3.097],[0.175,-0.42],[0.421,-1.009],[0.395,-1.018],[0.5,-1.546],[0.17,-0.793],[0.27,-1.599],[0.231,-2.429],[0.06,-2.51],[-0.029,-0.888],[-0.132,-2.463],[-0.2,-1.663],[-0.524,-3.073],[-0.362,-1.297],[-0.439,-1.315],[-0.57,-1.444],[-0.573,-0.497],[-0.401,-0.141],[-0.329,-0.061],[-0.203,-0.018]],"v":[[-3.147,-56.415],[0.704,-46.956],[1.419,-35.273],[0.598,-22.445],[-2.617,-9.71],[-6.633,2.816],[-9.077,15.837],[-9.602,41.473],[-8.001,56.415],[0.096,56.107],[0.249,38.044],[0.296,34.542],[0.355,32.703],[0.443,31.038],[1.016,26.079],[1.411,24.135],[4.572,15.148],[5.098,13.887],[6.331,10.85],[7.437,7.77],[8.687,3.072],[9.143,0.682],[9.771,-4.148],[10.18,-11.454],[10.154,-18.997],[10.04,-21.661],[9.408,-29.029],[8.689,-33.999],[6.646,-43.109],[5.46,-46.971],[4.042,-50.884],[1.648,-54.824],[-0.309,-55.934],[-1.549,-56.255],[-2.542,-56.393]],"c":true},"ix":2},"nm":"Trazado 1","mn":"ADBE Vector Shape - Group","hd":false},{"ty":"fl","c":{"a":0,"k":[0.776000019148,0.728999956916,0.620000023935,1],"ix":4},"o":{"a":0,"k":100,"ix":5},"r":1,"bm":0,"nm":"Relleno 1","mn":"ADBE Vector Graphic - Fill","hd":false},{"ty":"tr","p":{"a":0,"k":[60.581,71.484],"ix":2},"a":{"a":0,"k":[0,0],"ix":1},"s":{"a":0,"k":[100,100],"ix":3},"r":{"a":0,"k":0,"ix":6},"o":{"a":0,"k":100,"ix":7},"sk":{"a":0,"k":0,"ix":4},"sa":{"a":0,"k":0,"ix":5},"nm":"Transformar"}],"nm":"Grupo 18","np":2,"cix":2,"bm":0,"ix":18,"mn":"ADBE Vector Group","hd":false},{"ty":"gr","it":[{"ind":0,"ty":"sh","ix":1,"ks":{"a":0,"k":{"i":[[0.114,-0.651],[-0.154,0.645],[-1.229,2.942],[0.734,-3.097]],"o":[[0.114,-0.651],[0.734,-3.096],[-1.229,2.942],[-0.154,0.645]],"v":[[-1.778,5.465],[-1.383,3.522],[1.778,-5.465],[-1.383,3.522]],"c":true},"ix":2},"nm":"Trazado 1","mn":"ADBE Vector Shape - Group","hd":false},{"ty":"fl","c":{"a":0,"k":[0.776000019148,0.728999956916,0.620000023935,1],"ix":4},"o":{"a":0,"k":100,"ix":5},"r":1,"bm":0,"nm":"Relleno 1","mn":"ADBE Vector Graphic - Fill","hd":false},{"ty":"tr","p":{"a":0,"k":[63.375,92.097],"ix":2},"a":{"a":0,"k":[0,0],"ix":1},"s":{"a":0,"k":[100,100],"ix":3},"r":{"a":0,"k":0,"ix":6},"o":{"a":0,"k":100,"ix":7},"sk":{"a":0,"k":0,"ix":4},"sa":{"a":0,"k":0,"ix":5},"nm":"Transformar"}],"nm":"Grupo 19","np":2,"cix":2,"bm":0,"ix":19,"mn":"ADBE Vector Group","hd":false},{"ty":"gr","it":[{"ind":0,"ty":"sh","ix":1,"ks":{"a":0,"k":{"i":[[-0.026,1.168],[0.01,-1.166],[0.051,-6.022],[-0.052,6.021]],"o":[[-0.026,1.168],[-0.052,6.021],[0.051,-6.022],[0.01,-1.166]],"v":[[0.1,-10.784],[0.053,-7.281],[-0.1,10.784],[0.053,-7.281]],"c":true},"ix":2},"nm":"Trazado 1","mn":"ADBE Vector Shape - Group","hd":false},{"ty":"fl","c":{"a":0,"k":[0.776000019148,0.728999956916,0.620000023935,1],"ix":4},"o":{"a":0,"k":100,"ix":5},"r":1,"bm":0,"nm":"Relleno 1","mn":"ADBE Vector Graphic - Fill","hd":false},{"ty":"tr","p":{"a":0,"k":[60.778,116.808],"ix":2},"a":{"a":0,"k":[0,0],"ix":1},"s":{"a":0,"k":[100,100],"ix":3},"r":{"a":0,"k":0,"ix":6},"o":{"a":0,"k":100,"ix":7},"sk":{"a":0,"k":0,"ix":4},"sa":{"a":0,"k":0,"ix":5},"nm":"Transformar"}],"nm":"Grupo 20","np":2,"cix":2,"bm":0,"ix":20,"mn":"ADBE Vector Group","hd":false},{"ty":"gr","it":[{"ind":0,"ty":"sh","ix":1,"ks":{"a":0,"k":{"i":[[-8.451,0.096],[0.374,4.997],[-0.94,8.511],[-1.173,4.272],[-1.365,4.167],[-0.567,4.355],[-0.019,4.285],[0.632,3.835],[1.392,3.118],[-0.203,-0.018],[-0.329,-0.061],[0.331,0.028],[2.811,-5.709],[0.608,-6.334],[1.765,-4.045],[1.6,-2.71],[1.01,-2.995],[0.229,-6.064],[-0.375,-11.993]],"o":[[-0.629,-4.97],[-0.638,-8.539],[0.486,-4.403],[1.161,-4.231],[1.363,-4.162],[0.551,-4.25],[0.017,-3.879],[-0.563,-3.42],[0.202,0.007],[0.331,0.028],[-0.329,-0.061],[-6.341,-0.537],[-2.81,5.71],[-0.403,4.197],[-1.277,2.925],[-1.613,2.732],[-1.937,5.743],[-0.456,12.096],[8.354,1.271]],"v":[[9.105,56.624],[7.503,41.685],[8.027,16.048],[10.471,3.027],[14.488,-9.499],[17.702,-22.234],[18.525,-35.064],[17.809,-46.747],[13.958,-56.204],[14.563,-56.183],[15.555,-56.044],[14.563,-56.183],[-0.404,-46.253],[-4.299,-27.678],[-6.055,-15.729],[-10.936,-7.749],[-14.701,1.131],[-18.085,18.98],[-16.16,54.862]],"c":true},"ix":2},"nm":"Trazado 1","mn":"ADBE Vector Shape - Group","hd":false},{"ty":"fl","c":{"a":0,"k":[0.816000007181,0.769000004787,0.647000002394,1],"ix":4},"o":{"a":0,"k":100,"ix":5},"r":1,"bm":0,"nm":"Relleno 1","mn":"ADBE Vector Graphic - Fill","hd":false},{"ty":"tr","p":{"a":0,"k":[43.477,71.273],"ix":2},"a":{"a":0,"k":[0,0],"ix":1},"s":{"a":0,"k":[100,100],"ix":3},"r":{"a":0,"k":0,"ix":6},"o":{"a":0,"k":100,"ix":7},"sk":{"a":0,"k":0,"ix":4},"sa":{"a":0,"k":0,"ix":5},"nm":"Transformar"}],"nm":"Grupo 21","np":2,"cix":2,"bm":0,"ix":21,"mn":"ADBE Vector Group","hd":false},{"ty":"gr","it":[{"ind":0,"ty":"sh","ix":1,"ks":{"a":0,"k":{"i":[[0.396,-1.018],[-0.334,1.038],[-0.338,1.585],[0.5,-1.545]],"o":[[0.396,-1.018],[0.5,-1.545],[-0.338,1.585],[-0.334,1.038]],"v":[[-1.178,3.889],[-0.073,0.809],[1.178,-3.889],[-0.073,0.809]],"c":true},"ix":2},"nm":"Trazado 1","mn":"ADBE Vector Shape - Group","hd":false},{"ty":"fl","c":{"a":0,"k":[0.816000007181,0.769000004787,0.647000002394,1],"ix":4},"o":{"a":0,"k":100,"ix":5},"r":1,"bm":0,"nm":"Relleno 1","mn":"ADBE Vector Graphic - Fill","hd":false},{"ty":"tr","p":{"a":0,"k":[68.09,78.445],"ix":2},"a":{"a":0,"k":[0,0],"ix":1},"s":{"a":0,"k":[100,100],"ix":3},"r":{"a":0,"k":0,"ix":6},"o":{"a":0,"k":100,"ix":7},"sk":{"a":0,"k":0,"ix":4},"sa":{"a":0,"k":0,"ix":5},"nm":"Transformar"}],"nm":"Grupo 22","np":2,"cix":2,"bm":0,"ix":22,"mn":"ADBE Vector Group","hd":false},{"ty":"gr","it":[{"ind":0,"ty":"sh","ix":1,"ks":{"a":0,"k":{"i":[[-0.396,1.018],[0.421,-1.01]],"o":[[-0.396,1.018],[0.421,-1.01]],"v":[[0.617,-1.519],[-0.617,1.519]],"c":true},"ix":2},"nm":"Trazado 1","mn":"ADBE Vector Shape - Group","hd":false},{"ty":"fl","c":{"a":0,"k":[0.816000007181,0.769000004787,0.647000002394,1],"ix":4},"o":{"a":0,"k":100,"ix":5},"r":1,"bm":0,"nm":"Relleno 1","mn":"ADBE Vector Graphic - Fill","hd":false},{"ty":"tr","p":{"a":0,"k":[66.296,83.853],"ix":2},"a":{"a":0,"k":[0,0],"ix":1},"s":{"a":0,"k":[100,100],"ix":3},"r":{"a":0,"k":0,"ix":6},"o":{"a":0,"k":100,"ix":7},"sk":{"a":0,"k":0,"ix":4},"sa":{"a":0,"k":0,"ix":5},"nm":"Transformar"}],"nm":"Grupo 23","np":2,"cix":2,"bm":0,"ix":23,"mn":"ADBE Vector Group","hd":false},{"ty":"gr","it":[{"ind":0,"ty":"sh","ix":1,"ks":{"a":0,"k":{"i":[[-0.287,1.638],[0.108,-1.664]],"o":[[-0.287,1.638],[0.108,-1.664]],"v":[[0.286,-2.479],[-0.286,2.479]],"c":true},"ix":2},"nm":"Trazado 1","mn":"ADBE Vector Shape - Group","hd":false},{"ty":"fl","c":{"a":0,"k":[0.816000007181,0.769000004787,0.647000002394,1],"ix":4},"o":{"a":0,"k":100,"ix":5},"r":1,"bm":0,"nm":"Relleno 1","mn":"ADBE Vector Graphic - Fill","hd":false},{"ty":"tr","p":{"a":0,"k":[61.311,100.042],"ix":2},"a":{"a":0,"k":[0,0],"ix":1},"s":{"a":0,"k":[100,100],"ix":3},"r":{"a":0,"k":0,"ix":6},"o":{"a":0,"k":100,"ix":7},"sk":{"a":0,"k":0,"ix":4},"sa":{"a":0,"k":0,"ix":5},"nm":"Transformar"}],"nm":"Grupo 24","np":2,"cix":2,"bm":0,"ix":24,"mn":"ADBE Vector Group","hd":false}],"ip":0,"op":81,"st":0,"bm":0}],"markers":[]}