{"v":"5.5.2","fr":25,"ip":0,"op":100,"w":495,"h":410,"nm":"dragon","ddd":0,"assets":[],"layers":[{"ddd":0,"ind":1,"ty":4,"nm":"fuego1 contornos 2","sr":1,"ks":{"o":{"a":1,"k":[{"i":{"x":[0.833],"y":[1]},"o":{"x":[0.167],"y":[0]},"t":50,"s":[0]},{"i":{"x":[0.833],"y":[1]},"o":{"x":[0.167],"y":[0]},"t":56,"s":[100]},{"i":{"x":[0.833],"y":[1]},"o":{"x":[0.167],"y":[0]},"t":64,"s":[100]},{"t":71,"s":[0]}],"ix":11},"r":{"a":1,"k":[{"i":{"x":[0.833],"y":[1]},"o":{"x":[0.333],"y":[0]},"t":55,"s":[0]},{"i":{"x":[0.667],"y":[1]},"o":{"x":[0.167],"y":[0]},"t":64,"s":[21.192]},{"t":72,"s":[0]}],"ix":10},"p":{"a":0,"k":[183.088,222.241,0],"ix":2},"a":{"a":0,"k":[181.752,81.476,0],"ix":1},"s":{"a":1,"k":[{"i":{"x":[0.674,0.674,0.674],"y":[0.718,0.718,1]},"o":{"x":[0.157,0.157,0.157],"y":[0,0,0]},"t":50,"s":[0,0,100]},{"i":{"x":[0.791,0.791,0.791],"y":[1,1,1]},"o":{"x":[0.435,0.435,0.435],"y":[-1.692,-1.692,0]},"t":64,"s":[105,105,100]},{"t":67,"s":[100,100,100]}],"ix":6}},"ao":0,"shapes":[{"ty":"gr","it":[{"ind":0,"ty":"sh","ix":1,"ks":{"a":0,"k":{"i":[[0,0],[3,-8],[-9,0]],"o":[[-19,-6],[14,-7],[0,0]],"v":[[5.5,-17],[-0.5,23],[6.5,-17]],"c":false},"ix":2},"nm":"Trazado 1","mn":"ADBE Vector Shape - Group","hd":false},{"ty":"fl","c":{"a":0,"k":[0.969000004787,0.583999992819,0.113999998803,1],"ix":4},"o":{"a":0,"k":100,"ix":5},"r":1,"bm":0,"nm":"Relleno 1","mn":"ADBE Vector Graphic - Fill","hd":false},{"ty":"tr","p":{"a":0,"k":[59.75,140.702],"ix":2},"a":{"a":0,"k":[0,0],"ix":1},"s":{"a":0,"k":[100,100],"ix":3},"r":{"a":0,"k":0,"ix":6},"o":{"a":0,"k":100,"ix":7},"sk":{"a":0,"k":0,"ix":4},"sa":{"a":0,"k":0,"ix":5},"nm":"Transformar"}],"nm":"Grupo 1","np":2,"cix":2,"bm":0,"ix":1,"mn":"ADBE Vector Group","hd":false},{"ty":"gr","it":[{"ind":0,"ty":"sh","ix":1,"ks":{"a":0,"k":{"i":[[0,0],[8,2],[12,9],[2,-11]],"o":[[-4,-4],[-13,-3],[7,13],[0,0]],"v":[[27,6.5],[9,-8.5],[-27,-5.5],[24,11.5]],"c":false},"ix":2},"nm":"Trazado 1","mn":"ADBE Vector Shape - Group","hd":false},{"ty":"fl","c":{"a":0,"k":[0.969000004787,0.583999992819,0.113999998803,1],"ix":4},"o":{"a":0,"k":100,"ix":5},"r":1,"bm":0,"nm":"Relleno 1","mn":"ADBE Vector Graphic - Fill","hd":false},{"ty":"tr","p":{"a":0,"k":[69.25,107.202],"ix":2},"a":{"a":0,"k":[0,0],"ix":1},"s":{"a":0,"k":[100,100],"ix":3},"r":{"a":0,"k":0,"ix":6},"o":{"a":0,"k":100,"ix":7},"sk":{"a":0,"k":0,"ix":4},"sa":{"a":0,"k":0,"ix":5},"nm":"Transformar"}],"nm":"Grupo 2","np":2,"cix":2,"bm":0,"ix":2,"mn":"ADBE Vector Group","hd":false},{"ty":"gr","it":[{"ind":0,"ty":"sh","ix":1,"ks":{"a":0,"k":{"i":[[0,0],[-2,10],[13,-8],[-6,-10]],"o":[[-24,-14],[-1,17],[-8,5],[0,0]],"v":[[-7.5,16.5],[31.5,-26.5],[13.5,1.5],[-5.5,26.5]],"c":false},"ix":2},"nm":"Trazado 1","mn":"ADBE Vector Shape - Group","hd":false},{"ty":"fl","c":{"a":0,"k":[0.929000016755,0.152999997606,0.141000007181,1],"ix":4},"o":{"a":0,"k":100,"ix":5},"r":1,"bm":0,"nm":"Relleno 1","mn":"ADBE Vector Graphic - Fill","hd":false},{"ty":"tr","p":{"a":0,"k":[46.579,26.75],"ix":2},"a":{"a":0,"k":[0,0],"ix":1},"s":{"a":0,"k":[100,100],"ix":3},"r":{"a":0,"k":0,"ix":6},"o":{"a":0,"k":100,"ix":7},"sk":{"a":0,"k":0,"ix":4},"sa":{"a":0,"k":0,"ix":5},"nm":"Transformar"}],"nm":"Grupo 3","np":2,"cix":2,"bm":0,"ix":3,"mn":"ADBE Vector Group","hd":false},{"ty":"gr","it":[{"ind":0,"ty":"sh","ix":1,"ks":{"a":0,"k":{"i":[[0,0],[11,11],[11,-18],[-2,-1]],"o":[[-22,-4],[14,13],[1,2],[0,0]],"v":[[6.5,22.5],[-5.5,-23.5],[4.5,21.5],[8.5,22.5]],"c":false},"ix":2},"nm":"Trazado 1","mn":"ADBE Vector Shape - Group","hd":false},{"ty":"fl","c":{"a":0,"k":[0.929000016755,0.152999997606,0.141000007181,1],"ix":4},"o":{"a":0,"k":100,"ix":5},"r":1,"bm":0,"nm":"Relleno 1","mn":"ADBE Vector Graphic - Fill","hd":false},{"ty":"tr","p":{"a":0,"k":[21.16,57.165],"ix":2},"a":{"a":0,"k":[0,0],"ix":1},"s":{"a":0,"k":[100,100],"ix":3},"r":{"a":0,"k":0,"ix":6},"o":{"a":0,"k":100,"ix":7},"sk":{"a":0,"k":0,"ix":4},"sa":{"a":0,"k":0,"ix":5},"nm":"Transformar"}],"nm":"Grupo 4","np":2,"cix":2,"bm":0,"ix":4,"mn":"ADBE Vector Group","hd":false},{"ty":"gr","it":[{"ind":0,"ty":"sh","ix":1,"ks":{"a":0,"k":{"i":[[0,0],[6,-1],[-18,12],[2,-7],[24,-6],[-14,-7],[7,-28],[-21,13],[-26,7],[-2,16],[-13,11],[-5,5],[-5,5]],"o":[[-5,2],[-12,2],[-7,-4],[-6,-11],[-20,5],[-25,-10],[-6,24],[-11,18],[26,-7],[3,-27],[6,-4],[5,-5],[0,0]],"v":[[89.502,-39.502],[26.499,-13.5],[9.499,-33.5],[-5.501,-29.5],[-37.501,-65.5],[-34.501,-28.5],[-85.502,0.5],[-50.502,24.5],[-24.501,64.5],[-16.501,19.5],[18.499,16.5],[30.499,-5.5],[91.502,-38.502]],"c":false},"ix":2},"nm":"Trazado 1","mn":"ADBE Vector Shape - Group","hd":false},{"ty":"fl","c":{"a":0,"k":[0.929000016755,0.152999997606,0.141000007181,1],"ix":4},"o":{"a":0,"k":100,"ix":5},"r":1,"bm":0,"nm":"Relleno 1","mn":"ADBE Vector Graphic - Fill","hd":false},{"ty":"tr","p":{"a":0,"k":[91.752,120.202],"ix":2},"a":{"a":0,"k":[0,0],"ix":1},"s":{"a":0,"k":[100,100],"ix":3},"r":{"a":0,"k":0,"ix":6},"o":{"a":0,"k":100,"ix":7},"sk":{"a":0,"k":0,"ix":4},"sa":{"a":0,"k":0,"ix":5},"nm":"Transformar"}],"nm":"Grupo 5","np":2,"cix":2,"bm":0,"ix":5,"mn":"ADBE Vector Group","hd":false}],"ip":50,"op":75,"st":8,"bm":0},{"ddd":0,"ind":2,"ty":4,"nm":"fuego2 contornos 2","sr":1,"ks":{"o":{"a":1,"k":[{"i":{"x":[0.833],"y":[1]},"o":{"x":[0.167],"y":[0]},"t":50,"s":[0]},{"i":{"x":[0.833],"y":[1]},"o":{"x":[0.167],"y":[0]},"t":56,"s":[100]},{"i":{"x":[0.833],"y":[1]},"o":{"x":[0.167],"y":[0]},"t":64,"s":[100]},{"t":71,"s":[0]}],"ix":11},"r":{"a":1,"k":[{"i":{"x":[0.833],"y":[1]},"o":{"x":[0.333],"y":[0]},"t":55,"s":[0]},{"i":{"x":[0.667],"y":[1]},"o":{"x":[0.167],"y":[0]},"t":64,"s":[9.158]},{"t":72,"s":[0]}],"ix":10},"p":{"a":0,"k":[223.086,240.967,0],"ix":2},"a":{"a":0,"k":[101.75,2.75,0],"ix":1},"s":{"a":1,"k":[{"i":{"x":[0.674,0.674,0.674],"y":[0.718,0.718,-28.628]},"o":{"x":[0.157,0.157,0.157],"y":[0,0,0]},"t":50,"s":[0,0,100]},{"i":{"x":[0.791,0.791,0.791],"y":[1,1,1]},"o":{"x":[0.435,0.435,0.435],"y":[-1.692,-1.692,8.458]},"t":64,"s":[105,105,100]},{"t":67,"s":[100,100,100]}],"ix":6}},"ao":0,"shapes":[{"ty":"gr","it":[{"ind":0,"ty":"sh","ix":1,"ks":{"a":0,"k":{"i":[[0,0],[0,-10],[-5,0],[-15,-3],[28,6]],"o":[[-9,-1],[3,-4],[-3,12],[-18,-10],[0,0]],"v":[[-4.5,-16],[-22.5,-2],[-9.5,-8],[2.5,19],[-5.5,-19]],"c":false},"ix":2},"nm":"Trazado 1","mn":"ADBE Vector Shape - Group","hd":false},{"ty":"fl","c":{"a":0,"k":[0.969000004787,0.583999992819,0.113999998803,1],"ix":4},"o":{"a":0,"k":100,"ix":5},"r":1,"bm":0,"nm":"Relleno 1","mn":"ADBE Vector Graphic - Fill","hd":false},{"ty":"tr","p":{"a":0,"k":[58.75,108.25],"ix":2},"a":{"a":0,"k":[0,0],"ix":1},"s":{"a":0,"k":[100,100],"ix":3},"r":{"a":0,"k":0,"ix":6},"o":{"a":0,"k":100,"ix":7},"sk":{"a":0,"k":0,"ix":4},"sa":{"a":0,"k":0,"ix":5},"nm":"Transformar"}],"nm":"Grupo 1","np":2,"cix":2,"bm":0,"ix":1,"mn":"ADBE Vector Group","hd":false},{"ty":"gr","it":[{"ind":0,"ty":"sh","ix":1,"ks":{"a":0,"k":{"i":[[0,0],[8,-13],[-2,36],[0,-8],[10,-22],[-17,0],[15,-3],[-9,4],[-7,-8],[-23,1],[-1,10],[-6,6],[14,15],[0,13],[6,6],[-6,27]],"o":[[-1,15],[-7,12],[-5,5],[-12,-7],[-6,15],[-28,-5],[10,3],[12,-4],[19,20],[-6,-1],[1,-5],[25,-28],[9,1],[-8,3],[10,-26],[0,0]],"v":[[37,-80.772],[13,-31.772],[-16,-18.772],[-21,2.228],[-55,-2.772],[-36,34.228],[-62,67.228],[-44,53.228],[-25,67.228],[33,78.228],[3,64.228],[39,46.228],[-3,7.228],[23,1.228],[1,-1.772],[41,-77.772]],"c":false},"ix":2},"nm":"Trazado 1","mn":"ADBE Vector Shape - Group","hd":false},{"ty":"fl","c":{"a":0,"k":[0.929000016755,0.152999997606,0.141000007181,1],"ix":4},"o":{"a":0,"k":100,"ix":5},"r":1,"bm":0,"nm":"Relleno 1","mn":"ADBE Vector Graphic - Fill","hd":false},{"ty":"tr","p":{"a":0,"k":[64.25,81.022],"ix":2},"a":{"a":0,"k":[0,0],"ix":1},"s":{"a":0,"k":[100,100],"ix":3},"r":{"a":0,"k":0,"ix":6},"o":{"a":0,"k":100,"ix":7},"sk":{"a":0,"k":0,"ix":4},"sa":{"a":0,"k":0,"ix":5},"nm":"Transformar"}],"nm":"Grupo 2","np":4,"cix":2,"bm":0,"ix":2,"mn":"ADBE Vector Group","hd":false}],"ip":50,"op":75,"st":1,"bm":0},{"ddd":0,"ind":3,"ty":4,"nm":"fuego1 contornos","sr":1,"ks":{"o":{"a":1,"k":[{"i":{"x":[0.833],"y":[1]},"o":{"x":[0.167],"y":[0]},"t":25,"s":[0]},{"i":{"x":[0.833],"y":[1]},"o":{"x":[0.167],"y":[0]},"t":31,"s":[100]},{"i":{"x":[0.833],"y":[1]},"o":{"x":[0.167],"y":[0]},"t":39,"s":[100]},{"t":46,"s":[0]}],"ix":11},"r":{"a":1,"k":[{"i":{"x":[0.833],"y":[1]},"o":{"x":[0.333],"y":[0]},"t":30,"s":[0]},{"i":{"x":[0.667],"y":[1]},"o":{"x":[0.167],"y":[0]},"t":39,"s":[21.192]},{"t":47,"s":[0]}],"ix":10},"p":{"a":0,"k":[183.088,222.241,0],"ix":2},"a":{"a":0,"k":[181.752,81.476,0],"ix":1},"s":{"a":1,"k":[{"i":{"x":[0.674,0.674,0.674],"y":[0.718,0.718,1]},"o":{"x":[0.157,0.157,0.157],"y":[0,0,0]},"t":25,"s":[0,0,100]},{"i":{"x":[0.791,0.791,0.791],"y":[1,1,1]},"o":{"x":[0.435,0.435,0.435],"y":[-1.692,-1.692,0]},"t":39,"s":[105,105,100]},{"t":42,"s":[100,100,100]}],"ix":6}},"ao":0,"shapes":[{"ty":"gr","it":[{"ind":0,"ty":"sh","ix":1,"ks":{"a":0,"k":{"i":[[0,0],[3,-8],[-9,0]],"o":[[-19,-6],[14,-7],[0,0]],"v":[[5.5,-17],[-0.5,23],[6.5,-17]],"c":false},"ix":2},"nm":"Trazado 1","mn":"ADBE Vector Shape - Group","hd":false},{"ty":"fl","c":{"a":0,"k":[0.969000004787,0.583999992819,0.113999998803,1],"ix":4},"o":{"a":0,"k":100,"ix":5},"r":1,"bm":0,"nm":"Relleno 1","mn":"ADBE Vector Graphic - Fill","hd":false},{"ty":"tr","p":{"a":0,"k":[59.75,140.702],"ix":2},"a":{"a":0,"k":[0,0],"ix":1},"s":{"a":0,"k":[100,100],"ix":3},"r":{"a":0,"k":0,"ix":6},"o":{"a":0,"k":100,"ix":7},"sk":{"a":0,"k":0,"ix":4},"sa":{"a":0,"k":0,"ix":5},"nm":"Transformar"}],"nm":"Grupo 1","np":2,"cix":2,"bm":0,"ix":1,"mn":"ADBE Vector Group","hd":false},{"ty":"gr","it":[{"ind":0,"ty":"sh","ix":1,"ks":{"a":0,"k":{"i":[[0,0],[8,2],[12,9],[2,-11]],"o":[[-4,-4],[-13,-3],[7,13],[0,0]],"v":[[27,6.5],[9,-8.5],[-27,-5.5],[24,11.5]],"c":false},"ix":2},"nm":"Trazado 1","mn":"ADBE Vector Shape - Group","hd":false},{"ty":"fl","c":{"a":0,"k":[0.969000004787,0.583999992819,0.113999998803,1],"ix":4},"o":{"a":0,"k":100,"ix":5},"r":1,"bm":0,"nm":"Relleno 1","mn":"ADBE Vector Graphic - Fill","hd":false},{"ty":"tr","p":{"a":0,"k":[69.25,107.202],"ix":2},"a":{"a":0,"k":[0,0],"ix":1},"s":{"a":0,"k":[100,100],"ix":3},"r":{"a":0,"k":0,"ix":6},"o":{"a":0,"k":100,"ix":7},"sk":{"a":0,"k":0,"ix":4},"sa":{"a":0,"k":0,"ix":5},"nm":"Transformar"}],"nm":"Grupo 2","np":2,"cix":2,"bm":0,"ix":2,"mn":"ADBE Vector Group","hd":false},{"ty":"gr","it":[{"ind":0,"ty":"sh","ix":1,"ks":{"a":0,"k":{"i":[[0,0],[-2,10],[13,-8],[-6,-10]],"o":[[-24,-14],[-1,17],[-8,5],[0,0]],"v":[[-7.5,16.5],[31.5,-26.5],[13.5,1.5],[-5.5,26.5]],"c":false},"ix":2},"nm":"Trazado 1","mn":"ADBE Vector Shape - Group","hd":false},{"ty":"fl","c":{"a":0,"k":[0.929000016755,0.152999997606,0.141000007181,1],"ix":4},"o":{"a":0,"k":100,"ix":5},"r":1,"bm":0,"nm":"Relleno 1","mn":"ADBE Vector Graphic - Fill","hd":false},{"ty":"tr","p":{"a":0,"k":[46.579,26.75],"ix":2},"a":{"a":0,"k":[0,0],"ix":1},"s":{"a":0,"k":[100,100],"ix":3},"r":{"a":0,"k":0,"ix":6},"o":{"a":0,"k":100,"ix":7},"sk":{"a":0,"k":0,"ix":4},"sa":{"a":0,"k":0,"ix":5},"nm":"Transformar"}],"nm":"Grupo 3","np":2,"cix":2,"bm":0,"ix":3,"mn":"ADBE Vector Group","hd":false},{"ty":"gr","it":[{"ind":0,"ty":"sh","ix":1,"ks":{"a":0,"k":{"i":[[0,0],[11,11],[11,-18],[-2,-1]],"o":[[-22,-4],[14,13],[1,2],[0,0]],"v":[[6.5,22.5],[-5.5,-23.5],[4.5,21.5],[8.5,22.5]],"c":false},"ix":2},"nm":"Trazado 1","mn":"ADBE Vector Shape - Group","hd":false},{"ty":"fl","c":{"a":0,"k":[0.929000016755,0.152999997606,0.141000007181,1],"ix":4},"o":{"a":0,"k":100,"ix":5},"r":1,"bm":0,"nm":"Relleno 1","mn":"ADBE Vector Graphic - Fill","hd":false},{"ty":"tr","p":{"a":0,"k":[21.16,57.165],"ix":2},"a":{"a":0,"k":[0,0],"ix":1},"s":{"a":0,"k":[100,100],"ix":3},"r":{"a":0,"k":0,"ix":6},"o":{"a":0,"k":100,"ix":7},"sk":{"a":0,"k":0,"ix":4},"sa":{"a":0,"k":0,"ix":5},"nm":"Transformar"}],"nm":"Grupo 4","np":2,"cix":2,"bm":0,"ix":4,"mn":"ADBE Vector Group","hd":false},{"ty":"gr","it":[{"ind":0,"ty":"sh","ix":1,"ks":{"a":0,"k":{"i":[[0,0],[6,-1],[-18,12],[2,-7],[24,-6],[-14,-7],[7,-28],[-21,13],[-26,7],[-2,16],[-13,11],[-5,5],[-5,5]],"o":[[-5,2],[-12,2],[-7,-4],[-6,-11],[-20,5],[-25,-10],[-6,24],[-11,18],[26,-7],[3,-27],[6,-4],[5,-5],[0,0]],"v":[[89.502,-39.502],[26.499,-13.5],[9.499,-33.5],[-5.501,-29.5],[-37.501,-65.5],[-34.501,-28.5],[-85.502,0.5],[-50.502,24.5],[-24.501,64.5],[-16.501,19.5],[18.499,16.5],[30.499,-5.5],[91.502,-38.502]],"c":false},"ix":2},"nm":"Trazado 1","mn":"ADBE Vector Shape - Group","hd":false},{"ty":"fl","c":{"a":0,"k":[0.929000016755,0.152999997606,0.141000007181,1],"ix":4},"o":{"a":0,"k":100,"ix":5},"r":1,"bm":0,"nm":"Relleno 1","mn":"ADBE Vector Graphic - Fill","hd":false},{"ty":"tr","p":{"a":0,"k":[91.752,120.202],"ix":2},"a":{"a":0,"k":[0,0],"ix":1},"s":{"a":0,"k":[100,100],"ix":3},"r":{"a":0,"k":0,"ix":6},"o":{"a":0,"k":100,"ix":7},"sk":{"a":0,"k":0,"ix":4},"sa":{"a":0,"k":0,"ix":5},"nm":"Transformar"}],"nm":"Grupo 5","np":2,"cix":2,"bm":0,"ix":5,"mn":"ADBE Vector Group","hd":false}],"ip":25,"op":50,"st":-17,"bm":0},{"ddd":0,"ind":4,"ty":4,"nm":"fuego2 contornos","sr":1,"ks":{"o":{"a":1,"k":[{"i":{"x":[0.833],"y":[1]},"o":{"x":[0.167],"y":[0]},"t":25,"s":[0]},{"i":{"x":[0.833],"y":[1]},"o":{"x":[0.167],"y":[0]},"t":31,"s":[100]},{"i":{"x":[0.833],"y":[1]},"o":{"x":[0.167],"y":[0]},"t":39,"s":[100]},{"t":46,"s":[0]}],"ix":11},"r":{"a":1,"k":[{"i":{"x":[0.833],"y":[1]},"o":{"x":[0.333],"y":[0]},"t":30,"s":[0]},{"i":{"x":[0.667],"y":[1]},"o":{"x":[0.167],"y":[0]},"t":39,"s":[9.158]},{"t":47,"s":[0]}],"ix":10},"p":{"a":0,"k":[223.086,240.967,0],"ix":2},"a":{"a":0,"k":[101.75,2.75,0],"ix":1},"s":{"a":1,"k":[{"i":{"x":[0.674,0.674,0.674],"y":[0.718,0.718,-28.628]},"o":{"x":[0.157,0.157,0.157],"y":[0,0,0]},"t":25,"s":[0,0,100]},{"i":{"x":[0.791,0.791,0.791],"y":[1,1,1]},"o":{"x":[0.435,0.435,0.435],"y":[-1.692,-1.692,8.458]},"t":39,"s":[105,105,100]},{"t":42,"s":[100,100,100]}],"ix":6}},"ao":0,"shapes":[{"ty":"gr","it":[{"ind":0,"ty":"sh","ix":1,"ks":{"a":0,"k":{"i":[[0,0],[0,-10],[-5,0],[-15,-3],[28,6]],"o":[[-9,-1],[3,-4],[-3,12],[-18,-10],[0,0]],"v":[[-4.5,-16],[-22.5,-2],[-9.5,-8],[2.5,19],[-5.5,-19]],"c":false},"ix":2},"nm":"Trazado 1","mn":"ADBE Vector Shape - Group","hd":false},{"ty":"fl","c":{"a":0,"k":[0.969000004787,0.583999992819,0.113999998803,1],"ix":4},"o":{"a":0,"k":100,"ix":5},"r":1,"bm":0,"nm":"Relleno 1","mn":"ADBE Vector Graphic - Fill","hd":false},{"ty":"tr","p":{"a":0,"k":[58.75,108.25],"ix":2},"a":{"a":0,"k":[0,0],"ix":1},"s":{"a":0,"k":[100,100],"ix":3},"r":{"a":0,"k":0,"ix":6},"o":{"a":0,"k":100,"ix":7},"sk":{"a":0,"k":0,"ix":4},"sa":{"a":0,"k":0,"ix":5},"nm":"Transformar"}],"nm":"Grupo 1","np":2,"cix":2,"bm":0,"ix":1,"mn":"ADBE Vector Group","hd":false},{"ty":"gr","it":[{"ind":0,"ty":"sh","ix":1,"ks":{"a":0,"k":{"i":[[0,0],[8,-13],[-2,36],[0,-8],[10,-22],[-17,0],[15,-3],[-9,4],[-7,-8],[-23,1],[-1,10],[-6,6],[14,15],[0,13],[6,6],[-6,27]],"o":[[-1,15],[-7,12],[-5,5],[-12,-7],[-6,15],[-28,-5],[10,3],[12,-4],[19,20],[-6,-1],[1,-5],[25,-28],[9,1],[-8,3],[10,-26],[0,0]],"v":[[37,-80.772],[13,-31.772],[-16,-18.772],[-21,2.228],[-55,-2.772],[-36,34.228],[-62,67.228],[-44,53.228],[-25,67.228],[33,78.228],[3,64.228],[39,46.228],[-3,7.228],[23,1.228],[1,-1.772],[41,-77.772]],"c":false},"ix":2},"nm":"Trazado 1","mn":"ADBE Vector Shape - Group","hd":false},{"ty":"fl","c":{"a":0,"k":[0.929000016755,0.152999997606,0.141000007181,1],"ix":4},"o":{"a":0,"k":100,"ix":5},"r":1,"bm":0,"nm":"Relleno 1","mn":"ADBE Vector Graphic - Fill","hd":false},{"ty":"tr","p":{"a":0,"k":[64.25,81.022],"ix":2},"a":{"a":0,"k":[0,0],"ix":1},"s":{"a":0,"k":[100,100],"ix":3},"r":{"a":0,"k":0,"ix":6},"o":{"a":0,"k":100,"ix":7},"sk":{"a":0,"k":0,"ix":4},"sa":{"a":0,"k":0,"ix":5},"nm":"Transformar"}],"nm":"Grupo 2","np":4,"cix":2,"bm":0,"ix":2,"mn":"ADBE Vector Group","hd":false}],"ip":25,"op":50,"st":-24,"bm":0},{"ddd":0,"ind":5,"ty":4,"nm":"ojosCerrados contornos","sr":1,"ks":{"o":{"a":0,"k":100,"ix":11},"r":{"a":0,"k":0,"ix":10},"p":{"a":0,"k":[330.337,143.72,0],"ix":2},"a":{"a":0,"k":[161.255,143.215,0],"ix":1},"s":{"a":0,"k":[100,100,100],"ix":6}},"ao":0,"shapes":[{"ty":"gr","it":[{"ind":0,"ty":"sh","ix":1,"ks":{"a":0,"k":{"i":[[0.734,-0.317],[-0.192,-2.208],[-0.36,-1.544],[-0.33,-0.915],[-0.191,-0.489],[-0.294,-0.54],[-0.466,-0.576],[-0.31,-0.285],[-0.397,-0.233],[-0.407,-0.227],[-0.431,-0.159],[-0.86,-0.159],[-2.645,0.423],[-1.362,0.295],[-1.392,0.463],[-1.387,0.598],[-0.708,0.294],[-0.698,0.332],[-4.011,3.268],[-2.575,2.842],[1.018,1.211],[6.35,-4.005],[4.02,-2.566],[4.758,-2.293],[0.587,-0.285],[0.587,-0.257],[1.146,-0.471],[1.109,-0.419],[1.084,-0.307],[1.163,-0.098],[0.106,0.03],[0.078,-0.004],[0.072,-0.005],[0.077,0.043],[0.097,0.022],[0.21,0.148],[0.244,0.227],[0.232,0.278],[0.442,0.558],[0.727,0.828]],"o":[[-0.732,0.316],[0.093,1.106],[0.208,0.784],[0.181,0.463],[0.256,0.512],[0.356,0.555],[0.284,0.289],[0.302,0.291],[0.381,0.244],[0.407,0.195],[0.898,0.358],[3.265,0.388],[1.344,-0.218],[1.367,-0.373],[1.387,-0.473],[0.698,-0.289],[0.69,-0.327],[5.578,-2.695],[4.012,-3.285],[5.12,-5.706],[-1.038,-1.233],[-3.182,1.985],[-4.026,2.555],[-0.593,0.288],[-0.594,0.26],[-1.161,0.547],[-1.149,0.46],[-1.155,0.356],[-2.183,0.665],[-0.23,-0.001],[-0.076,-0.002],[-0.056,-0.017],[-0.077,0.024],[-0.079,-0.033],[-0.22,-0.155],[-0.232,-0.24],[-0.244,-0.293],[-0.473,-0.573],[-0.869,-1.176],[-1.462,-1.656]],"v":[[-33.02,-0.362],[-33.809,3.524],[-33.14,7.497],[-32.391,10.021],[-31.835,11.448],[-31.011,13.028],[-29.761,14.742],[-28.869,15.604],[-27.842,16.403],[-26.658,17.112],[-25.4,17.612],[-22.877,18.207],[-14.382,17.72],[-10.413,16.922],[-6.225,15.749],[-2.02,14.229],[0.09,13.354],[2.173,12.365],[16.531,3.045],[26.373,-6.323],[32.982,-17.362],[21.109,-12.586],[10.257,-5.576],[-2.911,1.969],[-4.682,2.828],[-6.452,3.604],[-9.943,5.039],[-13.342,6.265],[-16.77,7.328],[-22.218,8.634],[-22.895,8.685],[-23.145,8.713],[-23.335,8.695],[-23.564,8.646],[-23.826,8.565],[-24.472,8.11],[-25.186,7.411],[-25.899,6.555],[-27.264,4.793],[-29.667,1.753]],"c":true},"ix":2},"nm":"Trazado 1","mn":"ADBE Vector Shape - Group","hd":false},{"ty":"fl","c":{"a":0,"k":[0.651000019148,0.122000002394,0.136999990426,1],"ix":4},"o":{"a":0,"k":100,"ix":5},"r":1,"bm":0,"nm":"Relleno 1","mn":"ADBE Vector Graphic - Fill","hd":false},{"ty":"tr","p":{"a":0,"k":[174.522,144.325],"ix":2},"a":{"a":0,"k":[0,0],"ix":1},"s":{"a":0,"k":[100,100],"ix":3},"r":{"a":0,"k":0,"ix":6},"o":{"a":0,"k":100,"ix":7},"sk":{"a":0,"k":0,"ix":4},"sa":{"a":0,"k":0,"ix":5},"nm":"Transformar"}],"nm":"Grupo 1","np":2,"cix":2,"bm":0,"ix":1,"mn":"ADBE Vector Group","hd":false},{"ty":"gr","it":[{"ind":0,"ty":"sh","ix":1,"ks":{"a":0,"k":{"i":[[-0.235,-0.726],[-5.994,0.922],[-9.063,0.061],[-3.881,-0.476],[-1.692,-0.398],[-0.789,-0.186],[-0.72,-0.181],[-1.161,-0.304],[-0.499,-0.132],[-0.414,-0.112],[-0.192,0.349],[1.41,1.099],[0.443,0.315],[0.546,0.317],[1.475,0.591],[0.801,0.34],[0.89,0.299],[2.056,0.494],[4.849,-0.01],[5.928,-1.96]],"o":[[0.253,0.793],[5.994,-0.901],[4.528,-0.007],[1.921,0.322],[0.85,0.18],[0.786,0.197],[1.466,0.311],[0.582,0.154],[0.49,0.156],[1.657,0.448],[0.193,-0.35],[-0.353,-0.274],[-0.45,-0.3],[-1.1,-0.612],[-0.734,-0.31],[-0.811,-0.315],[-1.774,-0.634],[-4.138,-0.817],[-9.715,0.068],[-5.944,1.989]],"v":[[-32.978,3.147],[-22.924,2.471],[0.362,0.299],[13.056,1.07],[18.526,1.999],[21,2.501],[23.262,3.07],[27.161,4.126],[28.784,4.555],[30.142,4.956],[33.021,5.147],[31.137,2.936],[29.941,2.051],[28.435,1.152],[24.611,-0.792],[22.306,-1.768],[19.74,-2.643],[13.951,-4.186],[0.333,-5.486],[-23.88,-1.508]],"c":true},"ix":2},"nm":"Trazado 1","mn":"ADBE Vector Shape - Group","hd":false},{"ty":"fl","c":{"a":0,"k":[0,0,0,1],"ix":4},"o":{"a":0,"k":100,"ix":5},"r":1,"bm":0,"nm":"Relleno 1","mn":"ADBE Vector Graphic - Fill","hd":false},{"ty":"tr","p":{"a":0,"k":[184.482,180.815],"ix":2},"a":{"a":0,"k":[0,0],"ix":1},"s":{"a":0,"k":[100,100],"ix":3},"r":{"a":0,"k":0,"ix":6},"o":{"a":0,"k":100,"ix":7},"sk":{"a":0,"k":0,"ix":4},"sa":{"a":0,"k":0,"ix":5},"nm":"Transformar"}],"nm":"Grupo 2","np":2,"cix":2,"bm":0,"ix":2,"mn":"ADBE Vector Group","hd":false},{"ty":"gr","it":[{"ind":0,"ty":"sh","ix":1,"ks":{"a":0,"k":{"i":[[-0.752,0],[0,0.276],[0.751,0],[0,-0.276]],"o":[[0.751,0],[0,-0.276],[-0.752,0],[0,0.276]],"v":[[0.001,0.5],[1.361,0],[0.001,-0.5],[-1.361,0]],"c":true},"ix":2},"nm":"Trazado 1","mn":"ADBE Vector Shape - Group","hd":false},{"ty":"fl","c":{"a":0,"k":[0,0,0,1],"ix":4},"o":{"a":0,"k":100,"ix":5},"r":1,"bm":0,"nm":"Relleno 1","mn":"ADBE Vector Graphic - Fill","hd":false},{"ty":"tr","p":{"a":0,"k":[149.503,184.462],"ix":2},"a":{"a":0,"k":[0,0],"ix":1},"s":{"a":0,"k":[100,100],"ix":3},"r":{"a":0,"k":0,"ix":6},"o":{"a":0,"k":100,"ix":7},"sk":{"a":0,"k":0,"ix":4},"sa":{"a":0,"k":0,"ix":5},"nm":"Transformar"}],"nm":"Grupo 3","np":2,"cix":2,"bm":0,"ix":3,"mn":"ADBE Vector Group","hd":false},{"ty":"gr","it":[{"ind":0,"ty":"sh","ix":1,"ks":{"a":0,"k":{"i":[[0,-15.523],[2.486,0],[0,15.523],[-2.485,0]],"o":[[0,15.523],[-2.485,0],[0,-15.523],[2.486,0]],"v":[[4.5,-0.001],[0,28.107],[-4.5,-0.001],[0,-28.107]],"c":true},"ix":2},"nm":"Trazado 1","mn":"ADBE Vector Shape - Group","hd":false},{"ty":"fl","c":{"a":0,"k":[0,0,0,1],"ix":4},"o":{"a":0,"k":100,"ix":5},"r":1,"bm":0,"nm":"Relleno 1","mn":"ADBE Vector Graphic - Fill","hd":false},{"ty":"tr","p":{"a":0,"k":[17.247,213.283],"ix":2},"a":{"a":0,"k":[0,0],"ix":1},"s":{"a":0,"k":[100,100],"ix":3},"r":{"a":0,"k":0,"ix":6},"o":{"a":0,"k":100,"ix":7},"sk":{"a":0,"k":0,"ix":4},"sa":{"a":0,"k":0,"ix":5},"nm":"Transformar"}],"nm":"Grupo 4","np":2,"cix":2,"bm":0,"ix":4,"mn":"ADBE Vector Group","hd":false},{"ty":"gr","it":[{"ind":0,"ty":"sh","ix":1,"ks":{"a":0,"k":{"i":[[7.582,-15.041],[5.06,2.551],[-7.582,15.042],[-5.059,-2.549]],"o":[[-7.583,15.042],[-5.059,-2.549],[7.583,-15.041],[5.06,2.551]],"v":[[9.161,4.617],[-13.729,27.234],[-9.16,-4.618],[13.729,-27.235]],"c":true},"ix":2},"nm":"Trazado 1","mn":"ADBE Vector Shape - Group","hd":false},{"ty":"fl","c":{"a":0,"k":[0,0,0,1],"ix":4},"o":{"a":0,"k":100,"ix":5},"r":1,"bm":0,"nm":"Relleno 1","mn":"ADBE Vector Graphic - Fill","hd":false},{"ty":"tr","p":{"a":0,"k":[59.503,217.637],"ix":2},"a":{"a":0,"k":[0,0],"ix":1},"s":{"a":0,"k":[100,100],"ix":3},"r":{"a":0,"k":0,"ix":6},"o":{"a":0,"k":100,"ix":7},"sk":{"a":0,"k":0,"ix":4},"sa":{"a":0,"k":0,"ix":5},"nm":"Transformar"}],"nm":"Grupo 5","np":2,"cix":2,"bm":0,"ix":5,"mn":"ADBE Vector Group","hd":false},{"ty":"gr","it":[{"ind":0,"ty":"sh","ix":1,"ks":{"a":0,"k":{"i":[[-0.353,-0.278],[1.142,-2.057],[0.902,-1.393],[1.231,-1.692],[10.42,-7.88],[1.309,-0.895],[1.293,-0.838],[1.324,-0.683],[0,0],[0,0],[0.016,-0.003],[0,0],[-0.098,-0.305],[-0.141,-0.661],[-0.114,-1.267],[-0.039,-2.127],[0.833,-0.016],[1.135,8.008],[0.54,2.254],[0.319,1.178],[0,0],[0.175,0.508],[0.377,1.079],[0,0],[0.012,0.065],[0,0],[0,0],[-0.59,0.33],[-0.98,0.544],[-1.244,0.697],[-1.228,0.833],[-1.171,1],[-5.785,5.816],[-1.181,1.14],[-0.872,0.777]],"o":[[0.356,0.277],[-0.573,1.027],[-0.933,1.376],[-4.979,6.687],[-1.239,1.052],[-1.336,0.867],[-1.378,0.707],[0,0],[0,0],[-0.052,0.025],[0,0],[-0.026,0.036],[0.148,0.704],[0.261,1.347],[0.351,2.53],[-0.02,8.502],[-0.961,0.021],[-0.326,-1.988],[-0.218,-1.145],[0,0],[-0.172,-0.499],[-0.361,-1.052],[0,0],[-0.023,-0.065],[0,0],[0,0],[0.589,-0.327],[0.962,-0.533],[1.202,-0.673],[1.191,-0.807],[1.211,-0.853],[9.753,-7.367],[1.432,-1.475],[1.163,-1.162],[1.747,-1.558]],"v":[[24.769,-34.834],[23.517,-31.237],[21.305,-27.587],[18.055,-22.97],[-4.91,0.584],[-8.881,3.333],[-12.827,5.89],[-16.883,7.976],[-17.379,8.227],[-17.623,8.35],[-17.662,8.361],[-17.71,8.358],[-17.771,8.563],[-17.338,10.611],[-16.657,14.526],[-16.164,21.528],[-18.088,35.091],[-20.762,21.897],[-21.982,15.488],[-22.899,12.042],[-23.146,11.153],[-23.67,9.641],[-24.78,6.446],[-25.059,5.626],[-25.125,5.423],[-24.908,5.304],[-24.473,5.062],[-22.702,4.079],[-19.79,2.462],[-16.122,0.409],[-12.502,-2.054],[-8.813,-4.646],[14.547,-25.962],[18.48,-29.894],[21.533,-32.823]],"c":true},"ix":2},"nm":"Trazado 1","mn":"ADBE Vector Shape - Group","hd":false},{"ty":"fl","c":{"a":0,"k":[0.651000019148,0.122000002394,0.136999990426,1],"ix":4},"o":{"a":0,"k":100,"ix":5},"r":1,"bm":0,"nm":"Relleno 1","mn":"ADBE Vector Graphic - Fill","hd":false},{"ty":"tr","p":{"a":0,"k":[254.056,123.641],"ix":2},"a":{"a":0,"k":[0,0],"ix":1},"s":{"a":0,"k":[100,100],"ix":3},"r":{"a":0,"k":0,"ix":6},"o":{"a":0,"k":100,"ix":7},"sk":{"a":0,"k":0,"ix":4},"sa":{"a":0,"k":0,"ix":5},"nm":"Transformar"}],"nm":"Grupo 6","np":2,"cix":2,"bm":0,"ix":6,"mn":"ADBE Vector Group","hd":false},{"ty":"gr","it":[{"ind":0,"ty":"sh","ix":1,"ks":{"a":0,"k":{"i":[[0.019,0.158],[-8.989,4.298],[-5.385,4.562],[-5.728,6.868],[-6.634,8.315],[-9.67,7.531],[-1.285,0.868],[0,0],[-0.595,0.339],[-1.208,0.677],[-2.515,1.324],[0,0],[0.066,-0.134],[0,0],[0,0],[0.667,-1.219],[0.681,-1.244],[0,0],[0,0],[0,0],[0,0],[0.527,-1.449],[0.542,-1.457],[0.449,-1.505],[-0.099,-6.511],[-1.57,-6.505],[-2.841,-5.75],[-0.757,-1.4],[-0.823,-1.347],[0,0],[0,0],[0,0],[0,0],[0,0],[-1.666,-2.246],[2.955,0.301],[0,0],[0.175,-0.002],[0,0],[0.592,-0.063],[0.962,-1.929],[-0.08,-2.498],[-0.519,-2.507],[-1.677,-4.719],[-0.426,-1.165],[-0.473,-1.24],[-0.776,-2.078],[0,0],[0,0],[0.038,-0.012],[0,0],[0,0],[1.087,0.23],[0,0],[0,0],[0,0],[1.113,0.084],[1.096,-0.019],[1.066,-0.11],[3.666,-1.817],[3.238,-2.146],[2.966,-1.981],[5.646,-1.472],[3.642,1.965],[0.702,0.572],[0.606,0.49],[0.593,0.867],[-0.113,0.075],[-1.322,-1.529],[-1.067,-0.996],[-0.692,-0.473],[-0.825,-0.432],[-5.168,1.588],[-5.739,4.142],[-3.2,2.256],[-3.88,2.017],[-4.73,0.684],[-1.206,0.002],[-1.217,-0.099],[-1.217,-0.202],[-0.966,-0.128],[-0.02,0.088],[0,0],[0.42,1.073],[0.454,1.191],[1.177,5.338],[0.104,2.892],[-1.422,3.041],[-3.214,0.567],[-0.75,-0.01],[0,0],[0,0],[0,0],[0,0],[0,0],[0,0],[0,0],[0,0],[0.785,1.48],[0.804,1.479],[1.731,6.717],[0.022,6.884],[-1.667,6.448],[-0.565,1.554],[-0.58,1.534],[-0.674,1.477],[0,0],[0,0],[0,0],[-0.015,0.042],[0.074,-0.037],[0,0],[0.063,-0.039],[0,0],[1.138,-0.902],[6.726,-8.085],[5.99,-6.812],[5.72,-4.479],[4.716,-1.965],[1.875,-0.565],[1.315,-0.24]],"o":[[-0.116,-0.5],[4.463,-2.158],[5.405,-4.543],[5.755,-6.858],[6.667,-8.258],[1.191,-0.959],[0,0],[0.571,-0.398],[1.202,-0.677],[2.415,-1.376],[0,0],[-0.003,0.075],[0,0],[0,0],[-0.661,1.215],[-0.675,1.241],[0,0],[0,0],[0,0],[0,0],[-0.622,1.392],[-0.539,1.445],[-0.526,1.462],[-1.534,6.078],[0.043,6.496],[1.642,6.369],[0.758,1.41],[0.737,1.412],[0,0],[0,0],[0,0],[0,0],[0,0],[1.679,2.27],[-2.953,-0.471],[0,0],[-0.233,-0.015],[0,0],[-0.655,-0.022],[-2.295,0.461],[-0.944,1.958],[0.068,2.51],[1.057,5.02],[0.429,1.18],[0.476,1.259],[0.783,2.11],[0,0],[0,0],[0.067,0.104],[0,0],[0,0],[-1.094,-0.237],[0,0],[0,0],[0,0],[-1.126,-0.206],[-1.115,-0.113],[-1.1,-0.019],[-4.267,0.535],[-3.675,1.813],[-3.25,2.171],[-5.917,4.027],[-5.621,1.5],[-0.879,-0.53],[-0.7,-0.562],[-1.042,-1.142],[-1.158,-1.742],[0.118,-0.077],[0.671,0.756],[0.602,0.414],[0.682,0.487],[3.419,1.567],[5.205,-1.585],[2.914,-2.059],[3.222,-2.246],[3.862,-2.017],[1.185,-0.142],[1.209,-0.044],[1.223,0.066],[0.952,0.125],[0.146,0.001],[0,0],[-0.416,-1.06],[-0.447,-1.179],[-1.763,-4.798],[-0.574,-2.673],[-0.089,-2.875],[1.383,-3.069],[0.79,-0.114],[0,0],[0,0],[0,0],[0,0],[0,0],[0,0],[0,0],[0,0],[-0.869,-1.415],[-0.802,-1.465],[-3.004,-6.039],[-1.655,-6.861],[-0.09,-6.897],[0.48,-1.599],[0.586,-1.549],[0.57,-1.536],[0,0],[0,0],[0,0],[0.037,-0.056],[-0.058,0.024],[0,0],[-0.024,0.016],[0,0],[-1.221,0.807],[-9.241,7.044],[-6.705,8.143],[-5.968,6.824],[-5.702,4.502],[-2.352,1.014],[-1.901,0.486],[-2.662,0.345]],"v":[[-57.184,3.704],[-42.595,-1.519],[-27.531,-11.416],[-10.796,-28.649],[7.488,-51.701],[31.201,-76.368],[34.939,-79.083],[36.016,-79.816],[37.799,-80.86],[41.422,-82.889],[48.909,-86.817],[49.383,-87.063],[49.176,-86.649],[48.684,-85.749],[47.692,-83.937],[45.7,-80.286],[43.67,-76.559],[42.53,-74.426],[42.263,-73.925],[42.14,-73.667],[41.891,-73.149],[39.985,-68.965],[38.363,-64.609],[37.053,-60.109],[34.603,-41.145],[37.024,-21.559],[43.86,-3.348],[46.14,0.868],[48.64,4.916],[49.91,6.913],[50.07,7.161],[50.382,7.592],[51.018,8.442],[52.281,10.141],[57.3,16.916],[48.455,15.692],[47.35,15.567],[46.837,15.579],[45.886,15.611],[44.112,15.846],[39.202,19.481],[38.015,26.417],[38.982,33.979],[43.298,48.589],[44.584,52.105],[46.001,55.858],[48.338,62.137],[48.482,62.535],[48.554,62.727],[48.413,62.744],[47.587,62.565],[45.939,62.214],[42.67,61.513],[41.054,61.167],[40.187,61.04],[38.489,60.788],[35.126,60.481],[31.817,60.452],[28.584,60.72],[16.66,64.457],[6.366,70.61],[-2.966,76.841],[-20.399,85.563],[-35.079,84.63],[-37.558,83.145],[-39.518,81.566],[-42.079,78.638],[-43.654,75.888],[-41.452,78.116],[-38.731,80.651],[-36.787,81.977],[-34.42,83.184],[-21.022,83.35],[-4.619,74.419],[4.554,67.948],[15.085,61.345],[28.064,57.022],[31.644,56.671],[35.288,56.645],[38.96,56.927],[41.837,57.308],[42.265,57.333],[42.019,56.762],[40.764,53.559],[39.413,50.004],[34.783,34.869],[33.659,26.542],[35.247,17.515],[43.143,11.48],[45.528,11.144],[47.246,11.07],[47.326,11.067],[46.638,10.156],[46.462,9.922],[46.376,9.8],[46.331,9.742],[46.162,9.481],[44.818,7.393],[42.181,3.146],[39.773,-1.274],[32.554,-20.441],[30.025,-41.15],[32.693,-61.266],[34.11,-66.045],[35.863,-70.666],[37.916,-75.102],[38.331,-75.956],[38.343,-75.968],[38.405,-76.055],[38.538,-76.261],[38.335,-76.182],[38.215,-76.119],[38.126,-76.066],[37.331,-75.529],[33.775,-72.998],[10.451,-49.294],[-8.323,-26.529],[-25.909,-9.416],[-41.863,0.113],[-48.266,2.348],[-53.11,3.417]],"c":true},"ix":2},"nm":"Trazado 1","mn":"ADBE Vector Shape - Group","hd":false},{"ty":"fl","c":{"a":0,"k":[0.830999995213,0.176000004189,0.2,1],"ix":4},"o":{"a":0,"k":100,"ix":5},"r":1,"bm":0,"nm":"Relleno 1","mn":"ADBE Vector Graphic - Fill","hd":false},{"ty":"tr","p":{"a":0,"k":[264.959,121.19],"ix":2},"a":{"a":0,"k":[0,0],"ix":1},"s":{"a":0,"k":[100,100],"ix":3},"r":{"a":0,"k":0,"ix":6},"o":{"a":0,"k":100,"ix":7},"sk":{"a":0,"k":0,"ix":4},"sa":{"a":0,"k":0,"ix":5},"nm":"Transformar"}],"nm":"Grupo 7","np":2,"cix":2,"bm":0,"ix":7,"mn":"ADBE Vector Group","hd":false},{"ty":"gr","it":[{"ind":0,"ty":"sh","ix":1,"ks":{"a":0,"k":{"i":[[0,0],[-38.347,18.047],[-22.559,-28.197],[-4.509,-12.404],[16.916,-11.28],[11.279,16.92]],"o":[[46.238,-6.768],[-19.172,29.328],[-29.328,-5.641],[-22.556,-5.638],[-11.281,7.895],[0,0]],"v":[[-54.701,-1.693],[46.804,-87.411],[54.701,8.46],[47.929,54.699],[-1.691,70.492],[-41.17,70.492]],"c":false},"ix":2},"nm":"Trazado 1","mn":"ADBE Vector Shape - Group","hd":false},{"ty":"fl","c":{"a":0,"k":[0.773000021542,0.128999986836,0.152999997606,1],"ix":4},"o":{"a":0,"k":100,"ix":5},"r":1,"bm":0,"nm":"Relleno 1","mn":"ADBE Vector Graphic - Fill","hd":false},{"ty":"tr","p":{"a":0,"k":[262.476,126.587],"ix":2},"a":{"a":0,"k":[0,0],"ix":1},"s":{"a":0,"k":[100,100],"ix":3},"r":{"a":0,"k":0,"ix":6},"o":{"a":0,"k":100,"ix":7},"sk":{"a":0,"k":0,"ix":4},"sa":{"a":0,"k":0,"ix":5},"nm":"Transformar"}],"nm":"Grupo 8","np":2,"cix":2,"bm":0,"ix":8,"mn":"ADBE Vector Group","hd":false},{"ty":"gr","it":[{"ind":0,"ty":"sh","ix":1,"ks":{"a":0,"k":{"i":[[-0.585,-0.783],[5.644,-2.58],[9.435,1.726],[2.128,0.844],[1.758,1.22],[1.242,1.459],[0.648,1.487],[-0.039,1.739],[-0.432,0.04],[-3.046,-4.172],[-2.9,-1.717],[-1.754,-0.642],[-1.979,-0.38],[-5.291,1.22]],"o":[[0.519,0.627],[-5.554,2.553],[-2.348,-0.446],[-2.118,-0.875],[-1.745,-1.248],[-1.201,-1.496],[-1.352,-2.953],[0.078,-1.751],[1.012,-0.133],[1.504,2.088],[1.468,0.832],[1.769,0.613],[7.998,1.469],[5.337,-1.207]],"v":[[26.136,2.009],[18.557,8.376],[-5.068,11.064],[-11.809,9.124],[-17.647,5.956],[-22.134,1.837],[-24.97,-2.648],[-26.616,-9.927],[-25.752,-12.657],[-20.979,-4.964],[-14.359,0.921],[-9.522,3.154],[-3.876,4.651],[17.05,4.015]],"c":true},"ix":2},"nm":"Trazado 1","mn":"ADBE Vector Shape - Group","hd":false},{"ty":"fl","c":{"a":0,"k":[0.651000019148,0.122000002394,0.136999990426,1],"ix":4},"o":{"a":0,"k":100,"ix":5},"r":1,"bm":0,"nm":"Relleno 1","mn":"ADBE Vector Graphic - Fill","hd":false},{"ty":"tr","p":{"a":0,"k":[178.256,199.586],"ix":2},"a":{"a":0,"k":[0,0],"ix":1},"s":{"a":0,"k":[100,100],"ix":3},"r":{"a":0,"k":0,"ix":6},"o":{"a":0,"k":100,"ix":7},"sk":{"a":0,"k":0,"ix":4},"sa":{"a":0,"k":0,"ix":5},"nm":"Transformar"}],"nm":"Grupo 9","np":2,"cix":2,"bm":0,"ix":9,"mn":"ADBE Vector Group","hd":false},{"ty":"gr","it":[{"ind":0,"ty":"sh","ix":1,"ks":{"a":0,"k":{"i":[[1.091,0.213],[0.039,2.924],[-2.41,4.559],[-4.893,4.575],[-1.357,1.1],[0,0],[-0.621,0.438],[-1.336,0.885],[-6.196,3.408],[-0.817,-2.078],[-0.596,-2.639],[-0.075,-0.727],[0,0],[0,0],[0,0],[0.212,-1.578],[0,0],[0,0],[0.031,-0.16],[4.281,-8.204],[2.789,-3.338],[3.808,-2.094],[3.833,1.055],[0.763,0.387],[0.628,0.42],[0.698,0.865],[0.369,0.729],[0.1,0.574],[-0.514,0.395],[-1.031,-0.256],[-0.61,-0.238],[-0.696,-0.26],[-1.178,0.471],[-1.468,1.49],[-2.679,6.955],[-1.219,8.369],[0,0],[-0.017,0.014],[-0.035,0.045],[0.007,0.166],[0.33,0.053],[0.102,0],[0.144,-0.071],[0.276,-0.159],[1.186,-0.748],[2.996,-2.676],[1.609,-1.763]],"o":[[-1.022,-0.193],[-0.027,-2.904],[2.402,-4.545],[1.232,-1.136],[0,0],[0.526,-0.405],[1.274,-0.89],[5.444,-3.508],[0.787,1.705],[0.853,2.279],[0.154,0.651],[0,0],[0,0],[0,0],[-0.025,1.574],[0,0],[0,0],[-0.034,0.41],[-1.578,10.73],[-2.169,4.086],[-2.801,3.317],[-3.724,2.119],[-0.93,-0.292],[-0.755,-0.42],[-1.175,-0.91],[-0.622,-0.922],[-0.307,-0.767],[-0.187,-1.158],[0.521,-0.394],[0.515,0.121],[0.65,0.178],[1.434,0.336],[1.162,-0.384],[2.931,-2.975],[2.702,-6.972],[0,0],[0.01,-0.077],[0.015,-0.008],[0.045,-0.047],[-0.015,-0.164],[-0.078,-0.015],[-0.07,0.013],[-0.145,0.062],[-1.295,0.746],[-4.737,3.008],[-2.971,2.684],[-1.601,1.75]],"v":[[-22.221,7.27],[-24.064,2.585],[-20.665,-9.025],[-9.609,-23.036],[-5.743,-26.437],[-4.622,-27.34],[-2.775,-28.654],[1.145,-31.367],[18.443,-41.221],[21.109,-34.592],[23.52,-27.652],[23.984,-25.714],[24.223,-23.546],[24.467,-21.365],[24.477,-19.023],[24.335,-14.285],[24.122,-11.91],[24.005,-10.715],[23.899,-9.725],[14.69,18.622],[7.298,29.803],[-2.462,38.16],[-14.851,40.167],[-17.454,39.232],[-19.532,37.969],[-22.309,35.243],[-23.785,32.76],[-24.361,30.734],[-23.846,28.421],[-21.477,28.264],[-19.797,28.837],[-17.768,29.49],[-13.598,29.715],[-9.952,27.156],[-1.04,11.303],[5.251,-12.309],[5.307,-12.669],[5.334,-12.73],[5.404,-12.799],[5.573,-13.298],[5.094,-13.656],[4.823,-13.673],[4.614,-13.635],[3.745,-13.128],[0.057,-10.861],[-11.504,-2.184],[-18.277,4.637]],"c":true},"ix":2},"nm":"Trazado 1","mn":"ADBE Vector Shape - Group","hd":false},{"ty":"fl","c":{"a":0,"k":[0.651000019148,0.122000002394,0.136999990426,1],"ix":4},"o":{"a":0,"k":100,"ix":5},"r":1,"bm":0,"nm":"Relleno 1","mn":"ADBE Vector Graphic - Fill","hd":false},{"ty":"tr","p":{"a":0,"k":[66.002,213.424],"ix":2},"a":{"a":0,"k":[0,0],"ix":1},"s":{"a":0,"k":[100,100],"ix":3},"r":{"a":0,"k":0,"ix":6},"o":{"a":0,"k":100,"ix":7},"sk":{"a":0,"k":0,"ix":4},"sa":{"a":0,"k":0,"ix":5},"nm":"Transformar"}],"nm":"Grupo 10","np":2,"cix":2,"bm":0,"ix":10,"mn":"ADBE Vector Group","hd":false},{"ty":"gr","it":[{"ind":0,"ty":"sh","ix":1,"ks":{"a":0,"k":{"i":[[0,0],[7.896,13.531],[-16.919,-22.559]],"o":[[-15.79,-7.896],[-12.404,25.938],[0,0]],"v":[[19.174,12.831],[-6.77,-47.795],[-0.002,47.795]],"c":false},"ix":2},"nm":"Trazado 1","mn":"ADBE Vector Shape - Group","hd":false},{"ty":"fl","c":{"a":0,"k":[0.773000021542,0.128999986836,0.152999997606,1],"ix":4},"o":{"a":0,"k":100,"ix":5},"r":1,"bm":0,"nm":"Relleno 1","mn":"ADBE Vector Graphic - Fill","hd":false},{"ty":"tr","p":{"a":0,"k":[26.188,216.957],"ix":2},"a":{"a":0,"k":[0,0],"ix":1},"s":{"a":0,"k":[100,100],"ix":3},"r":{"a":0,"k":0,"ix":6},"o":{"a":0,"k":100,"ix":7},"sk":{"a":0,"k":0,"ix":4},"sa":{"a":0,"k":0,"ix":5},"nm":"Transformar"}],"nm":"Grupo 11","np":2,"cix":2,"bm":0,"ix":11,"mn":"ADBE Vector Group","hd":false},{"ty":"gr","it":[{"ind":0,"ty":"sh","ix":1,"ks":{"a":0,"k":{"i":[[0,0],[-18.609,-5.077],[23.688,-13.534],[16.922,-10.152],[1.689,25.379],[-10.15,21.992],[0,0]],"o":[[8.457,-16.914],[62.594,15.228],[-16.918,8.459],[-10.149,8.458],[-1.693,-25.373],[0,0],[0,0]],"v":[[-33.833,-41.45],[25.378,-65.133],[-0.001,4.23],[-50.756,32.992],[-86.279,44.831],[-33.833,-44.831],[-32.145,-44.831]],"c":false},"ix":2},"nm":"Trazado 1","mn":"ADBE Vector Shape - Group","hd":false},{"ty":"fl","c":{"a":0,"k":[0.944999964097,0.395999983245,0.13300000359,1],"ix":4},"o":{"a":0,"k":100,"ix":5},"r":1,"bm":0,"nm":"Relleno 1","mn":"ADBE Vector Graphic - Fill","hd":false},{"ty":"tr","p":{"a":0,"k":[125.439,170.292],"ix":2},"a":{"a":0,"k":[0,0],"ix":1},"s":{"a":0,"k":[100,100],"ix":3},"r":{"a":0,"k":0,"ix":6},"o":{"a":0,"k":100,"ix":7},"sk":{"a":0,"k":0,"ix":4},"sa":{"a":0,"k":0,"ix":5},"nm":"Transformar"}],"nm":"Grupo 12","np":2,"cix":2,"bm":0,"ix":12,"mn":"ADBE Vector Group","hd":false},{"ty":"gr","it":[{"ind":0,"ty":"sh","ix":1,"ks":{"a":0,"k":{"i":[[0,-15.881],[-11.992,0],[0,15.885],[11.993,0]],"o":[[0,15.885],[11.993,0],[0,-15.881],[-11.992,0]],"v":[[-21.712,-0.002],[0.002,28.761],[21.712,-0.002],[0.002,-28.761]],"c":true},"ix":2},"nm":"Trazado 1","mn":"ADBE Vector Shape - Group","hd":false},{"ty":"fl","c":{"a":0,"k":[0.651000019148,0.122000002394,0.136999990426,1],"ix":4},"o":{"a":0,"k":100,"ix":5},"r":1,"bm":0,"nm":"Relleno 1","mn":"ADBE Vector Graphic - Fill","hd":false},{"ty":"tr","p":{"a":0,"k":[177.602,174.523],"ix":2},"a":{"a":0,"k":[0,0],"ix":1},"s":{"a":0,"k":[100,100],"ix":3},"r":{"a":0,"k":0,"ix":6},"o":{"a":0,"k":100,"ix":7},"sk":{"a":0,"k":0,"ix":4},"sa":{"a":0,"k":0,"ix":5},"nm":"Transformar"}],"nm":"Grupo 13","np":2,"cix":2,"bm":0,"ix":13,"mn":"ADBE Vector Group","hd":false},{"ty":"gr","it":[{"ind":0,"ty":"sh","ix":1,"ks":{"a":0,"k":{"i":[[0,0],[10.149,10.155],[13.537,-3.379],[20.298,-23.683],[-30.45,-43.986],[-60.907,3.386],[10.148,67.67]],"o":[[-3.387,-10.15],[-6.765,-6.764],[-27.069,6.769],[-27.07,33.834],[43.983,-40.601],[50.752,-3.381],[0,0]],"v":[[121.809,-42.297],[98.121,-82.901],[-0.003,-99.818],[-81.206,-1.693],[-104.891,103.197],[40.604,32.141],[125.193,-28.76]],"c":false},"ix":2},"nm":"Trazado 1","mn":"ADBE Vector Shape - Group","hd":false},{"ty":"fl","c":{"a":0,"k":[0.773000021542,0.128999986836,0.152999997606,1],"ix":4},"o":{"a":0,"k":100,"ix":5},"r":1,"bm":0,"nm":"Relleno 1","mn":"ADBE Vector Graphic - Fill","hd":false},{"ty":"tr","p":{"a":0,"k":[135.591,182.982],"ix":2},"a":{"a":0,"k":[0,0],"ix":1},"s":{"a":0,"k":[100,100],"ix":3},"r":{"a":0,"k":0,"ix":6},"o":{"a":0,"k":100,"ix":7},"sk":{"a":0,"k":0,"ix":4},"sa":{"a":0,"k":0,"ix":5},"nm":"Transformar"}],"nm":"Grupo 14","np":2,"cix":2,"bm":0,"ix":14,"mn":"ADBE Vector Group","hd":false},{"ty":"gr","it":[{"ind":0,"ty":"sh","ix":1,"ks":{"a":0,"k":{"i":[[0.02,0.156],[-2.602,0.675],[-4.231,2.827],[-4.485,5.669],[-4.32,8.094],[-4.928,9.714],[-8.063,9.651],[-1.068,1.181],[-1.233,1.064],[0,0],[0,0],[0,0],[-2.531,1.307],[0,0],[0,0],[-0.094,0.023],[0,0],[0.605,-1.178],[0.608,-1.186],[0,0],[0,0],[0,0],[0,0],[0,0],[0.583,-1.501],[0.465,-6.646],[-1.245,-6.738],[-3.134,-6.502],[-0.826,-1.589],[0,0],[0,0],[0,0],[0,0],[0,0],[0,0],[0,0],[0,0],[-1.859,-2.516],[2.956,0.301],[0,0],[0,0],[0,0],[0.601,-0.062],[0.949,-1.951],[-0.094,-2.508],[-0.519,-2.512],[-1.677,-4.723],[-0.431,-1.161],[-0.48,-1.269],[-0.768,-2.078],[0,0],[0.113,0.007],[0,0],[0,0],[1.085,0.232],[0,0],[0,0],[0,0],[1.118,0.088],[2.129,-0.283],[3.667,-1.828],[3.233,-2.149],[2.967,-1.976],[5.634,-1.467],[3.626,1.966],[0.692,0.579],[0.6,0.488],[0.582,0.866],[-0.12,0.078],[-1.318,-1.526],[-1.062,-1],[-0.694,-0.473],[-0.82,-0.437],[-5.166,1.568],[-5.726,4.138],[-3.196,2.251],[-3.87,2.025],[-4.726,0.692],[-2.437,-0.097],[-1.213,-0.202],[-1.002,-0.132],[-0.062,0.056],[0,0],[0.409,1.048],[0.454,1.195],[1.179,5.346],[0.11,2.897],[-1.419,3.042],[-3.224,0.582],[-0.761,-0.009],[0,0],[0,0],[0,0],[0,0],[0,0],[0,0],[0,0],[0,0],[0.735,1.759],[1.421,7.704],[-0.458,7.043],[-2.264,6.452],[-0.668,1.556],[0,0],[0,0],[0,0],[0,0],[0,0],[0.019,-0.003],[0.066,-0.039],[0.054,-0.044],[0,0],[1.096,-1.003],[0.98,-1.109],[5.069,-9.52],[4.617,-8.066],[4.855,-5.65],[4.569,-2.613],[2.646,-0.652]],"o":[[-0.024,-0.154],[2.511,-0.924],[4.242,-2.742],[4.522,-5.632],[4.382,-8.065],[4.973,-9.67],[1.028,-1.189],[1.168,-1.094],[0,0],[0,0],[0,0],[2.323,-1.393],[0,0],[0,0],[0.14,-0.068],[0,0],[-0.605,1.168],[-0.601,1.176],[0,0],[0,0],[0,0],[0,0],[0,0],[-0.622,1.471],[-2.09,6.076],[-0.414,6.647],[1.345,7.293],[0.691,1.672],[0,0],[0,0],[0,0],[0,0],[0,0],[0,0],[0,0],[0,0],[1.883,2.537],[-2.951,-0.471],[0,0],[0,0],[0,0],[-0.662,-0.017],[-2.289,0.475],[-0.946,1.971],[0.074,2.515],[1.061,5.031],[0.434,1.179],[0.488,1.292],[0.785,2.103],[0,0],[-0.014,0.072],[0,0],[0,0],[-1.09,-0.238],[0,0],[0,0],[0,0],[-1.129,-0.209],[-2.224,-0.124],[-4.265,0.553],[-3.669,1.826],[-3.25,2.171],[-5.909,4.027],[-5.611,1.482],[-0.875,-0.529],[-0.697,-0.561],[-1.036,-1.145],[-1.154,-1.735],[0.107,-0.074],[0.665,0.755],[0.6,0.409],[0.673,0.496],[3.411,1.569],[5.193,-1.578],[2.914,-2.053],[3.221,-2.247],[3.86,-2.028],[2.354,-0.356],[1.216,0.077],[0.99,0.132],[0.164,0.014],[0,0],[-0.405,-1.036],[-0.453,-1.18],[-1.768,-4.801],[-0.577,-2.677],[-0.106,-2.876],[1.36,-3.086],[0.791,-0.117],[0,0],[0,0],[0,0],[0,0],[0,0],[0,0],[0,0],[0,0],[-0.873,-1.662],[-3.316,-6.827],[-1.319,-7.111],[0.51,-7.055],[0.618,-1.595],[0,0],[0,0],[0,0],[0,0],[0,0],[0.017,-0.029],[-0.053,0.016],[-0.031,0.012],[0,0],[-1.142,0.965],[-1.01,1.101],[-7.72,9.047],[-5.038,9.569],[-4.558,8.089],[-4.816,5.692],[-4.553,2.7],[-2.736,0.4]],"v":[[-51.978,25.745],[-48.026,24.474],[-37.48,19.516],[-24.016,7.015],[-10.745,-13.708],[2.854,-40.618],[21.302,-70.423],[24.488,-73.95],[28.018,-77.265],[29.971,-78.853],[31.75,-80.179],[33.488,-81.234],[40.671,-85.345],[42.534,-86.35],[43.47,-86.857],[43.906,-87.077],[43.681,-86.638],[41.867,-83.116],[40.047,-79.571],[39.128,-77.787],[37.958,-75.6],[36.754,-73.353],[36.224,-72.243],[35.194,-70.089],[33.48,-65.597],[29.5,-46.427],[30.751,-26.251],[37.566,-5.437],[40.031,-0.639],[41.307,1.721],[42.742,3.974],[44.168,6.217],[44.525,6.775],[44.701,7.053],[44.789,7.196],[44.971,7.433],[46.384,9.345],[52.003,16.927],[43.155,15.704],[42.049,15.572],[41.549,15.591],[40.596,15.624],[38.814,15.862],[33.906,19.532],[32.736,26.503],[33.708,34.083],[38.044,48.716],[39.335,52.232],[40.784,56.075],[43.111,62.344],[43.257,62.739],[42.906,62.699],[42.081,62.524],[40.439,62.172],[37.184,61.474],[35.655,61.152],[34.801,61.027],[33.104,60.78],[29.733,60.483],[23.189,60.739],[11.272,64.515],[0.988,70.685],[-8.34,76.907],[-25.75,85.595],[-40.384,84.624],[-42.853,83.142],[-44.803,81.57],[-47.354,78.649],[-48.921,75.911],[-46.736,78.136],[-44.025,80.669],[-42.087,81.991],[-39.733,83.203],[-26.358,83.409],[-9.974,74.515],[-0.807,68.054],[9.703,61.445],[22.664,57.084],[29.888,56.682],[33.559,56.949],[36.552,57.347],[37.022,57.392],[36.772,56.806],[35.549,53.681],[34.193,50.12],[29.543,34.971],[28.406,26.635],[29.962,17.599],[37.846,11.52],[40.242,11.18],[41.975,11.104],[42.074,11.104],[41.285,10.063],[41.091,9.799],[40.406,8.742],[38.9,6.393],[37.387,4.032],[36.035,1.561],[33.435,-3.474],[26.229,-25.398],[24.93,-46.747],[29.234,-67.107],[31.077,-71.87],[32.18,-74.155],[32.712,-75.259],[32.728,-75.281],[32.829,-75.431],[32.897,-75.531],[32.845,-75.523],[32.669,-75.435],[32.539,-75.347],[30.839,-73.985],[27.548,-70.948],[24.526,-67.667],[6.242,-38.864],[-7.896,-12.13],[-22.039,8.663],[-36.555,21.051],[-47.798,25.374]],"c":true},"ix":2},"nm":"Trazado 1","mn":"ADBE Vector Shape - Group","hd":false},{"ty":"fl","c":{"a":0,"k":[0.830999995213,0.176000004189,0.2,1],"ix":4},"o":{"a":0,"k":100,"ix":5},"r":1,"bm":0,"nm":"Relleno 1","mn":"ADBE Vector Graphic - Fill","hd":false},{"ty":"tr","p":{"a":0,"k":[160.254,87.327],"ix":2},"a":{"a":0,"k":[0,0],"ix":1},"s":{"a":0,"k":[100,100],"ix":3},"r":{"a":0,"k":0,"ix":6},"o":{"a":0,"k":100,"ix":7},"sk":{"a":0,"k":0,"ix":4},"sa":{"a":0,"k":0,"ix":5},"nm":"Transformar"}],"nm":"Grupo 15","np":2,"cix":2,"bm":0,"ix":15,"mn":"ADBE Vector Group","hd":false},{"ty":"gr","it":[{"ind":0,"ty":"sh","ix":1,"ks":{"a":0,"k":{"i":[[0,0],[-38.347,18.048],[-22.559,-28.2],[-4.511,-12.404],[16.918,-11.277],[11.278,16.918]],"o":[[46.241,-6.766],[-19.175,29.324],[-29.329,-5.644],[-22.562,-5.637],[-11.278,7.896],[0,0]],"v":[[-49.46,20.325],[41.568,-87.409],[49.46,8.462],[42.693,54.702],[-6.933,70.491],[-46.403,70.491]],"c":false},"ix":2},"nm":"Trazado 1","mn":"ADBE Vector Shape - Group","hd":false},{"ty":"fl","c":{"a":0,"k":[0.773000021542,0.128999986836,0.152999997606,1],"ix":4},"o":{"a":0,"k":100,"ix":5},"r":1,"bm":0,"nm":"Relleno 1","mn":"ADBE Vector Graphic - Fill","hd":false},{"ty":"tr","p":{"a":0,"k":[157.736,92.747],"ix":2},"a":{"a":0,"k":[0,0],"ix":1},"s":{"a":0,"k":[100,100],"ix":3},"r":{"a":0,"k":0,"ix":6},"o":{"a":0,"k":100,"ix":7},"sk":{"a":0,"k":0,"ix":4},"sa":{"a":0,"k":0,"ix":5},"nm":"Transformar"}],"nm":"Grupo 16","np":2,"cix":2,"bm":0,"ix":16,"mn":"ADBE Vector Group","hd":false}],"ip":25,"op":75,"st":-27,"bm":0},{"ddd":0,"ind":6,"ty":4,"nm":"ojosAbiertos contornos","sr":1,"ks":{"o":{"a":0,"k":100,"ix":11},"r":{"a":0,"k":0,"ix":10},"p":{"a":0,"k":[330.337,143.72,0],"ix":2},"a":{"a":0,"k":[161.255,143.215,0],"ix":1},"s":{"a":0,"k":[100,100,100],"ix":6}},"ao":0,"shapes":[{"ty":"gr","it":[{"ind":0,"ty":"sh","ix":1,"ks":{"a":0,"k":{"i":[[0,-5.203],[5.203,0],[0,5.201],[-5.203,0]],"o":[[0,5.201],[-5.203,0],[0,-5.203],[5.203,0]],"v":[[9.422,0.001],[0,9.423],[-9.422,0.001],[0,-9.423]],"c":true},"ix":2},"nm":"Trazado 1","mn":"ADBE Vector Shape - Group","hd":false},{"ty":"fl","c":{"a":0,"k":[0,0,0,1],"ix":4},"o":{"a":0,"k":100,"ix":5},"r":1,"bm":0,"nm":"Relleno 1","mn":"ADBE Vector Graphic - Fill","hd":false},{"ty":"tr","p":{"a":0,"k":[175.322,155.028],"ix":2},"a":{"a":0,"k":[0,0],"ix":1},"s":{"a":0,"k":[100,100],"ix":3},"r":{"a":0,"k":0,"ix":6},"o":{"a":0,"k":100,"ix":7},"sk":{"a":0,"k":0,"ix":4},"sa":{"a":0,"k":0,"ix":5},"nm":"Transformar"}],"nm":"Grupo 1","np":2,"cix":2,"bm":0,"ix":1,"mn":"ADBE Vector Group","hd":false},{"ty":"gr","it":[{"ind":0,"ty":"sh","ix":1,"ks":{"a":0,"k":{"i":[[0.998,0.23],[12.536,-4.113],[-10.332,0],[-1.847,14.465]],"o":[[-11.729,-2.733],[2.088,14.022],[10.547,0],[-0.975,-0.321]],"v":[[18.146,-11.771],[-21.102,-10.029],[-0.057,14.504],[21.102,-10.927]],"c":true},"ix":2},"nm":"Trazado 1","mn":"ADBE Vector Shape - Group","hd":false},{"ty":"fl","c":{"a":0,"k":[0.830999995213,0.176000004189,0.2,1],"ix":4},"o":{"a":0,"k":100,"ix":5},"r":1,"bm":0,"nm":"Relleno 1","mn":"ADBE Vector Graphic - Fill","hd":false},{"ty":"tr","p":{"a":0,"k":[175.322,186.437],"ix":2},"a":{"a":0,"k":[0,0],"ix":1},"s":{"a":0,"k":[100,100],"ix":3},"r":{"a":0,"k":0,"ix":6},"o":{"a":0,"k":100,"ix":7},"sk":{"a":0,"k":0,"ix":4},"sa":{"a":0,"k":0,"ix":5},"nm":"Transformar"}],"nm":"Grupo 2","np":2,"cix":2,"bm":0,"ix":2,"mn":"ADBE Vector Group","hd":false},{"ty":"gr","it":[{"ind":0,"ty":"sh","ix":1,"ks":{"a":0,"k":{"i":[[0,-13.145],[9.102,0],[0,13.146],[-9.103,0]],"o":[[0,13.146],[-9.103,0],[0,-13.145],[9.102,0]],"v":[[16.484,0],[-0.001,23.804],[-16.484,0],[-0.001,-23.804]],"c":true},"ix":2},"nm":"Trazado 1","mn":"ADBE Vector Shape - Group","hd":false},{"ty":"fl","c":{"a":0,"k":[1,1,1,1],"ix":4},"o":{"a":0,"k":100,"ix":5},"r":1,"bm":0,"nm":"Relleno 1","mn":"ADBE Vector Graphic - Fill","hd":false},{"ty":"tr","p":{"a":0,"k":[175.456,169.566],"ix":2},"a":{"a":0,"k":[0,0],"ix":1},"s":{"a":0,"k":[100,100],"ix":3},"r":{"a":0,"k":0,"ix":6},"o":{"a":0,"k":100,"ix":7},"sk":{"a":0,"k":0,"ix":4},"sa":{"a":0,"k":0,"ix":5},"nm":"Transformar"}],"nm":"Grupo 3","np":2,"cix":2,"bm":0,"ix":3,"mn":"ADBE Vector Group","hd":false},{"ty":"gr","it":[{"ind":0,"ty":"sh","ix":1,"ks":{"a":0,"k":{"i":[[-0.169,-0.055],[-0.998,2.037],[-2.237,3.326],[-1.583,1.693],[-2.211,1.171],[-2.6,-0.419],[-1.222,-0.617],[-0.53,-0.416],[0,0],[0,0],[-1.084,-2.621],[-0.651,-2.573],[-0.523,-4.019],[-0.402,0.001],[0.535,8.216],[1.209,5.357],[1.123,2.817],[2.233,2.527],[0,0],[0.319,0.276],[0.749,0.342],[1.616,0.244],[2.515,-1.416],[1.636,-1.866],[1.064,-1.791],[0.726,-2.19]],"o":[[0.187,0.062],[1.01,-2.026],[1.123,-1.655],[1.589,-1.675],[2.207,-1.157],[1.292,0.209],[0.634,0.292],[0,0],[0,0],[1.905,2.153],[1.087,2.631],[1.302,5.152],[1.016,8.052],[0.348,0.006],[-0.285,-4.103],[-0.604,-2.676],[-1.127,-2.805],[0,0],[-0.312,-0.287],[-0.679,-0.536],[-1.486,-0.741],[-3.248,-0.491],[-2.534,1.431],[-1.623,1.885],[-2.115,3.595],[-0.712,2.2]],"v":[[-21.156,0.821],[-19.432,-2.304],[-14.716,-10.592],[-10.686,-15.683],[-5.014,-20.16],[2.361,-21.505],[6.177,-20.213],[7.869,-19.127],[8.655,-18.439],[9.396,-17.678],[13.773,-10.294],[16.323,-2.428],[18.875,11.522],[20.499,24.625],[20.79,11.334],[18.76,-3.015],[16.242,-11.299],[11.415,-19.502],[10.533,-20.408],[9.574,-21.243],[7.415,-22.619],[2.763,-24.14],[-6.208,-22.365],[-12.359,-17.197],[-16.342,-11.619],[-20.413,-2.702]],"c":true},"ix":2},"nm":"Trazado 1","mn":"ADBE Vector Shape - Group","hd":false},{"ty":"fl","c":{"a":0,"k":[0.651000019148,0.122000002394,0.136999990426,1],"ix":4},"o":{"a":0,"k":100,"ix":5},"r":1,"bm":0,"nm":"Relleno 1","mn":"ADBE Vector Graphic - Fill","hd":false},{"ty":"tr","p":{"a":0,"k":[179.62,132.386],"ix":2},"a":{"a":0,"k":[0,0],"ix":1},"s":{"a":0,"k":[100,100],"ix":3},"r":{"a":0,"k":0,"ix":6},"o":{"a":0,"k":100,"ix":7},"sk":{"a":0,"k":0,"ix":4},"sa":{"a":0,"k":0,"ix":5},"nm":"Transformar"}],"nm":"Grupo 4","np":2,"cix":2,"bm":0,"ix":4,"mn":"ADBE Vector Group","hd":false},{"ty":"gr","it":[{"ind":0,"ty":"sh","ix":1,"ks":{"a":0,"k":{"i":[[-0.353,-0.278],[1.143,-2.057],[0.902,-1.393],[1.231,-1.692],[10.42,-7.88],[1.309,-0.895],[1.293,-0.838],[1.323,-0.683],[0,0],[0,0],[0.016,-0.003],[0,0],[-0.099,-0.305],[-0.14,-0.661],[-0.114,-1.267],[-0.039,-2.127],[0.833,-0.016],[1.134,8.008],[0.54,2.254],[0.319,1.178],[0,0],[0.174,0.508],[0.377,1.079],[0,0],[0.012,0.065],[0,0],[0,0],[-0.59,0.33],[-0.979,0.544],[-1.244,0.697],[-1.228,0.833],[-1.171,1],[-5.785,5.816],[-1.182,1.14],[-0.873,0.777]],"o":[[0.356,0.277],[-0.573,1.027],[-0.932,1.376],[-4.978,6.687],[-1.239,1.052],[-1.335,0.867],[-1.378,0.707],[0,0],[0,0],[-0.052,0.025],[0,0],[-0.026,0.036],[0.147,0.704],[0.261,1.347],[0.351,2.53],[-0.019,8.502],[-0.96,0.021],[-0.326,-1.988],[-0.218,-1.145],[0,0],[-0.173,-0.499],[-0.362,-1.052],[0,0],[-0.024,-0.065],[0,0],[0,0],[0.589,-0.327],[0.962,-0.533],[1.203,-0.673],[1.191,-0.807],[1.211,-0.853],[9.753,-7.367],[1.432,-1.475],[1.162,-1.162],[1.747,-1.558]],"v":[[24.769,-34.834],[23.517,-31.237],[21.305,-27.587],[18.055,-22.97],[-4.91,0.584],[-8.881,3.333],[-12.827,5.89],[-16.882,7.976],[-17.378,8.227],[-17.623,8.35],[-17.662,8.361],[-17.71,8.358],[-17.77,8.563],[-17.338,10.611],[-16.657,14.526],[-16.164,21.528],[-18.088,35.091],[-20.761,21.897],[-21.982,15.488],[-22.899,12.042],[-23.145,11.153],[-23.669,9.641],[-24.78,6.446],[-25.058,5.626],[-25.125,5.423],[-24.908,5.304],[-24.473,5.062],[-22.702,4.079],[-19.79,2.462],[-16.122,0.409],[-12.502,-2.054],[-8.813,-4.646],[14.547,-25.962],[18.481,-29.894],[21.534,-32.823]],"c":true},"ix":2},"nm":"Trazado 1","mn":"ADBE Vector Shape - Group","hd":false},{"ty":"fl","c":{"a":0,"k":[0.651000019148,0.122000002394,0.136999990426,1],"ix":4},"o":{"a":0,"k":100,"ix":5},"r":1,"bm":0,"nm":"Relleno 1","mn":"ADBE Vector Graphic - Fill","hd":false},{"ty":"tr","p":{"a":0,"k":[254.056,123.641],"ix":2},"a":{"a":0,"k":[0,0],"ix":1},"s":{"a":0,"k":[100,100],"ix":3},"r":{"a":0,"k":0,"ix":6},"o":{"a":0,"k":100,"ix":7},"sk":{"a":0,"k":0,"ix":4},"sa":{"a":0,"k":0,"ix":5},"nm":"Transformar"}],"nm":"Grupo 5","np":2,"cix":2,"bm":0,"ix":5,"mn":"ADBE Vector Group","hd":false},{"ty":"gr","it":[{"ind":0,"ty":"sh","ix":1,"ks":{"a":0,"k":{"i":[[0.02,0.158],[-8.99,4.298],[-5.385,4.562],[-5.728,6.868],[-6.635,8.315],[-9.67,7.531],[-1.285,0.868],[0,0],[-0.595,0.339],[-1.208,0.677],[-2.516,1.324],[0,0],[0.067,-0.134],[0,0],[0,0],[0.668,-1.219],[0.681,-1.244],[0,0],[0,0],[0,0],[0,0],[0.526,-1.449],[0.542,-1.457],[0.45,-1.505],[-0.099,-6.511],[-1.57,-6.505],[-2.842,-5.75],[-0.757,-1.4],[-0.822,-1.347],[0,0],[0,0],[0,0],[0,0],[0,0],[-1.666,-2.246],[2.956,0.301],[0,0],[0.175,-0.002],[0,0],[0.592,-0.063],[0.962,-1.929],[-0.08,-2.498],[-0.519,-2.507],[-1.677,-4.719],[-0.427,-1.165],[-0.474,-1.24],[-0.776,-2.078],[0,0],[0,0],[0.038,-0.012],[0,0],[0,0],[1.087,0.23],[0,0],[0,0],[0,0],[1.113,0.084],[1.096,-0.019],[1.066,-0.11],[3.666,-1.817],[3.238,-2.146],[2.966,-1.981],[5.647,-1.472],[3.642,1.965],[0.701,0.572],[0.606,0.49],[0.593,0.867],[-0.113,0.075],[-1.322,-1.529],[-1.066,-0.996],[-0.692,-0.473],[-0.825,-0.432],[-5.168,1.588],[-5.739,4.142],[-3.2,2.256],[-3.881,2.017],[-4.73,0.684],[-1.206,0.002],[-1.216,-0.099],[-1.217,-0.202],[-0.965,-0.128],[-0.02,0.088],[0,0],[0.42,1.073],[0.454,1.191],[1.178,5.338],[0.104,2.892],[-1.423,3.041],[-3.214,0.567],[-0.75,-0.01],[0,0],[0,0],[0,0],[0,0],[0,0],[0,0],[0,0],[0,0],[0.785,1.48],[0.805,1.479],[1.732,6.717],[0.022,6.884],[-1.667,6.448],[-0.566,1.554],[-0.58,1.534],[-0.674,1.477],[0,0],[0,0],[0,0],[-0.016,0.042],[0.074,-0.037],[0,0],[0.062,-0.039],[0,0],[1.138,-0.902],[6.725,-8.085],[5.991,-6.812],[5.72,-4.479],[4.716,-1.965],[1.875,-0.565],[1.315,-0.24]],"o":[[-0.116,-0.5],[4.463,-2.158],[5.405,-4.543],[5.756,-6.858],[6.667,-8.258],[1.19,-0.959],[0,0],[0.571,-0.398],[1.203,-0.677],[2.415,-1.376],[0,0],[-0.003,0.075],[0,0],[0,0],[-0.661,1.215],[-0.675,1.241],[0,0],[0,0],[0,0],[0,0],[-0.622,1.392],[-0.539,1.445],[-0.526,1.462],[-1.534,6.078],[0.043,6.496],[1.642,6.369],[0.758,1.41],[0.738,1.412],[0,0],[0,0],[0,0],[0,0],[0,0],[1.679,2.27],[-2.953,-0.471],[0,0],[-0.232,-0.015],[0,0],[-0.655,-0.022],[-2.294,0.461],[-0.945,1.958],[0.068,2.51],[1.058,5.02],[0.429,1.18],[0.475,1.259],[0.783,2.11],[0,0],[0,0],[0.068,0.104],[0,0],[0,0],[-1.094,-0.237],[0,0],[0,0],[0,0],[-1.127,-0.206],[-1.116,-0.113],[-1.101,-0.019],[-4.266,0.535],[-3.675,1.813],[-3.25,2.171],[-5.917,4.027],[-5.621,1.5],[-0.878,-0.53],[-0.701,-0.562],[-1.042,-1.142],[-1.158,-1.742],[0.118,-0.077],[0.671,0.756],[0.603,0.414],[0.682,0.487],[3.419,1.567],[5.205,-1.585],[2.914,-2.059],[3.223,-2.246],[3.862,-2.017],[1.185,-0.142],[1.209,-0.044],[1.223,0.066],[0.951,0.125],[0.146,0.001],[0,0],[-0.416,-1.06],[-0.446,-1.179],[-1.763,-4.798],[-0.573,-2.673],[-0.089,-2.875],[1.382,-3.069],[0.79,-0.114],[0,0],[0,0],[0,0],[0,0],[0,0],[0,0],[0,0],[0,0],[-0.87,-1.415],[-0.802,-1.465],[-3.004,-6.039],[-1.655,-6.861],[-0.09,-6.897],[0.479,-1.599],[0.586,-1.549],[0.57,-1.536],[0,0],[0,0],[0,0],[0.037,-0.056],[-0.059,0.024],[0,0],[-0.024,0.016],[0,0],[-1.221,0.807],[-9.241,7.044],[-6.706,8.143],[-5.968,6.824],[-5.702,4.502],[-2.351,1.014],[-1.901,0.486],[-2.662,0.345]],"v":[[-57.184,3.704],[-42.594,-1.519],[-27.531,-11.416],[-10.796,-28.649],[7.489,-51.701],[31.202,-76.368],[34.939,-79.083],[36.016,-79.816],[37.799,-80.86],[41.422,-82.889],[48.91,-86.817],[49.383,-87.063],[49.176,-86.649],[48.684,-85.749],[47.693,-83.937],[45.7,-80.286],[43.67,-76.559],[42.531,-74.426],[42.263,-73.925],[42.14,-73.667],[41.891,-73.149],[39.986,-68.965],[38.363,-64.609],[37.053,-60.109],[34.603,-41.145],[37.024,-21.559],[43.861,-3.348],[46.14,0.868],[48.64,4.916],[49.911,6.913],[50.07,7.161],[50.382,7.592],[51.018,8.442],[52.282,10.141],[57.3,16.916],[48.455,15.692],[47.35,15.567],[46.837,15.579],[45.886,15.611],[44.112,15.846],[39.203,19.481],[38.015,26.417],[38.982,33.979],[43.298,48.589],[44.585,52.105],[46.002,55.858],[48.338,62.137],[48.482,62.535],[48.554,62.727],[48.414,62.744],[47.587,62.565],[45.939,62.214],[42.67,61.513],[41.054,61.167],[40.187,61.04],[38.49,60.788],[35.127,60.481],[31.818,60.452],[28.584,60.72],[16.661,64.457],[6.366,70.61],[-2.966,76.841],[-20.399,85.563],[-35.079,84.63],[-37.557,83.145],[-39.518,81.566],[-42.079,78.638],[-43.654,75.888],[-41.452,78.116],[-38.731,80.651],[-36.787,81.977],[-34.42,83.184],[-21.022,83.35],[-4.619,74.419],[4.554,67.948],[15.086,61.345],[28.064,57.022],[31.644,56.671],[35.288,56.645],[38.961,56.927],[41.837,57.308],[42.265,57.333],[42.019,56.762],[40.764,53.559],[39.413,50.004],[34.783,34.869],[33.659,26.542],[35.248,17.515],[43.143,11.48],[45.528,11.144],[47.246,11.07],[47.327,11.067],[46.638,10.156],[46.462,9.922],[46.376,9.8],[46.332,9.742],[46.162,9.481],[44.819,7.393],[42.181,3.146],[39.773,-1.274],[32.554,-20.441],[30.025,-41.15],[32.694,-61.266],[34.111,-66.045],[35.863,-70.666],[37.916,-75.102],[38.332,-75.956],[38.343,-75.968],[38.405,-76.055],[38.539,-76.261],[38.336,-76.182],[38.215,-76.119],[38.127,-76.066],[37.332,-75.529],[33.776,-72.998],[10.452,-49.294],[-8.323,-26.529],[-25.909,-9.416],[-41.863,0.113],[-48.266,2.348],[-53.11,3.417]],"c":true},"ix":2},"nm":"Trazado 1","mn":"ADBE Vector Shape - Group","hd":false},{"ty":"fl","c":{"a":0,"k":[0.830999995213,0.176000004189,0.2,1],"ix":4},"o":{"a":0,"k":100,"ix":5},"r":1,"bm":0,"nm":"Relleno 1","mn":"ADBE Vector Graphic - Fill","hd":false},{"ty":"tr","p":{"a":0,"k":[264.959,121.19],"ix":2},"a":{"a":0,"k":[0,0],"ix":1},"s":{"a":0,"k":[100,100],"ix":3},"r":{"a":0,"k":0,"ix":6},"o":{"a":0,"k":100,"ix":7},"sk":{"a":0,"k":0,"ix":4},"sa":{"a":0,"k":0,"ix":5},"nm":"Transformar"}],"nm":"Grupo 6","np":2,"cix":2,"bm":0,"ix":6,"mn":"ADBE Vector Group","hd":false},{"ty":"gr","it":[{"ind":0,"ty":"sh","ix":1,"ks":{"a":0,"k":{"i":[[0,0],[-38.347,18.047],[-22.558,-28.197],[-4.51,-12.404],[16.916,-11.28],[11.28,16.92]],"o":[[46.238,-6.768],[-19.172,29.328],[-29.328,-5.641],[-22.557,-5.638],[-11.281,7.895],[0,0]],"v":[[-54.701,-1.693],[46.804,-87.411],[54.701,8.46],[47.93,54.699],[-1.691,70.492],[-41.17,70.492]],"c":false},"ix":2},"nm":"Trazado 1","mn":"ADBE Vector Shape - Group","hd":false},{"ty":"fl","c":{"a":0,"k":[0.773000021542,0.128999986836,0.152999997606,1],"ix":4},"o":{"a":0,"k":100,"ix":5},"r":1,"bm":0,"nm":"Relleno 1","mn":"ADBE Vector Graphic - Fill","hd":false},{"ty":"tr","p":{"a":0,"k":[262.476,126.587],"ix":2},"a":{"a":0,"k":[0,0],"ix":1},"s":{"a":0,"k":[100,100],"ix":3},"r":{"a":0,"k":0,"ix":6},"o":{"a":0,"k":100,"ix":7},"sk":{"a":0,"k":0,"ix":4},"sa":{"a":0,"k":0,"ix":5},"nm":"Transformar"}],"nm":"Grupo 7","np":2,"cix":2,"bm":0,"ix":7,"mn":"ADBE Vector Group","hd":false},{"ty":"gr","it":[{"ind":0,"ty":"sh","ix":1,"ks":{"a":0,"k":{"i":[[-0.585,-0.783],[5.643,-2.58],[9.434,1.726],[2.127,0.844],[1.758,1.22],[1.243,1.459],[0.647,1.487],[-0.039,1.739],[-0.431,0.04],[-3.046,-4.172],[-2.901,-1.717],[-1.753,-0.642],[-1.978,-0.38],[-5.291,1.22]],"o":[[0.52,0.627],[-5.555,2.553],[-2.349,-0.446],[-2.119,-0.875],[-1.744,-1.248],[-1.201,-1.496],[-1.353,-2.953],[0.078,-1.751],[1.012,-0.133],[1.504,2.088],[1.468,0.832],[1.769,0.613],[7.998,1.469],[5.338,-1.207]],"v":[[26.136,2.009],[18.558,8.376],[-5.067,11.064],[-11.808,9.124],[-17.648,5.956],[-22.135,1.837],[-24.969,-2.648],[-26.617,-9.927],[-25.752,-12.657],[-20.979,-4.964],[-14.359,0.921],[-9.523,3.154],[-3.877,4.651],[17.049,4.015]],"c":true},"ix":2},"nm":"Trazado 1","mn":"ADBE Vector Shape - Group","hd":false},{"ty":"fl","c":{"a":0,"k":[0.651000019148,0.122000002394,0.136999990426,1],"ix":4},"o":{"a":0,"k":100,"ix":5},"r":1,"bm":0,"nm":"Relleno 1","mn":"ADBE Vector Graphic - Fill","hd":false},{"ty":"tr","p":{"a":0,"k":[178.257,199.586],"ix":2},"a":{"a":0,"k":[0,0],"ix":1},"s":{"a":0,"k":[100,100],"ix":3},"r":{"a":0,"k":0,"ix":6},"o":{"a":0,"k":100,"ix":7},"sk":{"a":0,"k":0,"ix":4},"sa":{"a":0,"k":0,"ix":5},"nm":"Transformar"}],"nm":"Grupo 8","np":2,"cix":2,"bm":0,"ix":8,"mn":"ADBE Vector Group","hd":false},{"ty":"gr","it":[{"ind":0,"ty":"sh","ix":1,"ks":{"a":0,"k":{"i":[[0.756,0.148],[0.027,2.027],[-1.67,3.16],[-3.392,3.172],[-0.941,0.762],[0,0],[-0.43,0.303],[-0.926,0.613],[-4.296,2.362],[-0.566,-1.442],[-0.413,-1.83],[-0.052,-0.504],[0,0],[0,0],[0,0],[0.147,-1.094],[0,0],[0,0],[0.022,-0.111],[2.969,-5.687],[1.933,-2.314],[2.641,-1.451],[2.658,0.73],[0.529,0.268],[0.437,0.291],[0.484,0.599],[0.256,0.505],[0.069,0.398],[-0.356,0.274],[-0.714,-0.178],[-0.423,-0.166],[-0.483,-0.18],[-0.817,0.326],[-1.018,1.033],[-1.858,4.822],[-0.845,5.803],[0,0],[-0.012,0.01],[-0.024,0.03],[0.004,0.115],[0.229,0.037],[0.07,0],[0.101,-0.048],[0.191,-0.11],[0.824,-0.518],[2.077,-1.855],[1.117,-1.224]],"o":[[-0.709,-0.133],[-0.019,-2.014],[1.665,-3.151],[0.854,-0.787],[0,0],[0.364,-0.281],[0.883,-0.617],[3.775,-2.432],[0.546,1.181],[0.591,1.58],[0.106,0.45],[0,0],[0,0],[0,0],[-0.017,1.092],[0,0],[0,0],[-0.024,0.284],[-1.094,7.44],[-1.504,2.832],[-1.942,2.299],[-2.582,1.469],[-0.645,-0.205],[-0.524,-0.292],[-0.814,-0.631],[-0.431,-0.639],[-0.213,-0.532],[-0.13,-0.803],[0.361,-0.272],[0.357,0.084],[0.45,0.123],[0.994,0.233],[0.805,-0.267],[2.032,-2.062],[1.873,-4.834],[0,0],[0.007,-0.054],[0.01,-0.006],[0.032,-0.032],[-0.01,-0.113],[-0.054,-0.01],[-0.049,0.009],[-0.1,0.043],[-0.898,0.517],[-3.284,2.086],[-2.06,1.861],[-1.109,1.213]],"v":[[-15.406,5.04],[-16.684,1.792],[-14.328,-6.257],[-6.662,-15.972],[-3.981,-18.328],[-3.205,-18.955],[-1.924,-19.866],[0.793,-21.747],[12.786,-28.579],[14.635,-23.983],[16.307,-19.171],[16.628,-17.827],[16.794,-16.325],[16.963,-14.812],[16.97,-13.189],[16.872,-9.903],[16.724,-8.257],[16.643,-7.43],[16.569,-6.743],[10.184,12.911],[5.06,20.663],[-1.707,26.456],[-10.296,27.849],[-12.101,27.2],[-13.542,26.325],[-15.467,24.435],[-16.49,22.713],[-16.889,21.308],[-16.533,19.704],[-14.89,19.597],[-13.725,19.993],[-12.318,20.445],[-9.427,20.603],[-6.9,18.827],[-0.72,7.837],[3.64,-8.534],[3.679,-8.783],[3.698,-8.825],[3.746,-8.874],[3.864,-9.22],[3.531,-9.468],[3.344,-9.48],[3.198,-9.454],[2.596,-9.102],[0.039,-7.53],[-7.975,-1.515],[-12.672,3.216]],"c":true},"ix":2},"nm":"Trazado 1","mn":"ADBE Vector Shape - Group","hd":false},{"ty":"fl","c":{"a":0,"k":[0.651000019148,0.122000002394,0.136999990426,1],"ix":4},"o":{"a":0,"k":100,"ix":5},"r":1,"bm":0,"nm":"Relleno 1","mn":"ADBE Vector Graphic - Fill","hd":false},{"ty":"tr","p":{"a":0,"k":[58.509,225.876],"ix":2},"a":{"a":0,"k":[0,0],"ix":1},"s":{"a":0,"k":[100,100],"ix":3},"r":{"a":0,"k":0,"ix":6},"o":{"a":0,"k":100,"ix":7},"sk":{"a":0,"k":0,"ix":4},"sa":{"a":0,"k":0,"ix":5},"nm":"Transformar"}],"nm":"Grupo 9","np":2,"cix":2,"bm":0,"ix":9,"mn":"ADBE Vector Group","hd":false},{"ty":"gr","it":[{"ind":0,"ty":"sh","ix":1,"ks":{"a":0,"k":{"i":[[0,0],[7.895,13.531],[-16.919,-22.559]],"o":[[-15.79,-7.896],[-12.405,25.938],[0,0]],"v":[[19.174,7.331],[-6.769,-42.294],[-0.002,42.294]],"c":false},"ix":2},"nm":"Trazado 1","mn":"ADBE Vector Shape - Group","hd":false},{"ty":"fl","c":{"a":0,"k":[0.773000021542,0.128999986836,0.152999997606,1],"ix":4},"o":{"a":0,"k":100,"ix":5},"r":1,"bm":0,"nm":"Relleno 1","mn":"ADBE Vector Graphic - Fill","hd":false},{"ty":"tr","p":{"a":0,"k":[26.188,222.458],"ix":2},"a":{"a":0,"k":[0,0],"ix":1},"s":{"a":0,"k":[100,100],"ix":3},"r":{"a":0,"k":0,"ix":6},"o":{"a":0,"k":100,"ix":7},"sk":{"a":0,"k":0,"ix":4},"sa":{"a":0,"k":0,"ix":5},"nm":"Transformar"}],"nm":"Grupo 10","np":2,"cix":2,"bm":0,"ix":10,"mn":"ADBE Vector Group","hd":false},{"ty":"gr","it":[{"ind":0,"ty":"sh","ix":1,"ks":{"a":0,"k":{"i":[[0,0],[-18.609,-5.077],[23.687,-13.534],[16.922,-10.152],[1.689,25.379],[-10.149,21.992],[0,0]],"o":[[8.457,-16.914],[62.595,15.228],[-16.919,8.459],[-10.149,8.458],[-1.693,-25.373],[0,0],[0,0]],"v":[[-33.834,-41.45],[25.378,-65.133],[0,4.23],[-50.756,32.992],[-86.28,44.831],[-33.834,-44.831],[-32.145,-44.831]],"c":false},"ix":2},"nm":"Trazado 1","mn":"ADBE Vector Shape - Group","hd":false},{"ty":"fl","c":{"a":0,"k":[0.944999964097,0.395999983245,0.13300000359,1],"ix":4},"o":{"a":0,"k":100,"ix":5},"r":1,"bm":0,"nm":"Relleno 1","mn":"ADBE Vector Graphic - Fill","hd":false},{"ty":"tr","p":{"a":0,"k":[125.439,170.292],"ix":2},"a":{"a":0,"k":[0,0],"ix":1},"s":{"a":0,"k":[100,100],"ix":3},"r":{"a":0,"k":0,"ix":6},"o":{"a":0,"k":100,"ix":7},"sk":{"a":0,"k":0,"ix":4},"sa":{"a":0,"k":0,"ix":5},"nm":"Transformar"}],"nm":"Grupo 11","np":2,"cix":2,"bm":0,"ix":11,"mn":"ADBE Vector Group","hd":false},{"ty":"gr","it":[{"ind":0,"ty":"sh","ix":1,"ks":{"a":0,"k":{"i":[[0,-15.881],[-11.992,0],[0,15.885],[11.992,0]],"o":[[0,15.885],[11.992,0],[0,-15.881],[-11.992,0]],"v":[[-21.712,-0.002],[0.002,28.761],[21.712,-0.002],[0.002,-28.761]],"c":true},"ix":2},"nm":"Trazado 1","mn":"ADBE Vector Shape - Group","hd":false},{"ty":"fl","c":{"a":0,"k":[0.830999995213,0.176000004189,0.2,1],"ix":4},"o":{"a":0,"k":100,"ix":5},"r":1,"bm":0,"nm":"Relleno 1","mn":"ADBE Vector Graphic - Fill","hd":false},{"ty":"tr","p":{"a":0,"k":[177.602,174.523],"ix":2},"a":{"a":0,"k":[0,0],"ix":1},"s":{"a":0,"k":[100,100],"ix":3},"r":{"a":0,"k":0,"ix":6},"o":{"a":0,"k":100,"ix":7},"sk":{"a":0,"k":0,"ix":4},"sa":{"a":0,"k":0,"ix":5},"nm":"Transformar"}],"nm":"Grupo 12","np":2,"cix":2,"bm":0,"ix":12,"mn":"ADBE Vector Group","hd":false},{"ty":"gr","it":[{"ind":0,"ty":"sh","ix":1,"ks":{"a":0,"k":{"i":[[0,0],[10.149,10.155],[13.537,-3.379],[20.298,-23.683],[-30.45,-43.986],[-60.906,3.386],[10.148,67.67]],"o":[[-3.387,-10.15],[-6.764,-6.764],[-27.069,6.769],[-27.07,33.834],[43.983,-40.601],[50.753,-3.381],[0,0]],"v":[[121.809,-42.297],[98.121,-82.901],[-0.003,-99.818],[-81.206,-1.693],[-104.891,103.197],[40.604,32.141],[125.193,-28.76]],"c":false},"ix":2},"nm":"Trazado 1","mn":"ADBE Vector Shape - Group","hd":false},{"ty":"fl","c":{"a":0,"k":[0.773000021542,0.128999986836,0.152999997606,1],"ix":4},"o":{"a":0,"k":100,"ix":5},"r":1,"bm":0,"nm":"Relleno 1","mn":"ADBE Vector Graphic - Fill","hd":false},{"ty":"tr","p":{"a":0,"k":[135.591,182.982],"ix":2},"a":{"a":0,"k":[0,0],"ix":1},"s":{"a":0,"k":[100,100],"ix":3},"r":{"a":0,"k":0,"ix":6},"o":{"a":0,"k":100,"ix":7},"sk":{"a":0,"k":0,"ix":4},"sa":{"a":0,"k":0,"ix":5},"nm":"Transformar"}],"nm":"Grupo 13","np":2,"cix":2,"bm":0,"ix":13,"mn":"ADBE Vector Group","hd":false},{"ty":"gr","it":[{"ind":0,"ty":"sh","ix":1,"ks":{"a":0,"k":{"i":[[0.02,0.156],[-2.601,0.675],[-4.231,2.827],[-4.485,5.669],[-4.32,8.094],[-4.928,9.714],[-8.063,9.651],[-1.069,1.181],[-1.233,1.064],[0,0],[0,0],[0,0],[-2.531,1.307],[0,0],[0,0],[-0.094,0.023],[0,0],[0.604,-1.178],[0.608,-1.186],[0,0],[0,0],[0,0],[0,0],[0,0],[0.583,-1.501],[0.465,-6.646],[-1.245,-6.738],[-3.134,-6.502],[-0.826,-1.589],[0,0],[0,0],[0,0],[0,0],[0,0],[0,0],[0,0],[0,0],[-1.859,-2.516],[2.957,0.301],[0,0],[0,0],[0,0],[0.602,-0.062],[0.95,-1.951],[-0.095,-2.508],[-0.518,-2.512],[-1.677,-4.723],[-0.431,-1.161],[-0.48,-1.269],[-0.769,-2.078],[0,0],[0.113,0.007],[0,0],[0,0],[1.085,0.232],[0,0],[0,0],[0,0],[1.118,0.088],[2.129,-0.283],[3.666,-1.828],[3.232,-2.149],[2.966,-1.976],[5.634,-1.467],[3.627,1.966],[0.691,0.579],[0.599,0.488],[0.582,0.866],[-0.12,0.078],[-1.318,-1.526],[-1.061,-1],[-0.694,-0.473],[-0.819,-0.437],[-5.166,1.568],[-5.727,4.138],[-3.195,2.251],[-3.87,2.025],[-4.726,0.692],[-2.436,-0.097],[-1.213,-0.202],[-1.002,-0.132],[-0.063,0.056],[0,0],[0.409,1.048],[0.455,1.195],[1.179,5.346],[0.11,2.897],[-1.419,3.042],[-3.223,0.582],[-0.76,-0.009],[0,0],[0,0],[0,0],[0,0],[0,0],[0,0],[0,0],[0,0],[0.735,1.759],[1.42,7.704],[-0.458,7.043],[-2.264,6.452],[-0.669,1.556],[0,0],[0,0],[0,0],[0,0],[0,0],[0.02,-0.003],[0.067,-0.039],[0.054,-0.044],[0,0],[1.096,-1.003],[0.98,-1.109],[5.068,-9.52],[4.617,-8.066],[4.855,-5.65],[4.569,-2.613],[2.645,-0.652]],"o":[[-0.023,-0.154],[2.512,-0.924],[4.242,-2.742],[4.522,-5.632],[4.382,-8.065],[4.974,-9.67],[1.028,-1.189],[1.168,-1.094],[0,0],[0,0],[0,0],[2.323,-1.393],[0,0],[0,0],[0.141,-0.068],[0,0],[-0.605,1.168],[-0.602,1.176],[0,0],[0,0],[0,0],[0,0],[0,0],[-0.622,1.471],[-2.091,6.076],[-0.414,6.647],[1.345,7.293],[0.691,1.672],[0,0],[0,0],[0,0],[0,0],[0,0],[0,0],[0,0],[0,0],[1.883,2.537],[-2.951,-0.471],[0,0],[0,0],[0,0],[-0.662,-0.017],[-2.289,0.475],[-0.946,1.971],[0.073,2.515],[1.061,5.031],[0.434,1.179],[0.489,1.292],[0.786,2.103],[0,0],[-0.013,0.072],[0,0],[0,0],[-1.09,-0.238],[0,0],[0,0],[0,0],[-1.129,-0.209],[-2.224,-0.124],[-4.266,0.553],[-3.67,1.826],[-3.25,2.171],[-5.91,4.027],[-5.611,1.482],[-0.875,-0.529],[-0.698,-0.561],[-1.036,-1.145],[-1.154,-1.735],[0.107,-0.074],[0.665,0.755],[0.6,0.409],[0.673,0.496],[3.411,1.569],[5.193,-1.578],[2.914,-2.053],[3.221,-2.247],[3.861,-2.028],[2.353,-0.356],[1.216,0.077],[0.99,0.132],[0.164,0.014],[0,0],[-0.406,-1.036],[-0.453,-1.18],[-1.768,-4.801],[-0.577,-2.677],[-0.106,-2.876],[1.36,-3.086],[0.791,-0.117],[0,0],[0,0],[0,0],[0,0],[0,0],[0,0],[0,0],[0,0],[-0.874,-1.662],[-3.315,-6.827],[-1.319,-7.111],[0.511,-7.055],[0.618,-1.595],[0,0],[0,0],[0,0],[0,0],[0,0],[0.017,-0.029],[-0.053,0.016],[-0.031,0.012],[0,0],[-1.142,0.965],[-1.01,1.101],[-7.72,9.047],[-5.039,9.569],[-4.558,8.089],[-4.816,5.692],[-4.553,2.7],[-2.737,0.4]],"v":[[-51.979,25.745],[-48.027,24.474],[-37.481,19.516],[-24.016,7.015],[-10.746,-13.708],[2.853,-40.618],[21.301,-70.423],[24.489,-73.95],[28.017,-77.265],[29.971,-78.853],[31.75,-80.179],[33.488,-81.234],[40.67,-85.345],[42.533,-86.35],[43.469,-86.857],[43.905,-87.077],[43.68,-86.638],[41.868,-83.116],[40.046,-79.571],[39.127,-77.787],[37.958,-75.6],[36.753,-73.353],[36.223,-72.243],[35.194,-70.089],[33.481,-65.597],[29.5,-46.427],[30.751,-26.251],[37.566,-5.437],[40.03,-0.639],[41.306,1.721],[42.743,3.974],[44.167,6.217],[44.524,6.775],[44.7,7.053],[44.789,7.196],[44.971,7.433],[46.383,9.345],[52.002,16.927],[43.154,15.704],[42.049,15.572],[41.549,15.591],[40.596,15.624],[38.813,15.862],[33.905,19.532],[32.736,26.503],[33.708,34.083],[38.043,48.716],[39.334,52.232],[40.783,56.075],[43.111,62.344],[43.256,62.739],[42.905,62.699],[42.081,62.524],[40.438,62.172],[37.183,61.474],[35.654,61.152],[34.8,61.027],[33.104,60.78],[29.733,60.483],[23.189,60.739],[11.272,64.515],[0.989,70.685],[-8.339,76.907],[-25.75,85.595],[-40.384,84.624],[-42.853,83.142],[-44.803,81.57],[-47.355,78.649],[-48.921,75.911],[-46.736,78.136],[-44.025,80.669],[-42.088,81.991],[-39.734,83.203],[-26.359,83.409],[-9.974,74.515],[-0.808,68.054],[9.703,61.445],[22.665,57.084],[29.888,56.682],[33.558,56.949],[36.551,57.347],[37.022,57.392],[36.772,56.806],[35.549,53.681],[34.192,50.12],[29.542,34.971],[28.405,26.635],[29.961,17.599],[37.846,11.52],[40.241,11.18],[41.975,11.104],[42.074,11.104],[41.286,10.063],[41.09,9.799],[40.407,8.742],[38.899,6.393],[37.386,4.032],[36.036,1.561],[33.434,-3.474],[26.23,-25.398],[24.929,-46.747],[29.234,-67.107],[31.077,-71.87],[32.179,-74.155],[32.711,-75.259],[32.727,-75.281],[32.829,-75.431],[32.897,-75.531],[32.844,-75.523],[32.669,-75.435],[32.538,-75.347],[30.838,-73.985],[27.547,-70.948],[24.525,-67.667],[6.243,-38.864],[-7.897,-12.13],[-22.039,8.663],[-36.555,21.051],[-47.798,25.374]],"c":true},"ix":2},"nm":"Trazado 1","mn":"ADBE Vector Shape - Group","hd":false},{"ty":"fl","c":{"a":0,"k":[0.830999995213,0.176000004189,0.2,1],"ix":4},"o":{"a":0,"k":100,"ix":5},"r":1,"bm":0,"nm":"Relleno 1","mn":"ADBE Vector Graphic - Fill","hd":false},{"ty":"tr","p":{"a":0,"k":[160.255,87.327],"ix":2},"a":{"a":0,"k":[0,0],"ix":1},"s":{"a":0,"k":[100,100],"ix":3},"r":{"a":0,"k":0,"ix":6},"o":{"a":0,"k":100,"ix":7},"sk":{"a":0,"k":0,"ix":4},"sa":{"a":0,"k":0,"ix":5},"nm":"Transformar"}],"nm":"Grupo 14","np":2,"cix":2,"bm":0,"ix":14,"mn":"ADBE Vector Group","hd":false},{"ty":"gr","it":[{"ind":0,"ty":"sh","ix":1,"ks":{"a":0,"k":{"i":[[0,0],[-38.347,18.048],[-22.559,-28.2],[-4.51,-12.404],[16.918,-11.277],[11.278,16.918]],"o":[[46.241,-6.766],[-19.175,29.324],[-29.328,-5.644],[-22.561,-5.637],[-11.278,7.896],[0,0]],"v":[[-49.46,20.325],[41.568,-87.409],[49.46,8.462],[42.693,54.702],[-6.933,70.491],[-46.403,70.491]],"c":false},"ix":2},"nm":"Trazado 1","mn":"ADBE Vector Shape - Group","hd":false},{"ty":"fl","c":{"a":0,"k":[0.773000021542,0.128999986836,0.152999997606,1],"ix":4},"o":{"a":0,"k":100,"ix":5},"r":1,"bm":0,"nm":"Relleno 1","mn":"ADBE Vector Graphic - Fill","hd":false},{"ty":"tr","p":{"a":0,"k":[157.736,92.747],"ix":2},"a":{"a":0,"k":[0,0],"ix":1},"s":{"a":0,"k":[100,100],"ix":3},"r":{"a":0,"k":0,"ix":6},"o":{"a":0,"k":100,"ix":7},"sk":{"a":0,"k":0,"ix":4},"sa":{"a":0,"k":0,"ix":5},"nm":"Transformar"}],"nm":"Grupo 15","np":2,"cix":2,"bm":0,"ix":15,"mn":"ADBE Vector Group","hd":false}],"ip":0,"op":109,"st":0,"bm":0}],"markers":[]}