{"v":"5.5.2","fr":25,"ip":0,"op":100,"w":121,"h":280,"nm":"lampara","ddd":0,"assets":[],"layers":[{"ddd":0,"ind":1,"ty":4,"nm":"soporte contornos","sr":1,"ks":{"o":{"a":0,"k":100,"ix":11},"r":{"a":0,"k":0,"ix":10},"p":{"a":0,"k":[60.085,242.639,0],"ix":2},"a":{"a":0,"k":[60.336,36.66,0],"ix":1},"s":{"a":0,"k":[100,100,100],"ix":6}},"ao":0,"shapes":[{"ty":"gr","it":[{"ind":0,"ty":"sh","ix":1,"ks":{"a":0,"k":{"i":[[17.4,3.111],[0,10.518],[2.225,4.566],[0,0],[0,4.578],[3.792,0],[0,0],[0,-4.58],[3.791,0],[0,0],[0,-5.59],[6.937,-5.824],[0,-6.447],[0,0]],"o":[[6.94,-5.824],[0,-5.59],[0,0],[3.792,0],[0,-4.58],[0,0],[3.791,0],[0,4.578],[0,0],[2.223,4.566],[0,10.518],[17.405,3.111],[0,0],[0,-6.447]],"v":[[-3.193,21.207],[8.258,-4.426],[4.762,-19.822],[6.945,-19.822],[13.81,-28.115],[6.945,-36.41],[-15.702,-36.41],[-8.84,-28.115],[-15.702,-19.822],[-17.887,-19.822],[-14.385,-4.426],[-25.84,21.207],[3.199,36.41],[25.84,36.41]],"c":true},"ix":2},"nm":"Trazado 1","mn":"ADBE Vector Shape - Group","hd":false},{"ty":"fl","c":{"a":0,"k":[0.275,0.325,0.380000005984,1],"ix":4},"o":{"a":0,"k":100,"ix":5},"r":1,"bm":0,"nm":"Relleno 1","mn":"ADBE Vector Graphic - Fill","hd":false},{"ty":"tr","p":{"a":0,"k":[94.582,36.66],"ix":2},"a":{"a":0,"k":[0,0],"ix":1},"s":{"a":0,"k":[100,100],"ix":3},"r":{"a":0,"k":0,"ix":6},"o":{"a":0,"k":100,"ix":7},"sk":{"a":0,"k":0,"ix":4},"sa":{"a":0,"k":0,"ix":5},"nm":"Transformar"}],"nm":"Grupo 1","np":2,"cix":2,"bm":0,"ix":1,"mn":"ADBE Vector Group","hd":false},{"ty":"gr","it":[{"ind":0,"ty":"sh","ix":1,"ks":{"a":0,"k":{"i":[[17.4,3.111],[0,10.518],[2.225,4.566],[0,0],[0,4.578],[3.792,0],[0,0],[0,-4.58],[-3.79,0],[0,0],[0,-5.59],[-6.938,-5.824],[0,-6.451],[0,0]],"o":[[6.94,-5.824],[0,-5.59],[0,0],[3.792,0],[0,-4.58],[0,0],[-3.79,0],[0,4.578],[0,0],[-2.229,4.566],[0,10.512],[-17.4,3.111],[0,0],[0,-6.447]],"v":[[31.052,21.207],[42.504,-4.426],[39.007,-19.822],[41.19,-19.822],[48.055,-28.115],[41.19,-36.41],[-41.187,-36.41],[-48.051,-28.115],[-41.187,-19.822],[-39,-19.822],[-42.505,-4.426],[-31.052,21.207],[-60.086,36.41],[60.085,36.41]],"c":true},"ix":2},"nm":"Trazado 1","mn":"ADBE Vector Shape - Group","hd":false},{"ty":"fl","c":{"a":0,"k":[0.317999985639,0.380000005984,0.451000019148,1],"ix":4},"o":{"a":0,"k":100,"ix":5},"r":1,"bm":0,"nm":"Relleno 1","mn":"ADBE Vector Graphic - Fill","hd":false},{"ty":"tr","p":{"a":0,"k":[60.336,36.66],"ix":2},"a":{"a":0,"k":[0,0],"ix":1},"s":{"a":0,"k":[100,100],"ix":3},"r":{"a":0,"k":0,"ix":6},"o":{"a":0,"k":100,"ix":7},"sk":{"a":0,"k":0,"ix":4},"sa":{"a":0,"k":0,"ix":5},"nm":"Transformar"}],"nm":"Grupo 2","np":4,"cix":2,"bm":0,"ix":2,"mn":"ADBE Vector Group","hd":false}],"ip":0,"op":116,"st":0,"bm":0},{"ddd":0,"ind":2,"ty":4,"nm":"luz contornos 4","sr":1,"ks":{"o":{"a":1,"k":[{"i":{"x":[0.833],"y":[1]},"o":{"x":[0.167],"y":[0]},"t":52,"s":[80]},{"i":{"x":[0.833],"y":[1]},"o":{"x":[0.167],"y":[0]},"t":65,"s":[100]},{"t":77,"s":[80]}],"ix":11},"r":{"a":0,"k":0,"ix":10},"p":{"a":0,"k":[60.085,189.904,0],"ix":2},"a":{"a":0,"k":[29.573,33.356,0],"ix":1},"s":{"a":0,"k":[80,80,100],"ix":6}},"ao":0,"shapes":[{"ty":"gr","it":[{"ind":0,"ty":"sh","ix":1,"ks":{"a":0,"k":{"i":[[0,-18.283],[16.196,0],[0,18.285],[-16.193,0]],"o":[[0,18.285],[-16.193,0],[0,-18.283],[16.196,0]],"v":[[29.323,-0.001],[-0.001,33.106],[-29.323,-0.001],[-0.001,-33.106]],"c":true},"ix":2},"nm":"Trazado 1","mn":"ADBE Vector Shape - Group","hd":false},{"ty":"fl","c":{"a":0,"k":[0.961000031116,0.725,0.250999989229,1],"ix":4},"o":{"a":0,"k":100,"ix":5},"r":1,"bm":0,"nm":"Relleno 1","mn":"ADBE Vector Graphic - Fill","hd":false},{"ty":"tr","p":{"a":0,"k":[29.573,33.356],"ix":2},"a":{"a":0,"k":[0,0],"ix":1},"s":{"a":0,"k":[100,100],"ix":3},"r":{"a":0,"k":0,"ix":6},"o":{"a":0,"k":100,"ix":7},"sk":{"a":0,"k":0,"ix":4},"sa":{"a":0,"k":0,"ix":5},"nm":"Transformar"}],"nm":"Grupo 1","np":2,"cix":2,"bm":0,"ix":1,"mn":"ADBE Vector Group","hd":false}],"ip":52,"op":78,"st":52,"bm":0},{"ddd":0,"ind":3,"ty":4,"nm":"luz contornos 3","sr":1,"ks":{"o":{"a":1,"k":[{"i":{"x":[0.833],"y":[1]},"o":{"x":[0.167],"y":[0]},"t":26,"s":[80]},{"i":{"x":[0.833],"y":[1]},"o":{"x":[0.167],"y":[0]},"t":39,"s":[100]},{"t":51,"s":[80]}],"ix":11},"r":{"a":0,"k":0,"ix":10},"p":{"a":0,"k":[60.085,183.904,0],"ix":2},"a":{"a":0,"k":[29.573,33.356,0],"ix":1},"s":{"a":0,"k":[90,90,100],"ix":6}},"ao":0,"shapes":[{"ty":"gr","it":[{"ind":0,"ty":"sh","ix":1,"ks":{"a":0,"k":{"i":[[0,-18.283],[16.196,0],[0,18.285],[-16.193,0]],"o":[[0,18.285],[-16.193,0],[0,-18.283],[16.196,0]],"v":[[29.323,-0.001],[-0.001,33.106],[-29.323,-0.001],[-0.001,-33.106]],"c":true},"ix":2},"nm":"Trazado 1","mn":"ADBE Vector Shape - Group","hd":false},{"ty":"fl","c":{"a":0,"k":[0.961000031116,0.725,0.250999989229,1],"ix":4},"o":{"a":0,"k":100,"ix":5},"r":1,"bm":0,"nm":"Relleno 1","mn":"ADBE Vector Graphic - Fill","hd":false},{"ty":"tr","p":{"a":0,"k":[29.573,33.356],"ix":2},"a":{"a":0,"k":[0,0],"ix":1},"s":{"a":0,"k":[100,100],"ix":3},"r":{"a":0,"k":0,"ix":6},"o":{"a":0,"k":100,"ix":7},"sk":{"a":0,"k":0,"ix":4},"sa":{"a":0,"k":0,"ix":5},"nm":"Transformar"}],"nm":"Grupo 1","np":2,"cix":2,"bm":0,"ix":1,"mn":"ADBE Vector Group","hd":false}],"ip":26,"op":52,"st":26,"bm":0},{"ddd":0,"ind":4,"ty":4,"nm":"luz contornos 2","sr":1,"ks":{"o":{"a":1,"k":[{"i":{"x":[0.833],"y":[1]},"o":{"x":[0.167],"y":[0]},"t":0,"s":[80]},{"i":{"x":[0.833],"y":[1]},"o":{"x":[0.167],"y":[0]},"t":13,"s":[100]},{"t":25,"s":[80]}],"ix":11},"r":{"a":0,"k":0,"ix":10},"p":{"a":0,"k":[60.085,179.904,0],"ix":2},"a":{"a":0,"k":[29.573,33.356,0],"ix":1},"s":{"a":0,"k":[100,100,100],"ix":6}},"ao":0,"shapes":[{"ty":"gr","it":[{"ind":0,"ty":"sh","ix":1,"ks":{"a":0,"k":{"i":[[0,-18.283],[16.196,0],[0,18.285],[-16.193,0]],"o":[[0,18.285],[-16.193,0],[0,-18.283],[16.196,0]],"v":[[29.323,-0.001],[-0.001,33.106],[-29.323,-0.001],[-0.001,-33.106]],"c":true},"ix":2},"nm":"Trazado 1","mn":"ADBE Vector Shape - Group","hd":false},{"ty":"fl","c":{"a":0,"k":[0.961000031116,0.725,0.250999989229,1],"ix":4},"o":{"a":0,"k":100,"ix":5},"r":1,"bm":0,"nm":"Relleno 1","mn":"ADBE Vector Graphic - Fill","hd":false},{"ty":"tr","p":{"a":0,"k":[29.573,33.356],"ix":2},"a":{"a":0,"k":[0,0],"ix":1},"s":{"a":0,"k":[100,100],"ix":3},"r":{"a":0,"k":0,"ix":6},"o":{"a":0,"k":100,"ix":7},"sk":{"a":0,"k":0,"ix":4},"sa":{"a":0,"k":0,"ix":5},"nm":"Transformar"}],"nm":"Grupo 1","np":2,"cix":2,"bm":0,"ix":1,"mn":"ADBE Vector Group","hd":false}],"ip":0,"op":26,"st":0,"bm":0},{"ddd":0,"ind":5,"ty":4,"nm":"luz contornos","sr":1,"ks":{"o":{"a":1,"k":[{"i":{"x":[0.833],"y":[1]},"o":{"x":[0.167],"y":[0]},"t":74,"s":[80]},{"i":{"x":[0.833],"y":[1]},"o":{"x":[0.167],"y":[0]},"t":87,"s":[100]},{"t":99,"s":[80]}],"ix":11},"r":{"a":0,"k":0,"ix":10},"p":{"a":0,"k":[60.085,194.904,0],"ix":2},"a":{"a":0,"k":[29.573,33.356,0],"ix":1},"s":{"a":0,"k":[60,60,100],"ix":6}},"ao":0,"shapes":[{"ty":"gr","it":[{"ind":0,"ty":"sh","ix":1,"ks":{"a":0,"k":{"i":[[0,-18.283],[16.196,0],[0,18.285],[-16.193,0]],"o":[[0,18.285],[-16.193,0],[0,-18.283],[16.196,0]],"v":[[29.323,-0.001],[-0.001,33.106],[-29.323,-0.001],[-0.001,-33.106]],"c":true},"ix":2},"nm":"Trazado 1","mn":"ADBE Vector Shape - Group","hd":false},{"ty":"fl","c":{"a":0,"k":[0.961000031116,0.725,0.250999989229,1],"ix":4},"o":{"a":0,"k":100,"ix":5},"r":1,"bm":0,"nm":"Relleno 1","mn":"ADBE Vector Graphic - Fill","hd":false},{"ty":"tr","p":{"a":0,"k":[29.573,33.356],"ix":2},"a":{"a":0,"k":[0,0],"ix":1},"s":{"a":0,"k":[100,100],"ix":3},"r":{"a":0,"k":0,"ix":6},"o":{"a":0,"k":100,"ix":7},"sk":{"a":0,"k":0,"ix":4},"sa":{"a":0,"k":0,"ix":5},"nm":"Transformar"}],"nm":"Grupo 1","np":2,"cix":2,"bm":0,"ix":1,"mn":"ADBE Vector Group","hd":false}],"ip":74,"op":115,"st":74,"bm":0},{"ddd":0,"ind":6,"ty":4,"nm":"lampara contornos","sr":1,"ks":{"o":{"a":0,"k":100,"ix":11},"r":{"a":0,"k":0,"ix":10},"p":{"a":0,"k":[60.088,109.391,0],"ix":2},"a":{"a":0,"k":[48.303,109.641,0],"ix":1},"s":{"a":0,"k":[100,100,100],"ix":6}},"ao":0,"shapes":[{"ty":"gr","it":[{"ind":0,"ty":"sh","ix":1,"ks":{"a":0,"k":{"i":[[3.792,0],[0,0],[0,3.213],[0,0],[4.313,7.392],[0,12.539],[15.634,0],[2.932,-1.162],[-2.443,-2.191],[-0.385,0],[0,-13.85],[7.955,-3.82],[1.557,0.907],[4.015,-2.252],[0,-11.72],[0,0],[0.614,-3.008],[0,0],[0,-4.576],[1.675,-1.512],[-0.697,-0.605],[0,0],[0,4.578]],"o":[[0,0],[0.612,-3.008],[0,0],[0,-11.72],[9.318,-5.231],[0,-17.65],[-3.286,0],[3.004,1.192],[0.38,-0.021],[12.266,0],[0,10.369],[-1.551,-1.785],[-2.655,4.02],[4.315,7.392],[0,0],[0,3.213],[0,0],[3.792,0],[0,2.723],[0.737,0.512],[0,0],[3.792,0],[0,-4.576]],"v":[[21.843,52.21],[16.283,52.21],[17.254,42.88],[0.841,21.409],[-6.773,-8.231],[8.964,-36.831],[-19.345,-68.792],[-28.708,-66.964],[-20.487,-61.845],[-19.345,-61.915],[2.864,-36.831],[-10.664,-13.745],[-15.361,-17.806],[-25.504,-8.231],[-17.889,21.409],[-1.476,42.88],[-2.447,52.21],[3.113,52.21],[9.976,60.499],[7.198,67.13],[9.349,68.792],[21.843,68.792],[28.708,60.499]],"c":true},"ix":2},"nm":"Trazado 1","mn":"ADBE Vector Shape - Group","hd":false},{"ty":"fl","c":{"a":0,"k":[0.275,0.325,0.380000005984,1],"ix":4},"o":{"a":0,"k":100,"ix":5},"r":1,"bm":0,"nm":"Relleno 1","mn":"ADBE Vector Graphic - Fill","hd":false},{"ty":"tr","p":{"a":0,"k":[67.647,69.042],"ix":2},"a":{"a":0,"k":[0,0],"ix":1},"s":{"a":0,"k":[100,100],"ix":3},"r":{"a":0,"k":0,"ix":6},"o":{"a":0,"k":100,"ix":7},"sk":{"a":0,"k":0,"ix":4},"sa":{"a":0,"k":0,"ix":5},"nm":"Transformar"}],"nm":"Grupo 1","np":2,"cix":2,"bm":0,"ix":1,"mn":"ADBE Vector Group","hd":false},{"ty":"gr","it":[{"ind":0,"ty":"sh","ix":1,"ks":{"a":0,"k":{"i":[[0.603,-0.543],[-0.571,0.504]],"o":[[0.62,-0.447],[-0.587,0.411]],"v":[[-0.893,0.716],[0.893,-0.716]],"c":true},"ix":2},"nm":"Trazado 1","mn":"ADBE Vector Shape - Group","hd":false},{"ty":"fl","c":{"a":0,"k":[0.275,0.325,0.380000005984,1],"ix":4},"o":{"a":0,"k":100,"ix":5},"r":1,"bm":0,"nm":"Relleno 1","mn":"ADBE Vector Graphic - Fill","hd":false},{"ty":"tr","p":{"a":0,"k":[42.458,52.579],"ix":2},"a":{"a":0,"k":[0,0],"ix":1},"s":{"a":0,"k":[100,100],"ix":3},"r":{"a":0,"k":0,"ix":6},"o":{"a":0,"k":100,"ix":7},"sk":{"a":0,"k":0,"ix":4},"sa":{"a":0,"k":0,"ix":5},"nm":"Transformar"}],"nm":"Grupo 2","np":2,"cix":2,"bm":0,"ix":2,"mn":"ADBE Vector Group","hd":false},{"ty":"gr","it":[{"ind":0,"ty":"sh","ix":1,"ks":{"a":0,"k":{"i":[[-7.583,3.992],[2.931,0.166],[0,-10.141],[-3.505,-5.314],[-1.261,0],[-1.72,-1.215],[0,7.972]],"o":[[-2.522,-1.324],[-6.519,5.854],[0,7.134],[1.375,-0.808],[1.555,0],[-5.142,-4.6],[0,-10.069]],"v":[[9.473,-20.043],[1.245,-22.336],[-9.473,2.678],[-3.882,21.703],[0.106,20.451],[5.07,22.336],[-3.374,2.678]],"c":true},"ix":2},"nm":"Trazado 1","mn":"ADBE Vector Shape - Group","hd":false},{"ty":"fl","c":{"a":0,"k":[0.275,0.325,0.380000005984,1],"ix":4},"o":{"a":0,"k":100,"ix":5},"r":1,"bm":0,"nm":"Relleno 1","mn":"ADBE Vector Graphic - Fill","hd":false},{"ty":"tr","p":{"a":0,"k":[29.466,29.533],"ix":2},"a":{"a":0,"k":[0,0],"ix":1},"s":{"a":0,"k":[100,100],"ix":3},"r":{"a":0,"k":0,"ix":6},"o":{"a":0,"k":100,"ix":7},"sk":{"a":0,"k":0,"ix":4},"sa":{"a":0,"k":0,"ix":5},"nm":"Transformar"}],"nm":"Grupo 3","np":2,"cix":2,"bm":0,"ix":3,"mn":"ADBE Vector Group","hd":false},{"ty":"gr","it":[{"ind":0,"ty":"sh","ix":1,"ks":{"a":0,"k":{"i":[[0.845,0.615],[-0.648,-0.748],[-0.229,0.122]],"o":[[0.662,0.6],[0.234,-0.114],[-0.917,-0.484]],"v":[[-1.324,-1.005],[0.639,1.005],[1.325,0.641]],"c":true},"ix":2},"nm":"Trazado 1","mn":"ADBE Vector Shape - Group","hd":false},{"ty":"fl","c":{"a":0,"k":[0.275,0.325,0.380000005984,1],"ix":4},"o":{"a":0,"k":100,"ix":5},"r":1,"bm":0,"nm":"Relleno 1","mn":"ADBE Vector Graphic - Fill","hd":false},{"ty":"tr","p":{"a":0,"k":[37.615,54.292],"ix":2},"a":{"a":0,"k":[0,0],"ix":1},"s":{"a":0,"k":[100,100],"ix":3},"r":{"a":0,"k":0,"ix":6},"o":{"a":0,"k":100,"ix":7},"sk":{"a":0,"k":0,"ix":4},"sa":{"a":0,"k":0,"ix":5},"nm":"Transformar"}],"nm":"Grupo 4","np":2,"cix":2,"bm":0,"ix":4,"mn":"ADBE Vector Group","hd":false},{"ty":"gr","it":[{"ind":0,"ty":"sh","ix":1,"ks":{"a":0,"k":{"i":[[0,0],[0,-12.484],[-24.231,0],[0,27.355],[6.763,8.713]],"o":[[-6.758,8.713],[0,27.355],[24.229,0],[0,-12.486],[0,0]],"v":[[-33.003,-41.061],[-43.872,-8.473],[-0.001,41.061],[43.872,-8.473],[32.995,-41.061]],"c":true},"ix":2},"nm":"Trazado 1","mn":"ADBE Vector Shape - Group","hd":false},{"ty":"fl","c":{"a":0,"k":[0.827000038297,0.827000038297,0.827000038297,1],"ix":4},"o":{"a":0,"k":100,"ix":5},"r":1,"bm":0,"nm":"Relleno 1","mn":"ADBE Vector Graphic - Fill","hd":false},{"ty":"tr","p":{"a":0,"k":[48.301,177.971],"ix":2},"a":{"a":0,"k":[0,0],"ix":1},"s":{"a":0,"k":[100,100],"ix":3},"r":{"a":0,"k":0,"ix":6},"o":{"a":0,"k":100,"ix":7},"sk":{"a":0,"k":0,"ix":4},"sa":{"a":0,"k":0,"ix":5},"nm":"Transformar"}],"nm":"Grupo 5","np":2,"cix":2,"bm":0,"ix":5,"mn":"ADBE Vector Group","hd":false},{"ty":"gr","it":[{"ind":0,"ty":"sh","ix":1,"ks":{"a":0,"k":{"i":[[0,10.369],[-12.267,0],[0,-13.85],[7.955,-3.82],[2.68,0],[2.93,-3.361]],"o":[[0,-13.85],[12.267,0],[0,10.369],[-2.931,-3.367],[-2.68,0],[-7.95,-3.814]],"v":[[-22.211,-44.535],[-0.001,-69.619],[22.209,-44.535],[8.681,-21.449],[-0.001,-26.762],[-8.684,-21.455]],"c":true},"ix":2},"nm":"Trazado 1","mn":"ADBE Vector Shape - Group","hd":false},{"ind":1,"ty":"sh","ix":2,"ks":{"a":0,"k":{"i":[[3.792,0],[0,0],[0,3.213],[0,0],[4.314,7.392],[0,12.539],[15.635,0],[0,-17.65],[-9.324,-5.231],[0,-11.72],[0,0],[-0.617,-3.008],[0,0],[0,-4.576],[-3.79,0],[0,0],[-11.519,0],[-6.709,9.391],[0,0],[0,4.578]],"o":[[0,0],[0.611,-3.008],[0,0],[0,-11.72],[9.319,-5.231],[0,-17.65],[-15.636,0],[0,12.539],[-4.322,7.392],[0,0],[0,3.213],[0,0],[-3.79,0],[0,4.578],[0,0],[6.707,9.391],[11.518,0],[0,0],[3.792,0],[0,-4.576]],"v":[[41.187,44.506],[35.628,44.506],[36.599,35.176],[20.185,13.705],[12.571,-15.935],[28.309,-44.535],[-0.001,-76.496],[-28.311,-44.535],[-12.568,-15.935],[-20.185,13.705],[-36.603,35.176],[-35.627,44.506],[-41.19,44.506],[-48.053,52.795],[-41.19,61.088],[-28.484,61.088],[-0.001,76.496],[28.483,61.088],[41.187,61.088],[48.053,52.795]],"c":true},"ix":2},"nm":"Trazado 2","mn":"ADBE Vector Shape - Group","hd":false},{"ty":"mm","mm":1,"nm":"Combinar trazados 1","mn":"ADBE Vector Filter - Merge","hd":false},{"ty":"fl","c":{"a":0,"k":[0.317999985639,0.380000005984,0.451000019148,1],"ix":4},"o":{"a":0,"k":100,"ix":5},"r":1,"bm":0,"nm":"Relleno 1","mn":"ADBE Vector Graphic - Fill","hd":false},{"ty":"tr","p":{"a":0,"k":[48.303,76.746],"ix":2},"a":{"a":0,"k":[0,0],"ix":1},"s":{"a":0,"k":[100,100],"ix":3},"r":{"a":0,"k":0,"ix":6},"o":{"a":0,"k":100,"ix":7},"sk":{"a":0,"k":0,"ix":4},"sa":{"a":0,"k":0,"ix":5},"nm":"Transformar"}],"nm":"Grupo 6","np":4,"cix":2,"bm":0,"ix":6,"mn":"ADBE Vector Group","hd":false}],"ip":0,"op":115,"st":0,"bm":0}],"markers":[]}