{"v":"5.5.2","fr":25,"ip":0,"op":50,"w":309,"h":152,"nm":"murcielago","ddd":0,"assets":[],"layers":[{"ddd":0,"ind":1,"ty":4,"nm":"ojos contornos","sr":1,"ks":{"o":{"a":1,"k":[{"i":{"x":[0.667],"y":[1]},"o":{"x":[0.333],"y":[0]},"t":0,"s":[0]},{"i":{"x":[0.667],"y":[1]},"o":{"x":[0.333],"y":[0]},"t":14,"s":[100]},{"i":{"x":[0.667],"y":[1]},"o":{"x":[0.333],"y":[0]},"t":44,"s":[100]},{"t":49,"s":[0]}],"ix":11},"r":{"a":0,"k":0,"ix":10},"p":{"a":0,"k":[154.379,117.708,0],"ix":2},"a":{"a":0,"k":[15.611,7.776,0],"ix":1},"s":{"a":0,"k":[100,100,100],"ix":6}},"ao":0,"shapes":[{"ty":"gr","it":[{"ind":0,"ty":"sh","ix":1,"ks":{"a":0,"k":{"i":[[0.026,4.108],[-2.945,0.017],[-0.026,-4.111],[2.948,-0.019]],"o":[[-0.028,-4.11],[2.946,-0.023],[0.026,4.109],[-2.944,0.019]],"v":[[-5.332,0.036],[-0.048,-7.438],[5.334,-0.033],[0.049,7.441]],"c":true},"ix":2},"nm":"Trazado 1","mn":"ADBE Vector Shape - Group","hd":false},{"ty":"fl","c":{"a":0,"k":[0.925,0.105999995213,0.180000005984,1],"ix":4},"o":{"a":0,"k":100,"ix":5},"r":1,"bm":0,"nm":"Relleno 1","mn":"ADBE Vector Graphic - Fill","hd":false},{"ty":"tr","p":{"a":0,"k":[25.611,7.71],"ix":2},"a":{"a":0,"k":[0,0],"ix":1},"s":{"a":0,"k":[100,100],"ix":3},"r":{"a":0,"k":0,"ix":6},"o":{"a":0,"k":100,"ix":7},"sk":{"a":0,"k":0,"ix":4},"sa":{"a":0,"k":0,"ix":5},"nm":"Transformar"}],"nm":"Grupo 1","np":2,"cix":2,"bm":0,"ix":1,"mn":"ADBE Vector Group","hd":false},{"ty":"gr","it":[{"ind":0,"ty":"sh","ix":1,"ks":{"a":0,"k":{"i":[[0.027,4.107],[-2.945,0.019],[-0.026,-4.111],[2.947,-0.021]],"o":[[-0.028,-4.11],[2.945,-0.019],[0.026,4.109],[-2.944,0.018]],"v":[[-5.332,0.036],[-0.048,-7.441],[5.334,-0.034],[0.049,7.441]],"c":true},"ix":2},"nm":"Trazado 1","mn":"ADBE Vector Shape - Group","hd":false},{"ty":"fl","c":{"a":0,"k":[0.925,0.105999995213,0.180000005984,1],"ix":4},"o":{"a":0,"k":100,"ix":5},"r":1,"bm":0,"nm":"Relleno 1","mn":"ADBE Vector Graphic - Fill","hd":false},{"ty":"tr","p":{"a":0,"k":[5.61,7.843],"ix":2},"a":{"a":0,"k":[0,0],"ix":1},"s":{"a":0,"k":[100,100],"ix":3},"r":{"a":0,"k":0,"ix":6},"o":{"a":0,"k":100,"ix":7},"sk":{"a":0,"k":0,"ix":4},"sa":{"a":0,"k":0,"ix":5},"nm":"Transformar"}],"nm":"Grupo 2","np":2,"cix":2,"bm":0,"ix":2,"mn":"ADBE Vector Group","hd":false}],"ip":0,"op":55,"st":0,"bm":0},{"ddd":0,"ind":2,"ty":4,"nm":"alas1 contornos 2","sr":1,"ks":{"o":{"a":0,"k":100,"ix":11},"r":{"a":0,"k":0,"ix":10},"p":{"a":0,"k":[154.724,62.444,0],"ix":2},"a":{"a":0,"k":[48.692,63.345,0],"ix":1},"s":{"a":0,"k":[100,100,100],"ix":6}},"ao":0,"shapes":[{"ty":"gr","it":[{"ind":0,"ty":"sh","ix":1,"ks":{"a":0,"k":{"i":[[-0.557,-0.019],[1.048,7.764],[2.158,11.506],[-1.147,7.38],[0.51,0.406],[0.46,-0.377],[0.658,-0.915],[0.918,-3.924],[-2.186,-11.653],[-1.609,-7.504]],"o":[[0.529,0.032],[-0.934,-7.763],[-2.151,-11.493],[0.973,-7.455],[-0.102,-0.09],[-0.467,0.373],[-1.384,1.778],[-1.964,7.884],[2.191,11.696],[1.717,7.485]],"v":[[5.559,41.699],[5.609,29.027],[0.163,-0.71],[-1.971,-30.113],[1.769,-41.641],[0.923,-41.208],[-0.85,-39.323],[-4.693,-30.637],[-3.689,-0.004],[2.875,29.497]],"c":true},"ix":2},"nm":"Trazado 1","mn":"ADBE Vector Shape - Group","hd":false},{"ty":"fl","c":{"a":0,"k":[0.105999995213,0.113999998803,0.113999998803,1],"ix":4},"o":{"a":0,"k":100,"ix":5},"r":1,"bm":0,"nm":"Relleno 1","mn":"ADBE Vector Graphic - Fill","hd":false},{"ty":"tr","p":{"a":0,"k":[69.752,71.149],"ix":2},"a":{"a":0,"k":[0,0],"ix":1},"s":{"a":0,"k":[100,100],"ix":3},"r":{"a":0,"k":0,"ix":6},"o":{"a":0,"k":100,"ix":7},"sk":{"a":0,"k":0,"ix":4},"sa":{"a":0,"k":0,"ix":5},"nm":"Transformar"}],"nm":"Grupo 1","np":2,"cix":2,"bm":0,"ix":1,"mn":"ADBE Vector Group","hd":false},{"ty":"gr","it":[{"ind":0,"ty":"sh","ix":1,"ks":{"a":0,"k":{"i":[[-0.546,-0.145],[-1.938,6.971],[-0.534,11.065],[0.872,-0.124],[0.838,-21.628],[1.025,-7.057]],"o":[[0.499,0.139],[1.742,-7.005],[0.846,-22.168],[-1.273,0.112],[-0.524,10.818],[-1.225,7.012]],"v":[[-4.257,39.294],[-0.234,28.283],[3.956,0.339],[0.477,-39.309],[0.038,0.149],[-2.949,27.72]],"c":true},"ix":2},"nm":"Trazado 1","mn":"ADBE Vector Shape - Group","hd":false},{"ty":"fl","c":{"a":0,"k":[0.105999995213,0.113999998803,0.113999998803,1],"ix":4},"o":{"a":0,"k":100,"ix":5},"r":1,"bm":0,"nm":"Relleno 1","mn":"ADBE Vector Graphic - Fill","hd":false},{"ty":"tr","p":{"a":0,"k":[25.585,79.234],"ix":2},"a":{"a":0,"k":[0,0],"ix":1},"s":{"a":0,"k":[100,100],"ix":3},"r":{"a":0,"k":0,"ix":6},"o":{"a":0,"k":100,"ix":7},"sk":{"a":0,"k":0,"ix":4},"sa":{"a":0,"k":0,"ix":5},"nm":"Transformar"}],"nm":"Grupo 2","np":2,"cix":2,"bm":0,"ix":2,"mn":"ADBE Vector Group","hd":false},{"ty":"gr","it":[{"ind":0,"ty":"sh","ix":1,"ks":{"a":0,"k":{"i":[[-0.098,0.092],[1.414,1.496],[3.059,2.368],[0.873,0.66],[0.659,0.479],[0.069,-0.053],[0,0],[0,0],[0.275,-0.332],[0.169,-0.247],[0,0],[0.308,-0.59],[0.414,-1.342],[0.396,-6.941],[-0.665,-8.137],[-2.176,-8.975],[-1.984,-4.531],[-0.58,-1.123],[-0.163,-0.276],[0,0],[0,0],[-0.685,-0.95],[0,0],[0,0],[-0.081,0.088],[0,0],[0,0],[-0.176,0.285],[0,0],[0,0],[-3.679,9.968],[-0.191,14.739],[0.362,3.551],[0.967,3.32],[3.738,5.092],[0,0],[0,0],[-0.767,-4.178],[-0.188,-1.981],[-0.067,-0.962],[0,0],[0,0],[0,0],[0.055,0.008],[0,0],[0.424,0.224],[1.402,0.88],[1.19,0.948],[0.936,1.003],[0,0],[-0.818,-3.276],[-0.228,-0.017],[0.506,3.494],[3.25,5.783],[0.554,-0.374],[-1.085,-1.207],[-1.349,-1.087],[-1.588,-0.955],[-1.196,-0.689],[0,0],[0,0],[0.012,0.128],[0,0],[-0.048,0.784],[-0.051,0.803],[0.005,0.251],[0,0],[0.124,1.037],[0.335,2.16],[0.761,4.565],[0.978,-0.418],[0.386,-14.135],[5.42,-14.781],[4.957,-8.425],[0.581,-0.957],[0.015,0.046],[0.014,0.02],[0,0],[0.127,0.255],[0.445,1.061],[1.116,4.339],[0.81,7.984],[-0.219,6.81],[-1.437,5.127],[-0.472,1.121],[-0.296,0.492],[-0.25,0.436],[-0.202,0.163],[-0.245,-0.156],[-0.781,-0.526],[-1.594,-1.229]],"o":[[0.099,-0.093],[-1.45,-1.444],[-0.788,-0.595],[-0.625,-0.458],[-0.091,-0.124],[0,0],[0,0],[-0.267,0.318],[-0.298,0.351],[0,0],[-0.355,0.544],[-0.567,1.195],[-1.722,5.357],[-0.403,6.952],[0.689,8.138],[1.103,4.485],[0.467,1.139],[0.138,0.281],[0,0],[0,0],[0.621,0.983],[0,0],[0,0],[0.082,0.002],[0,0],[0,0],[0.377,-0.556],[0,0],[0,0],[5.137,-8.631],[5.54,-15.116],[0.062,-3.68],[-0.48,-3.537],[-1.777,-6.673],[0,0],[0,0],[0.873,4.707],[0.368,2.088],[0.149,0.992],[0,0],[0,0],[0,0],[0.025,0.15],[0,0],[-0.439,-0.229],[-1.549,-0.863],[-1.312,-0.984],[-1.025,-1.099],[0,0],[3.327,5.338],[0.803,3.309],[0.121,0.028],[-0.527,-3.463],[-0.534,0.36],[0.957,1.126],[1.208,1.051],[1.426,0.973],[1.157,0.666],[0,0],[0,0],[0.065,0.011],[0,0],[0.05,-0.772],[0.053,-0.792],[0.038,-0.47],[0,0],[-0.041,-1.023],[-0.151,-2.096],[-0.694,-4.309],[-0.959,0.409],[6.962,9.596],[-0.291,14.167],[-3.602,9.745],[-0.586,0.969],[-0.064,0.089],[-0.01,-0.014],[0,0],[-0.143,-0.242],[-0.527,-1.014],[-1.879,-4.194],[-2.209,-8.703],[-0.798,-7.989],[0.207,-6.799],[0.342,-1.287],[0.259,-0.543],[0.264,-0.455],[0.185,-0.228],[0.256,0.163],[0.865,0.581],[3.173,2.155],[1.549,1.27]],"v":[[0.466,-24.879],[-1.534,-27.286],[-8.334,-33.064],[-10.826,-34.946],[-12.752,-36.354],[-12.963,-36.249],[-13.157,-36.016],[-13.551,-35.541],[-14.363,-34.568],[-14.977,-33.679],[-15.494,-32.869],[-16.394,-31.133],[-17.879,-27.32],[-20.88,-8.721],[-20.482,13.991],[-16.437,39.772],[-12.029,53.362],[-10.394,56.741],[-9.908,57.573],[-9.625,58.034],[-9.144,58.759],[-7.109,61.609],[-6.584,62.316],[-6.324,62.673],[-6.088,62.385],[-5.155,60.99],[-3.277,58.186],[-2.633,57.182],[-2.141,56.384],[-1.156,54.784],[12.113,26.776],[21.221,-18.492],[20.682,-29.351],[18.678,-39.687],[10.141,-57.518],[5.958,-63.221],[7.244,-56.283],[9.988,-43.033],[10.871,-36.932],[11.059,-34.003],[11.111,-32.748],[11.104,-32.231],[11.093,-31.692],[10.953,-31.678],[10.756,-31.779],[9.463,-32.459],[5.139,-35.228],[1.449,-38.203],[-1.496,-41.358],[-3.117,-40.268],[2.596,-26.801],[3.545,-21.632],[3.605,-26.992],[-1.449,-41.292],[-3.07,-40.198],[-0.037,-36.657],[3.748,-33.365],[8.178,-30.315],[11.707,-28.282],[12.737,-27.691],[13.257,-27.393],[13.469,-27.333],[13.487,-27.619],[13.637,-29.951],[13.792,-32.347],[13.815,-33.29],[13.801,-34.054],[13.684,-37.166],[12.913,-43.543],[10.434,-56.835],[7.536,-55.598],[17.479,-18.543],[8.434,25.423],[-4.461,52.819],[-6.212,55.704],[-6.423,56.014],[-6.463,55.968],[-6.66,55.644],[-7.094,54.919],[-8.605,51.844],[-12.933,38.896],[-17.24,13.696],[-18.111,-8.597],[-15.783,-26.686],[-14.54,-30.3],[-13.788,-31.915],[-13.015,-33.253],[-12.451,-33.965],[-11.699,-33.485],[-9.23,-31.825],[-2.057,-26.691]],"c":true},"ix":2},"nm":"Trazado 1","mn":"ADBE Vector Shape - Group","hd":false},{"ty":"fl","c":{"a":0,"k":[0.105999995213,0.113999998803,0.113999998803,1],"ix":4},"o":{"a":0,"k":100,"ix":5},"r":1,"bm":0,"nm":"Relleno 1","mn":"ADBE Vector Graphic - Fill","hd":false},{"ty":"tr","p":{"a":0,"k":[25.679,63.576],"ix":2},"a":{"a":0,"k":[0,0],"ix":1},"s":{"a":0,"k":[100,100],"ix":3},"r":{"a":0,"k":0,"ix":6},"o":{"a":0,"k":100,"ix":7},"sk":{"a":0,"k":0,"ix":4},"sa":{"a":0,"k":0,"ix":5},"nm":"Transformar"}],"nm":"Grupo 3","np":4,"cix":2,"bm":0,"ix":3,"mn":"ADBE Vector Group","hd":false},{"ty":"gr","it":[{"ind":0,"ty":"sh","ix":1,"ks":{"a":0,"k":{"i":[[0,0],[4.307,3.035],[-12.747,-15.424],[23.057,31.283],[0.965,-8.984],[3.293,4.47],[0.383,-5.106]],"o":[[-3.073,-3.244],[-12.775,13.547],[19.001,-28.479],[1.482,8.56],[-5.531,-2.82],[3.504,5.694],[0,0]],"v":[[-2.767,-26.318],[-15.887,-36.643],[-9.588,57.997],[5.605,-57.997],[9.046,-30.88],[-5.518,-42.218],[0.312,-23.071]],"c":false},"ix":2},"nm":"Trazado 1","mn":"ADBE Vector Shape - Group","hd":false},{"ty":"fl","c":{"a":0,"k":[0.187999994615,0.219999994016,0.226999993418,1],"ix":4},"o":{"a":0,"k":100,"ix":5},"r":1,"bm":0,"nm":"Relleno 1","mn":"ADBE Vector Graphic - Fill","hd":false},{"ty":"tr","p":{"a":0,"k":[28.912,65.015],"ix":2},"a":{"a":0,"k":[0,0],"ix":1},"s":{"a":0,"k":[100,100],"ix":3},"r":{"a":0,"k":0,"ix":6},"o":{"a":0,"k":100,"ix":7},"sk":{"a":0,"k":0,"ix":4},"sa":{"a":0,"k":0,"ix":5},"nm":"Transformar"}],"nm":"Grupo 4","np":2,"cix":2,"bm":0,"ix":4,"mn":"ADBE Vector Group","hd":false},{"ty":"gr","it":[{"ind":0,"ty":"sh","ix":1,"ks":{"a":0,"k":{"i":[[-0.096,-0.096],[-1.587,1.231],[-3.231,2.07],[-0.881,0.56],[-0.258,0.155],[-0.178,-0.232],[-0.25,-0.461],[-0.241,-0.551],[-0.309,-1.294],[-0.025,-6.802],[1.015,-7.965],[2.444,-8.643],[1.992,-4.138],[0.555,-0.999],[0.152,-0.241],[0,0],[0.013,-0.014],[0.062,0.09],[0.559,0.982],[3.335,9.84],[-0.093,14.174],[-7.221,9.405],[0.948,0.438],[0.812,-4.29],[0.203,-2.092],[0.067,-1.018],[0,0],[-0.025,-0.466],[-0.03,-0.795],[-0.03,-0.769],[0,0],[-0.064,0.006],[0,0],[0,0],[-1.176,0.636],[-1.448,0.932],[-1.235,1.021],[-0.988,1.1],[0.522,0.373],[0.624,-3.448],[-0.121,0.026],[-0.892,3.286],[-3.473,5.244],[0,0],[1.054,-1.068],[1.339,-0.951],[1.575,-0.821],[0.441,-0.217],[0,0],[-0.034,0.148],[0,0],[0,0],[0,0],[-0.178,0.987],[-0.424,2.077],[-0.995,4.678],[0,0],[0,0],[1.958,-6.621],[0.576,-3.525],[0.037,-3.678],[-5.124,-15.261],[-4.906,-8.764],[0,0],[0,0],[-0.362,-0.57],[0,0],[0,0],[-0.083,0.009],[0,0],[0,0],[-0.648,0.966],[0,0],[0,0],[-0.15,0.275],[-0.5,1.125],[-1.225,4.454],[-0.904,8.113],[0.215,6.959],[1.573,5.404],[0.535,1.21],[0.342,0.552],[0,0],[0.291,0.357],[0.261,0.327],[0,0],[0,0],[0.096,-0.122],[0.638,-0.44],[0.805,-0.575],[1.489,-1.406]],"o":[[0.096,0.096],[1.623,-1.183],[0.792,-0.504],[0.249,-0.148],[0.198,0.164],[0.241,0.442],[0.287,0.496],[0.447,1.132],[1.296,5.165],[0.035,6.813],[-1.025,7.957],[-1.232,4.303],[-0.474,1.051],[-0.134,0.255],[0,0],[-0.015,0.024],[-0.014,0.046],[-0.554,-0.969],[-4.729,-8.556],[-5.016,-14.923],[-0.004,-14.14],[-0.967,-0.441],[-0.885,4.543],[-0.391,2.152],[-0.155,1.034],[0,0],[-0.015,0.249],[0.032,0.807],[0.029,0.785],[0,0],[-0.014,0.124],[0,0],[0,0],[1.217,-0.654],[1.613,-0.908],[1.381,-1.054],[1.118,-1.175],[-0.543,-0.388],[-3.411,5.691],[-0.599,3.477],[0.233,-0.009],[0.907,-3.253],[0,0],[-0.961,0.978],[-1.217,0.917],[-1.423,0.844],[-0.427,0.213],[0,0],[-0.055,0.01],[0,0],[0,0],[0,0],[0.093,-0.961],[0.242,-1.976],[0.883,-4.153],[0,0],[0,0],[-3.873,4.993],[-1.057,3.294],[-0.459,3.539],[-0.211,14.739],[3.411,10.064],[0,0],[0,0],[0.167,0.291],[0,0],[0,0],[0.076,0.09],[0,0],[0,0],[0.712,-0.931],[0,0],[0,0],[0.17,-0.274],[0.608,-1.11],[2.108,-4.475],[2.414,-8.916],[0.89,-8.116],[-0.206,-6.95],[-0.377,-1.349],[-0.295,-0.598],[0,0],[-0.161,-0.25],[-0.265,-0.337],[0,0],[0,0],[-0.067,-0.059],[-0.669,0.462],[-0.891,0.638],[-3.121,2.28],[-1.457,1.455]],"v":[[0.008,-24.941],[2.581,-26.686],[9.889,-31.623],[12.404,-33.214],[13.167,-33.671],[13.712,-32.947],[14.445,-31.59],[15.152,-29.954],[16.299,-26.308],[18.137,-8.164],[16.66,14.097],[11.671,39.174],[6.995,51.996],[5.4,55.03],[4.947,55.746],[4.74,56.061],[4.699,56.108],[4.497,55.792],[2.826,52.863],[-9.322,25.127],[-17.169,-19.069],[-6.225,-55.843],[-9.089,-57.157],[-11.928,-43.936],[-12.867,-37.583],[-13.07,-34.477],[-13.105,-33.711],[-13.111,-32.771],[-13.02,-30.371],[-12.932,-28.036],[-12.923,-27.745],[-12.708,-27.8],[-12.18,-28.088],[-11.137,-28.652],[-7.551,-30.587],[-3.042,-33.512],[0.833,-36.705],[3.96,-40.16],[2.372,-41.295],[-3.076,-27.141],[-3.163,-21.782],[-2.072,-26.921],[4.008,-40.227],[2.415,-41.362],[-0.609,-38.289],[-4.382,-35.414],[-8.781,-32.763],[-10.087,-32.119],[-10.29,-32.026],[-10.428,-32.043],[-10.426,-32.58],[-10.417,-33.097],[-10.331,-34.349],[-10.064,-37.271],[-9.02,-43.349],[-5.917,-56.516],[-4.439,-63.421],[-8.781,-57.832],[-17.796,-40.24],[-20.079,-29.96],[-20.91,-19.121],[-13.038,26.382],[-0.527,54.736],[0.411,56.364],[0.882,57.174],[1.497,58.2],[3.298,61.049],[4.195,62.468],[4.423,62.76],[4.693,62.412],[5.232,61.717],[7.348,58.924],[7.848,58.211],[8.145,57.762],[8.654,56.945],[10.376,53.607],[15.152,40.143],[19.891,14.481],[20.906,-8.21],[18.413,-26.889],[17.031,-30.739],[16.178,-32.496],[15.686,-33.322],[15.094,-34.227],[14.307,-35.223],[13.928,-35.708],[13.74,-35.946],[13.531,-36.051],[11.568,-34.698],[9.025,-32.881],[2.072,-27.29]],"c":true},"ix":2},"nm":"Trazado 1","mn":"ADBE Vector Shape - Group","hd":false},{"ty":"fl","c":{"a":0,"k":[0.105999995213,0.113999998803,0.113999998803,1],"ix":4},"o":{"a":0,"k":100,"ix":5},"r":1,"bm":0,"nm":"Relleno 1","mn":"ADBE Vector Graphic - Fill","hd":false},{"ty":"tr","p":{"a":0,"k":[71.332,63.671],"ix":2},"a":{"a":0,"k":[0,0],"ix":1},"s":{"a":0,"k":[100,100],"ix":3},"r":{"a":0,"k":0,"ix":6},"o":{"a":0,"k":100,"ix":7},"sk":{"a":0,"k":0,"ix":4},"sa":{"a":0,"k":0,"ix":5},"nm":"Transformar"}],"nm":"Grupo 5","np":4,"cix":2,"bm":0,"ix":5,"mn":"ADBE Vector Group","hd":false},{"ty":"gr","it":[{"ind":0,"ty":"sh","ix":1,"ks":{"a":0,"k":{"i":[[0,0],[-4.386,2.916],[13.162,-15.077],[-23.893,30.641],[-0.718,-9.006],[-3.411,4.378],[-0.237,-5.112]],"o":[[3.162,-3.161],[12.397,13.885],[-18.223,-28.987],[-1.716,8.518],[5.61,-2.67],[-3.659,5.597],[0,0]],"v":[[2.804,-26.288],[16.202,-36.253],[7.333,58.184],[-4.706,-58.184],[-8.881,-31.17],[5.986,-42.107],[-0.367,-23.129]],"c":false},"ix":2},"nm":"Trazado 1","mn":"ADBE Vector Shape - Group","hd":false},{"ty":"fl","c":{"a":0,"k":[0.187999994615,0.219999994016,0.226999993418,1],"ix":4},"o":{"a":0,"k":100,"ix":5},"r":1,"bm":0,"nm":"Relleno 1","mn":"ADBE Vector Graphic - Fill","hd":false},{"ty":"tr","p":{"a":0,"k":[68.536,65.018],"ix":2},"a":{"a":0,"k":[0,0],"ix":1},"s":{"a":0,"k":[100,100],"ix":3},"r":{"a":0,"k":0,"ix":6},"o":{"a":0,"k":100,"ix":7},"sk":{"a":0,"k":0,"ix":4},"sa":{"a":0,"k":0,"ix":5},"nm":"Transformar"}],"nm":"Grupo 6","np":2,"cix":2,"bm":0,"ix":6,"mn":"ADBE Vector Group","hd":false}],"ip":26,"op":54,"st":-25,"bm":0},{"ddd":0,"ind":3,"ty":4,"nm":"alas2 contornos 2","sr":1,"ks":{"o":{"a":0,"k":100,"ix":11},"r":{"a":0,"k":0,"ix":10},"p":{"a":0,"k":[154.025,77.701,0],"ix":2},"a":{"a":0,"k":[91.729,52.126,0],"ix":1},"s":{"a":0,"k":[100,100,100],"ix":6}},"ao":0,"shapes":[{"ty":"gr","it":[{"ind":0,"ty":"sh","ix":1,"ks":{"a":0,"k":{"i":[[0.421,0.046],[0.196,-6.999],[-1.821,-10.485],[-2.072,-6.637],[-0.341,0.108],[1.609,6.725],[1.771,10.366],[0.256,6.874]],"o":[[-0.324,-0.044],[-0.237,6.991],[1.792,10.494],[2.095,6.636],[0.376,-0.117],[-1.586,-6.73],[-1.798,-10.36],[-0.296,-6.873]],"v":[[-4.99,-37.683],[-6.434,-26.473],[-4.178,0.677],[2.21,27.11],[6.296,37.619],[4.065,26.599],[-1.495,0.216],[-4.51,-26.487]],"c":true},"ix":2},"nm":"Trazado 1","mn":"ADBE Vector Shape - Group","hd":false},{"ty":"fl","c":{"a":0,"k":[0.105999995213,0.113999998803,0.113999998803,1],"ix":4},"o":{"a":0,"k":100,"ix":5},"r":1,"bm":0,"nm":"Relleno 1","mn":"ADBE Vector Graphic - Fill","hd":false},{"ty":"tr","p":{"a":0,"k":[127.649,45.221],"ix":2},"a":{"a":0,"k":[0,0],"ix":1},"s":{"a":0,"k":[100,100],"ix":3},"r":{"a":0,"k":0,"ix":6},"o":{"a":0,"k":100,"ix":7},"sk":{"a":0,"k":0,"ix":4},"sa":{"a":0,"k":0,"ix":5},"nm":"Transformar"}],"nm":"Grupo 1","np":2,"cix":2,"bm":0,"ix":1,"mn":"ADBE Vector Group","hd":false},{"ty":"gr","it":[{"ind":0,"ty":"sh","ix":1,"ks":{"a":0,"k":{"i":[[0.186,-0.029],[-0.077,-1.822],[-0.126,-3.235],[1.335,-9.782],[1.827,-6.216],[-0.373,-0.173],[-2.349,6.165],[-1.331,9.983],[0.659,6.549],[0.444,1.794]],"o":[[-0.186,0.029],[0.117,1.818],[0.161,6.477],[-1.304,9.787],[-1.844,6.214],[0.306,0.148],[2.327,-6.157],[1.362,-9.978],[-0.375,-3.275],[-0.402,-1.798]],"v":[[3.502,-35.376],[3.35,-32.496],[3.67,-24.81],[2.274,0.407],[-3.02,25.111],[-5.961,35.257],[-1.196,25.725],[4.972,0.772],[5.591,-24.928],[4.399,-32.633]],"c":true},"ix":2},"nm":"Trazado 1","mn":"ADBE Vector Shape - Group","hd":false},{"ty":"fl","c":{"a":0,"k":[0.105999995213,0.113999998803,0.113999998803,1],"ix":4},"o":{"a":0,"k":100,"ix":5},"r":1,"bm":0,"nm":"Relleno 1","mn":"ADBE Vector Graphic - Fill","hd":false},{"ty":"tr","p":{"a":0,"k":[148.374,45.81],"ix":2},"a":{"a":0,"k":[0,0],"ix":1},"s":{"a":0,"k":[100,100],"ix":3},"r":{"a":0,"k":0,"ix":6},"o":{"a":0,"k":100,"ix":7},"sk":{"a":0,"k":0,"ix":4},"sa":{"a":0,"k":0,"ix":5},"nm":"Transformar"}],"nm":"Grupo 2","np":2,"cix":2,"bm":0,"ix":2,"mn":"ADBE Vector Group","hd":false},{"ty":"gr","it":[{"ind":0,"ty":"sh","ix":1,"ks":{"a":0,"k":{"i":[[0.187,-0.096],[-0.703,-1.506],[-1.558,-2.745],[-7.458,-8.584],[-2.356,-2.068],[-1.374,-0.922],[-1.658,-0.647],[-1.994,0.271],[-0.243,0.071],[0,0],[-0.453,0.24],[-0.635,0.576],[-2.23,3.05],[-3.167,7.55],[-1.258,4.037],[-0.512,2.082],[-0.225,1.055],[-0.413,1.823],[0,0],[0,0],[0,0],[0.073,-0.011],[0,0],[0.444,0.037],[0.863,0.396],[1.446,1.402],[2.209,3.357],[1.861,3.427],[0.874,1.701],[0.47,0.93],[0.404,0.772],[0,0],[0,0],[0,0],[0.035,-0.088],[0,0],[0.478,-0.707],[0.098,-0.191],[0,0],[0.098,-0.214],[0.373,-0.832],[0.877,-1.4],[1.27,-0.456],[0.645,0.078],[0.618,0.349],[0.97,1.189],[0.866,1.276],[0.923,1.22],[1.309,0.939],[0.398,0.174],[0.226,0.058],[0.232,-0.019],[0.693,-0.358],[0.871,-0.979],[1.549,-1.501],[0.831,-0.333],[0.757,0.32],[0.839,1.266],[0.722,1.493],[0.089,-0.03],[-0.5,-1.604],[-1.639,-2.809],[-1.974,-1.04],[-1.124,0.434],[-0.872,0.789],[-1.687,1.84],[-0.995,0.562],[-0.449,-0.077],[-0.11,-0.021],[-0.126,-0.083],[-0.249,-0.172],[-0.845,-1.158],[-0.847,-1.301],[-1.034,-1.317],[-1.651,-0.99],[-1.031,-0.107],[-0.997,0.269],[-1.032,1.569],[-0.769,1.658],[-0.402,0.801],[-0.104,0.195],[0,0],[-0.022,0.026],[0,0],[-0.007,-0.016],[0,0],[-0.385,-0.776],[-0.933,-1.742],[-2.255,-3.468],[-3.125,-3.086],[-2.104,-1.065],[-1.245,-0.171],[-0.635,0.07],[0,0],[0,0],[0.015,-0.067],[0,0],[0.258,-1.019],[0.577,-1.991],[1.504,-3.718],[4.303,-5.918],[2.561,-2.336],[0.61,-0.372],[0.348,-0.077],[0,0],[0.174,-0.033],[1.427,0.542],[1.281,0.849],[1.158,0.957],[1.887,2.047],[3.403,5.247]],"o":[[-0.081,0.042],[0.712,1.499],[3.155,5.456],[1.879,2.13],[1.19,1.021],[1.362,0.932],[1.638,0.645],[0.247,-0.04],[0,0],[0.499,-0.126],[0.876,-0.52],[2.677,-2.384],[4.516,-6.093],[1.553,-3.789],[0.594,-2.029],[0.263,-1.039],[0.41,-1.813],[0,0],[0,0],[0,0],[-0.137,0.04],[0,0],[-0.44,0.059],[-0.896,-0.119],[-1.718,-0.867],[-2.889,-2.837],[-2.21,-3.366],[-0.932,-1.713],[-0.476,-0.94],[-0.406,-0.835],[0,0],[0,0],[0,0],[-0.026,-0.026],[0,0],[-0.512,0.704],[-0.116,0.185],[0,0],[-0.113,0.216],[-0.421,0.858],[-0.748,1.663],[-0.885,1.381],[-0.663,0.176],[-0.659,-0.059],[-1.239,-0.708],[-0.975,-1.2],[-0.864,-1.278],[-0.929,-1.212],[-0.338,-0.225],[-0.177,-0.103],[-0.23,-0.047],[-0.953,-0.089],[-1.341,0.81],[-1.711,1.974],[-0.766,0.745],[-0.83,0.343],[-1.521,-0.706],[-1.702,-2.596],[-0.66,-1.529],[-0.089,0.032],[0.567,1.577],[0.838,1.368],[0.994,0.493],[1.132,-0.412],[1.743,-1.591],[0.839,-0.906],[0.494,-0.233],[0.12,-0.022],[0.11,0.031],[0.242,0.112],[0.99,0.738],[0.847,1.165],[0.849,1.301],[1.04,1.304],[0.824,0.484],[1.051,0.122],[2.024,-0.698],[1.029,-1.604],[0.383,-0.832],[0.097,-0.205],[0,0],[0.022,-0.031],[0,0],[0.008,0.011],[0,0],[0.381,0.768],[0.868,1.724],[1.862,3.484],[2.259,3.46],[1.574,1.527],[1.07,0.497],[0.619,0.062],[0,0],[0,0],[-0.003,0.015],[0,0],[-0.219,1.035],[-0.499,2.043],[-1.223,3.962],[-3.064,7.404],[-2.137,2.978],[-0.659,0.613],[-0.314,0.162],[0,0],[-0.167,0.055],[-1.407,0.217],[-1.438,-0.532],[-1.294,-0.836],[-2.299,-1.943],[-7.503,-8.26],[-3.369,-5.29]],"v":[[-29.727,3.605],[-28.788,5.967],[-25.405,12.395],[-9.998,34.27],[-3.698,40.631],[0.094,43.607],[4.571,46.077],[10.077,46.919],[10.818,46.799],[11.545,46.568],[12.931,45.924],[15.169,44.132],[22.566,35.88],[33.985,15.201],[38.222,3.457],[39.957,-2.691],[40.734,-5.822],[41.968,-11.275],[40.044,-10.59],[38.373,-10.087],[37.955,-9.962],[37.749,-9.936],[37.418,-9.913],[36.085,-9.96],[33.44,-10.813],[28.686,-14.333],[21.158,-23.844],[15.101,-34.087],[12.403,-39.215],[10.985,-42.019],[9.765,-44.335],[9.462,-44.902],[9.31,-45.185],[9.235,-45.326],[9.154,-45.387],[8.4,-44.324],[6.965,-42.189],[6.642,-41.62],[6.456,-41.266],[6.126,-40.622],[4.947,-38.077],[2.601,-33.406],[-0.627,-30.447],[-2.665,-30.187],[-4.588,-30.82],[-7.877,-33.855],[-10.595,-37.618],[-13.231,-41.391],[-16.457,-44.729],[-17.535,-45.344],[-18.18,-45.557],[-18.867,-45.669],[-21.331,-45.027],[-24.471,-42.208],[-29.117,-36.773],[-31.52,-35.061],[-33.937,-35.062],[-37.39,-38.478],[-40.739,-44.87],[-41.879,-47.161],[-41.249,-44.672],[-38.286,-37.913],[-34.468,-33.879],[-31.026,-33.738],[-28.075,-35.665],[-23.182,-41.055],[-20.439,-43.43],[-18.995,-43.796],[-18.662,-43.729],[-18.318,-43.611],[-17.574,-43.161],[-14.847,-40.189],[-12.344,-36.456],[-9.581,-32.495],[-5.718,-28.867],[-2.898,-27.906],[0.123,-28.243],[4.613,-32.111],[7.179,-37.061],[8.345,-39.512],[8.654,-40.102],[8.814,-40.396],[8.877,-40.484],[8.91,-40.523],[8.932,-40.473],[8.974,-40.374],[10.123,-38.059],[12.812,-32.855],[18.926,-22.385],[26.799,-12.393],[32.244,-8.372],[35.699,-7.268],[37.586,-7.197],[38.267,-7.249],[38.267,-7.249],[38.26,-7.217],[38.086,-6.443],[37.326,-3.372],[35.636,2.66],[31.523,14.185],[20.55,34.398],[13.537,42.391],[11.717,43.908],[10.764,44.365],[10.265,44.536],[9.741,44.624],[5.388,43.98],[1.312,41.807],[-2.331,39.044],[-8.575,32.984],[-24.501,11.85]],"c":true},"ix":2},"nm":"Trazado 1","mn":"ADBE Vector Shape - Group","hd":false},{"ty":"fl","c":{"a":0,"k":[0.105999995213,0.113999998803,0.113999998803,1],"ix":4},"o":{"a":0,"k":100,"ix":5},"r":1,"bm":0,"nm":"Relleno 1","mn":"ADBE Vector Graphic - Fill","hd":false},{"ty":"tr","p":{"a":0,"k":[141.24,48.772],"ix":2},"a":{"a":0,"k":[0,0],"ix":1},"s":{"a":0,"k":[100,100],"ix":3},"r":{"a":0,"k":0,"ix":6},"o":{"a":0,"k":100,"ix":7},"sk":{"a":0,"k":0,"ix":4},"sa":{"a":0,"k":0,"ix":5},"nm":"Transformar"}],"nm":"Grupo 3","np":2,"cix":2,"bm":0,"ix":3,"mn":"ADBE Vector Group","hd":false},{"ty":"gr","it":[{"ind":0,"ty":"sh","ix":1,"ks":{"a":0,"k":{"i":[[0,0],[-10.088,9.694],[-4.532,21.544],[8.415,17.222],[5.59,-0.813],[5.582,2.353],[10.299,29.243]],"o":[[10.641,20.695],[12.005,-10.334],[-10.713,4.631],[-3.366,4.287],[-7.51,1.453],[-7.339,-2.821],[0,0]],"v":[[-28.834,0.467],[14.489,40.824],[40.988,-12.303],[9.943,-46.217],[-0.316,-32.248],[-17.2,-47.697],[-40.988,-50.296]],"c":false},"ix":2},"nm":"Trazado 1","mn":"ADBE Vector Shape - Group","hd":false},{"ty":"fl","c":{"a":0,"k":[0.187999994615,0.219999994016,0.226999993418,1],"ix":4},"o":{"a":0,"k":100,"ix":5},"r":1,"bm":0,"nm":"Relleno 1","mn":"ADBE Vector Graphic - Fill","hd":false},{"ty":"tr","p":{"a":0,"k":[140.348,51.909],"ix":2},"a":{"a":0,"k":[0,0],"ix":1},"s":{"a":0,"k":[100,100],"ix":3},"r":{"a":0,"k":0,"ix":6},"o":{"a":0,"k":100,"ix":7},"sk":{"a":0,"k":0,"ix":4},"sa":{"a":0,"k":0,"ix":5},"nm":"Transformar"}],"nm":"Grupo 4","np":2,"cix":2,"bm":0,"ix":4,"mn":"ADBE Vector Group","hd":false},{"ty":"gr","it":[{"ind":0,"ty":"sh","ix":1,"ks":{"a":0,"k":{"i":[[0.322,-0.067],[-0.182,-6.877],[1.074,-10.46],[1.114,-6.823],[-0.383,-0.092],[-1.629,6.765],[-1.059,10.593],[0.723,6.957]],"o":[[-0.415,0.075],[0.223,6.875],[-1.046,10.465],[-1.137,6.821],[0.348,0.083],[1.605,-6.765],[1.087,-10.586],[-0.683,-6.969]],"v":[[1.729,-37.961],[2.029,-26.758],[0.88,0.09],[-2.832,26.794],[-4.292,37.945],[-0.946,27.176],[3.587,0.364],[3.951,-26.878]],"c":true},"ix":2},"nm":"Trazado 1","mn":"ADBE Vector Shape - Group","hd":false},{"ty":"fl","c":{"a":0,"k":[0.105999995213,0.113999998803,0.113999998803,1],"ix":4},"o":{"a":0,"k":100,"ix":5},"r":1,"bm":0,"nm":"Relleno 1","mn":"ADBE Vector Graphic - Fill","hd":false},{"ty":"tr","p":{"a":0,"k":[56.838,45.767],"ix":2},"a":{"a":0,"k":[0,0],"ix":1},"s":{"a":0,"k":[100,100],"ix":3},"r":{"a":0,"k":0,"ix":6},"o":{"a":0,"k":100,"ix":7},"sk":{"a":0,"k":0,"ix":4},"sa":{"a":0,"k":0,"ix":5},"nm":"Transformar"}],"nm":"Grupo 5","np":2,"cix":2,"bm":0,"ix":5,"mn":"ADBE Vector Group","hd":false},{"ty":"gr","it":[{"ind":0,"ty":"sh","ix":1,"ks":{"a":0,"k":{"i":[[0.187,0.016],[0.277,-1.822],[0.146,-3.293],[-2.053,-9.859],[-2.75,-5.98],[-0.293,0.169],[2.271,6.072],[1.983,9.673],[0.291,6.472],[0.009,1.822]],"o":[[-0.187,-0.017],[-0.316,1.82],[-0.203,6.579],[2.023,9.866],[2.771,5.987],[0.361,-0.199],[-2.254,-6.073],[-2.012,-9.665],[-0.1,-3.237],[-0.05,-1.823]],"v":[[-6.577,-34.978],[-7.282,-32.178],[-7.933,-24.411],[-5.528,1.184],[2.361,25.648],[7.775,34.826],[4.137,24.908],[-2.863,0.633],[-6.009,-24.426],[-6.224,-32.115]],"c":true},"ix":2},"nm":"Trazado 1","mn":"ADBE Vector Shape - Group","hd":false},{"ty":"fl","c":{"a":0,"k":[0.105999995213,0.113999998803,0.113999998803,1],"ix":4},"o":{"a":0,"k":100,"ix":5},"r":1,"bm":0,"nm":"Relleno 1","mn":"ADBE Vector Graphic - Fill","hd":false},{"ty":"tr","p":{"a":0,"k":[36.2,47.705],"ix":2},"a":{"a":0,"k":[0,0],"ix":1},"s":{"a":0,"k":[100,100],"ix":3},"r":{"a":0,"k":0,"ix":6},"o":{"a":0,"k":100,"ix":7},"sk":{"a":0,"k":0,"ix":4},"sa":{"a":0,"k":0,"ix":5},"nm":"Transformar"}],"nm":"Grupo 6","np":2,"cix":2,"bm":0,"ix":6,"mn":"ADBE Vector Group","hd":false},{"ty":"gr","it":[{"ind":0,"ty":"sh","ix":1,"ks":{"a":0,"k":{"i":[[0.084,0.036],[2.992,-5.511],[6.91,-8.763],[2.158,-2.098],[1.232,-0.924],[1.398,-0.631],[1.419,0.119],[0.171,0.043],[0,0],[0.326,0.14],[0.699,0.566],[2.34,2.822],[3.572,7.174],[1.497,3.868],[0.64,2.002],[0.29,1.017],[0,0],[0.004,0.015],[0,0],[0,0],[-0.614,0.106],[-1.034,0.572],[-1.463,1.632],[-2.013,3.609],[-1.615,3.605],[-0.746,1.78],[-0.326,0.792],[0,0],[-0.008,0.013],[0,0],[-0.025,-0.03],[0,0],[-0.111,-0.198],[-0.44,-0.803],[-1.137,-1.529],[-2.068,-0.557],[-1.039,0.195],[-0.788,0.54],[-0.948,1.372],[-0.758,1.356],[-0.764,1.221],[-0.936,0.805],[-0.234,0.129],[-0.107,0.039],[-0.121,-0.013],[-0.509,-0.198],[-0.899,-0.846],[-1.849,-1.466],[-1.158,-0.332],[-0.957,0.561],[-0.741,1.423],[-0.456,1.612],[0.09,0.025],[0.552,-1.571],[1.517,-2.708],[1.468,-0.809],[0.851,0.283],[0.817,0.69],[1.844,1.85],[1.394,0.715],[0.945,-0.155],[0.225,-0.063],[0.169,-0.114],[0.321,-0.248],[0.842,-1.273],[0.774,-1.335],[0.888,-1.264],[1.186,-0.793],[0.653,-0.105],[0.673,0.129],[0.978,1.316],[0.862,1.607],[0.479,0.827],[0.127,0.207],[0,0],[0.129,0.176],[0.559,0.666],[0,0],[0.025,-0.028],[0,0],[0,0],[0,0],[0.347,-0.862],[0.409,-0.971],[0.81,-1.774],[1.97,-3.512],[2.684,-3.03],[1.652,-0.984],[0.885,-0.18],[0.441,0.027],[0,0],[0.139,0.031],[0,0],[0,0],[0,0],[-0.535,-1.78],[-0.335,-1.018],[-0.734,-1.983],[-1.813,-3.672],[-4.929,-5.764],[-2.837,-2.192],[-0.91,-0.458],[-0.507,-0.09],[0,0],[-0.249,-0.023],[-1.589,0.758],[-1.294,1.025],[-1.116,1.102],[-1.727,2.256],[-2.766,5.662],[-0.607,1.546]],"o":[[-0.192,-0.083],[-3.03,5.472],[-1.739,2.173],[-1.088,1.035],[-1.219,0.935],[-1.385,0.64],[-0.175,-0.02],[0,0],[-0.353,-0.052],[-0.633,-0.328],[-2.718,-2.153],[-4.704,-5.604],[-1.758,-3.604],[-0.713,-1.946],[-0.328,-0.999],[0,0],[-0.02,-0.065],[0,0],[0,0],[0.638,0.026],[1.23,-0.257],[2.024,-1.208],[2.903,-3.296],[2.008,-3.616],[0.809,-1.802],[0.33,-0.801],[0,0],[0.006,-0.016],[0,0],[0.025,0.024],[0,0],[0.118,0.188],[0.457,0.771],[0.883,1.601],[1.14,1.493],[1.013,0.198],[1.021,-0.179],[1.578,-1.102],[0.939,-1.386],[0.754,-1.358],[0.762,-1.214],[0.237,-0.189],[0.121,-0.09],[0.109,-0.028],[0.443,-0.108],[1.031,0.491],[1.811,1.718],[0.924,0.726],[1.152,0.355],[1.897,-1.175],[1.439,-2.917],[0.387,-1.635],[-0.091,-0.025],[-0.616,1.539],[-0.75,1.321],[-0.733,0.372],[-0.853,-0.275],[-1.649,-1.39],[-0.937,-0.916],[-0.716,-0.308],[-0.233,-0.002],[-0.222,0.073],[-0.385,0.202],[-1.242,1.027],[-0.836,1.281],[-0.775,1.333],[-0.886,1.254],[-0.592,0.39],[-0.639,0.122],[-1.299,-0.368],[-0.972,-1.336],[-0.43,-0.803],[-0.114,-0.207],[0,0],[-0.111,-0.184],[-0.525,-0.673],[0,0],[-0.041,-0.085],[0,0],[0,0],[0,0],[-0.35,0.799],[-0.404,0.959],[-0.753,1.757],[-1.619,3.548],[-1.971,3.502],[-1.346,1.5],[-0.834,0.456],[-0.441,0.068],[0,0],[-0.075,-0.007],[0,0],[0,0],[0,0],[0.539,1.791],[0.297,1.038],[0.656,2.042],[1.535,3.94],[3.684,7.311],[2.436,2.888],[0.673,0.53],[0.469,0.207],[0,0],[0.247,0.053],[2.008,0.132],[1.61,-0.761],[1.306,-1.015],[2.207,-2.226],[6.843,-9.082],[1.365,-2.846],[0.596,-1.55]],"v":[[31.935,2.699],[27.297,11.286],[12.879,33.48],[7.073,39.96],[3.631,42.969],[-0.285,45.421],[-4.583,46.365],[-5.112,46.314],[-5.62,46.178],[-6.605,45.788],[-8.523,44.402],[-16.077,36.915],[-28.43,17.514],[-33.335,6.303],[-35.439,0.406],[-36.41,-2.605],[-36.637,-3.367],[-36.648,-3.398],[-36.648,-3.397],[-35.964,-3.393],[-34.087,-3.596],[-30.717,-4.938],[-25.566,-9.326],[-18.407,-19.842],[-13.036,-30.712],[-10.715,-36.09],[-9.73,-38.48],[-9.696,-38.581],[-9.676,-38.633],[-9.642,-38.596],[-9.572,-38.512],[-9.393,-38.23],[-9.043,-37.663],[-7.709,-35.299],[-4.806,-30.54],[-0.057,-26.993],[2.98,-26.867],[5.727,-28.023],[9.329,-31.91],[11.81,-36.053],[14.047,-39.952],[16.56,-43.107],[17.271,-43.609],[17.605,-43.749],[17.932,-43.839],[19.4,-43.572],[22.301,-41.395],[27.557,-36.359],[30.635,-34.643],[34.059,-35.021],[37.588,-39.311],[40.074,-46.26],[40.529,-48.786],[39.551,-46.423],[36.654,-39.813],[33.447,-36.165],[31.036,-35.995],[28.519,-37.536],[23.507,-42.635],[20.178,-45.229],[17.676,-45.697],[16.999,-45.538],[16.37,-45.281],[15.338,-44.592],[12.351,-41.04],[9.982,-37.092],[7.535,-33.15],[4.464,-29.893],[2.59,-29.126],[0.538,-29.243],[-2.887,-31.971],[-5.553,-36.469],[-6.906,-38.924],[-7.28,-39.544],[-7.491,-39.885],[-7.853,-40.43],[-9.432,-42.46],[-10.258,-43.469],[-10.335,-43.402],[-10.4,-43.257],[-10.532,-42.964],[-10.795,-42.378],[-11.851,-39.98],[-13.07,-37.085],[-15.405,-31.781],[-20.734,-21.143],[-27.583,-11.132],[-32.079,-7.288],[-34.659,-6.255],[-35.984,-6.115],[-36.316,-6.113],[-36.525,-6.128],[-36.951,-6.223],[-38.652,-6.607],[-40.62,-7.158],[-39.008,-1.803],[-38.016,1.266],[-35.857,7.279],[-30.814,18.699],[-17.984,38.533],[-10.031,46.251],[-7.674,47.885],[-6.247,48.43],[-5.506,48.609],[-4.758,48.678],[0.676,47.454],[4.971,44.68],[8.546,41.445],[14.389,34.661],[28.234,11.768],[31.163,5.12]],"c":true},"ix":2},"nm":"Trazado 1","mn":"ADBE Vector Shape - Group","hd":false},{"ty":"fl","c":{"a":0,"k":[0.105999995213,0.113999998803,0.113999998803,1],"ix":4},"o":{"a":0,"k":100,"ix":5},"r":1,"bm":0,"nm":"Relleno 1","mn":"ADBE Vector Graphic - Fill","hd":false},{"ty":"tr","p":{"a":0,"k":[40.869,49.061],"ix":2},"a":{"a":0,"k":[0,0],"ix":1},"s":{"a":0,"k":[100,100],"ix":3},"r":{"a":0,"k":0,"ix":6},"o":{"a":0,"k":100,"ix":7},"sk":{"a":0,"k":0,"ix":4},"sa":{"a":0,"k":0,"ix":5},"nm":"Transformar"}],"nm":"Grupo 7","np":2,"cix":2,"bm":0,"ix":7,"mn":"ADBE Vector Group","hd":false},{"ty":"gr","it":[{"ind":0,"ty":"sh","ix":1,"ks":{"a":0,"k":{"i":[[0,0],[10.736,8.97],[6.019,21.177],[-7.196,17.766],[-5.632,-0.423],[-5.405,2.736],[-8.24,29.889]],"o":[[-9.176,21.386],[-12.694,-9.474],[11.008,3.874],[3.657,4.042],[7.594,0.926],[7.124,-3.325],[0,0]],"v":[[30.973,-0.38],[-9.437,42.893],[-39.567,-8.261],[-10.958,-44.253],[0.248,-31.03],[16.017,-47.615],[39.567,-51.863]],"c":false},"ix":2},"nm":"Trazado 1","mn":"ADBE Vector Shape - Group","hd":false},{"ty":"fl","c":{"a":0,"k":[0.187999994615,0.219999994016,0.226999993418,1],"ix":4},"o":{"a":0,"k":100,"ix":5},"r":1,"bm":0,"nm":"Relleno 1","mn":"ADBE Vector Graphic - Fill","hd":false},{"ty":"tr","p":{"a":0,"k":[41.832,52.139],"ix":2},"a":{"a":0,"k":[0,0],"ix":1},"s":{"a":0,"k":[100,100],"ix":3},"r":{"a":0,"k":0,"ix":6},"o":{"a":0,"k":100,"ix":7},"sk":{"a":0,"k":0,"ix":4},"sa":{"a":0,"k":0,"ix":5},"nm":"Transformar"}],"nm":"Grupo 8","np":2,"cix":2,"bm":0,"ix":8,"mn":"ADBE Vector Group","hd":false}],"ip":24,"op":26,"st":13,"bm":0},{"ddd":0,"ind":4,"ty":4,"nm":"alas3 contornos","sr":1,"ks":{"o":{"a":0,"k":100,"ix":11},"r":{"a":0,"k":0,"ix":10},"p":{"a":0,"k":[154.366,73.738,0],"ix":2},"a":{"a":0,"k":[154.617,54.707,0],"ix":1},"s":{"a":0,"k":[100,100,100],"ix":6}},"ao":0,"shapes":[{"ty":"gr","it":[{"ind":0,"ty":"sh","ix":1,"ks":{"a":0,"k":{"i":[[0.171,0.079],[0.953,-1.837],[0.284,-0.562],[0.281,-0.679],[0.523,-1.776],[0.306,-0.964],[0.271,-1.055],[0.449,-2.411],[0.055,-5.652],[-0.575,-4.849],[-0.422,-2.129],[-0.185,-0.989],[-0.2,-0.9],[-0.324,0.091],[1.165,7.19],[0.157,0.981],[0.143,1.06],[0.274,2.385],[-0.013,5.529],[-0.601,4.745],[-0.469,2.076],[-0.231,0.96],[-0.22,0.878],[-0.397,1.389],[-0.175,0.595],[-0.164,0.482]],"o":[[-0.17,-0.079],[-0.234,0.462],[-0.262,0.572],[-0.541,1.365],[-0.28,0.884],[-0.291,0.969],[-0.576,2.107],[-0.755,4.842],[-0.014,5.65],[0.346,2.417],[0.198,1.066],[0.219,0.982],[1.666,7.184],[0.4,-0.107],[-0.143,-0.899],[-0.132,-0.984],[-0.32,-2.114],[-0.428,-4.781],[0.053,-5.528],[0.372,-2.36],[0.219,-1.04],[0.24,-0.958],[0.394,-1.773],[0.203,-0.693],[0.2,-0.585],[0.641,-1.936]],"v":[[4.629,-39.674],[2.903,-36.946],[2.125,-35.408],[1.335,-33.521],[-0.403,-28.839],[-1.282,-26.066],[-2.07,-23.014],[-3.478,-16.199],[-4.786,-0.328],[-3.831,15.54],[-2.777,22.388],[-2.203,25.472],[-1.574,28.297],[2.027,39.662],[0.315,27.93],[-0.135,25.108],[-0.548,22.04],[-1.339,15.265],[-2.064,-0.31],[-0.998,-15.83],[0.132,-22.524],[0.751,-25.541],[1.443,-28.296],[2.768,-33.007],[3.335,-34.94],[3.882,-36.542]],"c":true},"ix":2},"nm":"Trazado 1","mn":"ADBE Vector Shape - Group","hd":false},{"ty":"fl","c":{"a":0,"k":[0.105999995213,0.113999998803,0.113999998803,1],"ix":4},"o":{"a":0,"k":100,"ix":5},"r":1,"bm":0,"nm":"Relleno 1","mn":"ADBE Vector Graphic - Fill","hd":false},{"ty":"tr","p":{"a":0,"k":[200.763,50.861],"ix":2},"a":{"a":0,"k":[0,0],"ix":1},"s":{"a":0,"k":[100,100],"ix":3},"r":{"a":0,"k":0,"ix":6},"o":{"a":0,"k":100,"ix":7},"sk":{"a":0,"k":0,"ix":4},"sa":{"a":0,"k":0,"ix":5},"nm":"Transformar"}],"nm":"Grupo 1","np":2,"cix":2,"bm":0,"ix":1,"mn":"ADBE Vector Group","hd":false},{"ty":"gr","it":[{"ind":0,"ty":"sh","ix":1,"ks":{"a":0,"k":{"i":[[0.27,-0.018],[1.922,-7.911],[0.268,-1.077],[0.355,-1.143],[0.181,-0.59],[0.216,-0.6],[0.462,-1.263],[2.967,-5.472],[3.014,-4.484],[2.559,-3.197],[-0.3,-0.292],[-5.492,6.204],[-3.253,4.412],[-3.076,5.543],[-1.939,5.149],[-0.413,1.237],[-0.176,0.608],[-0.157,0.592],[-0.287,1.1],[-0.195,1.023]],"o":[[-0.479,-0.015],[-0.245,0.987],[-0.329,1.061],[-0.175,0.571],[-0.193,0.586],[-0.437,1.196],[-2.026,4.988],[-3.02,5.442],[-3.095,4.427],[-5.052,6.446],[0.233,0.236],[2.776,-3.074],[3.172,-4.471],[3.023,-5.575],[0.436,-1.306],[0.2,-0.62],[0.163,-0.612],[0.31,-1.185],[0.231,-1.113],[1.48,-8.221]],"v":[[19.883,-39.859],[17.3,-26.859],[16.529,-23.762],[15.503,-20.455],[14.969,-18.713],[14.326,-16.942],[12.977,-13.252],[5.496,2.583],[-3.705,17.532],[-12.211,29.109],[-20.362,39.641],[-10.731,30.339],[-1.651,18.972],[7.883,3.891],[15.321,-12.362],[16.595,-16.179],[17.188,-18.012],[17.668,-19.818],[18.565,-23.246],[19.182,-26.459]],"c":true},"ix":2},"nm":"Trazado 1","mn":"ADBE Vector Shape - Group","hd":false},{"ty":"fl","c":{"a":0,"k":[0.105999995213,0.113999998803,0.113999998803,1],"ix":4},"o":{"a":0,"k":100,"ix":5},"r":1,"bm":0,"nm":"Relleno 1","mn":"ADBE Vector Graphic - Fill","hd":false},{"ty":"tr","p":{"a":0,"k":[239.685,46.798],"ix":2},"a":{"a":0,"k":[0,0],"ix":1},"s":{"a":0,"k":[100,100],"ix":3},"r":{"a":0,"k":0,"ix":6},"o":{"a":0,"k":100,"ix":7},"sk":{"a":0,"k":0,"ix":4},"sa":{"a":0,"k":0,"ix":5},"nm":"Transformar"}],"nm":"Grupo 2","np":2,"cix":2,"bm":0,"ix":2,"mn":"ADBE Vector Group","hd":false},{"ty":"gr","it":[{"ind":0,"ty":"sh","ix":1,"ks":{"a":0,"k":{"i":[[0.092,-0.062],[-1.35,-1.937],[-3.013,-3.33],[-4.984,-4.005],[-7.457,-3.232],[-4.448,-0.614],[-2.348,0.123],[-2.329,0.79],[-2.075,1.212],[-1.059,0.647],[-1.067,0.672],[-1.053,0.726],[-1.069,0.732],[-2.063,1.676],[-4.125,3.731],[-3.918,4.254],[-3.641,4.74],[-0.908,1.2],[-0.852,1.254],[-0.821,1.289],[-1.492,2.303],[0.691,-0.196],[0,0],[0,0],[0,0],[0,0],[0.176,-0.033],[1.426,-0.005],[1.402,0.18],[1.335,0.468],[4.051,3.857],[3.148,4.471],[0.748,1.131],[0,0],[0.572,0.899],[0,0],[0.058,-0.035],[0,0],[0,0],[0,0],[0,0],[0.932,-0.951],[4.129,-2.425],[2.267,-0.461],[2.095,0.468],[1.682,1.363],[1.601,1.523],[2.047,1.012],[0.523,0.208],[0.547,0.129],[0.571,0.009],[0.547,-0.065],[1.699,-0.943],[1.498,-1.02],[2.644,-1.692],[2.504,-0.76],[1.884,0.968],[0.697,0.645],[0.314,0.318],[0.256,0.331],[0.516,1.045],[0.282,0.533],[0.045,-0.016],[-0.173,-0.58],[-0.498,-1.079],[-0.968,-1.468],[-0.272,-0.389],[-0.342,-0.381],[-1.048,-0.555],[-2.722,0.692],[-2.725,1.681],[-2.982,1.973],[-1.629,0.885],[-1.798,0.359],[-0.889,-0.22],[-0.434,-0.183],[-0.432,-0.2],[-1.535,-1.493],[-1.826,-1.501],[-0.5,-0.34],[-0.52,-0.327],[-0.569,-0.266],[-0.607,-0.191],[-2.48,0.54],[-2.262,1.324],[-3.675,3.696],[-0.964,0.875],[0,0],[0,0],[-0.041,-0.125],[-0.529,-0.826],[-0.8,-1.144],[-4.221,-4.091],[-5.938,-1.965],[-1.547,-0.277],[-1.583,0.062],[-1.56,0.286],[-0.191,0.054],[0,0],[0,0],[0,0],[0,0],[0,0],[0.84,-1.234],[0.892,-1.187],[0.929,-1.145],[3.829,-4.234],[3.997,-3.769],[4.147,-3.212],[2.033,-1.547],[1.034,-0.72],[1.055,-0.653],[1.029,-0.66],[1.036,-0.617],[2.108,-0.782],[2.168,-0.214],[2.102,0.274],[3.633,1.479],[4.998,3.807],[3.097,3.184],[1.478,1.82]],"o":[[-0.063,0.042],[1.346,1.94],[3.011,3.329],[4.988,3.979],[3.727,1.583],[2.221,0.318],[2.345,-0.202],[2.317,-0.824],[1.055,-0.614],[1.051,-0.661],[1.078,-0.656],[1.054,-0.722],[2.074,-1.552],[4.225,-3.23],[4.066,-3.796],[3.891,-4.275],[0.943,-1.159],[0.906,-1.202],[0.854,-1.253],[1.482,-2.289],[-0.636,0.153],[0,0],[0,0],[0,0],[0,0],[-0.174,0.05],[-1.415,0.258],[-1.426,0.06],[-1.393,-0.251],[-5.393,-1.766],[-4.051,-3.902],[-0.789,-1.119],[0,0],[-0.574,-0.904],[0,0],[-0.03,-0.111],[0,0],[0,0],[0,0],[0,0],[-1.011,0.927],[-3.712,3.798],[-2.047,1.218],[-2.26,0.515],[-2.102,-0.464],[-1.694,-1.357],[-1.602,-1.513],[-0.517,-0.235],[-0.525,-0.207],[-0.542,-0.153],[-0.57,0.007],[-2.122,0.461],[-1.694,0.958],[-2.981,2.055],[-2.63,1.708],[-2.499,0.697],[-0.947,-0.458],[-0.336,-0.341],[-0.276,-0.357],[-0.994,-1.356],[-0.568,-1.021],[-0.258,-0.545],[-0.044,0.015],[0.199,0.572],[0.444,1.1],[0.253,0.361],[0.32,0.355],[0.723,0.727],[2.091,1.174],[2.729,-0.743],[2.741,-1.668],[1.494,-0.978],[1.627,-0.872],[0.906,-0.118],[0.441,0.12],[0.431,0.186],[1.711,0.87],[1.539,1.5],[0.475,0.359],[0.516,0.324],[0.565,0.263],[0.582,0.234],[2.479,0.593],[2.495,-0.482],[4.569,-2.645],[0.922,-0.928],[0,0],[0,0],[0.051,-0.015],[0.524,0.817],[0.754,1.153],[3.189,4.577],[4.222,4.041],[1.468,0.515],[1.557,0.206],[1.586,-0.008],[0.195,-0.036],[0,0],[0.014,-0.004],[0,0],[0,0],[0,0],[-0.806,1.268],[-0.838,1.236],[-0.894,1.183],[-3.584,4.682],[-3.857,4.214],[-4.056,3.703],[-2.025,1.669],[-1.048,0.73],[-1.031,0.722],[-1.045,0.67],[-1.038,0.647],[-2.102,1.253],[-2.118,0.741],[-2.176,0.137],[-4.207,-0.526],[-7.274,-3.017],[-5.001,-3.834],[-3.103,-3.185],[-1.482,-1.818]],"v":[[-65.985,12.493],[-64.11,15.569],[-57.64,23.62],[-45.728,34.836],[-27.242,46.254],[-14.983,49.821],[-8.108,50.092],[-1.056,48.658],[5.541,45.378],[8.732,43.526],[11.91,41.527],[15.089,39.43],[18.274,37.248],[24.578,32.528],[37.022,21.968],[49.049,9.924],[60.448,-3.535],[63.157,-7.127],[65.806,-10.803],[68.385,-14.568],[72.845,-21.457],[70.758,-20.861],[68.605,-20.221],[67.431,-19.843],[66.337,-19.567],[65.625,-19.391],[65.096,-19.287],[60.83,-18.825],[56.585,-19.086],[52.472,-20.099],[38.349,-29.177],[27.684,-41.946],[25.385,-45.326],[24.275,-47.026],[22.557,-49.73],[22.321,-50.104],[22.161,-50.072],[21.979,-49.933],[21.256,-49.377],[19.812,-48.267],[18.204,-46.884],[15.291,-44.061],[4.031,-34.048],[-2.467,-31.523],[-9.056,-31.436],[-14.722,-34.369],[-19.545,-38.832],[-24.874,-42.873],[-26.453,-43.508],[-28.107,-43.898],[-29.81,-44.017],[-31.459,-43.821],[-37.124,-41.525],[-41.879,-38.514],[-50.224,-32.757],[-57.94,-28.932],[-64.783,-29.229],[-67.242,-30.932],[-68.216,-31.921],[-69.014,-32.954],[-71.213,-36.627],[-72.345,-39.035],[-72.801,-39.838],[-72.606,-38.939],[-71.711,-36.399],[-69.676,-32.489],[-68.888,-31.364],[-67.894,-30.26],[-65.253,-28.279],[-57.6,-27.681],[-49.418,-31.467],[-40.913,-37.077],[-36.244,-39.921],[-31.085,-41.933],[-28.422,-41.953],[-27.084,-41.619],[-25.779,-41.073],[-21.002,-37.32],[-16.091,-32.672],[-14.663,-31.587],[-13.109,-30.611],[-11.409,-29.818],[-9.597,-29.245],[-1.996,-29.243],[5.24,-31.983],[17.072,-42.296],[19.898,-45.001],[21.342,-46.235],[21.502,-46.353],[21.652,-46.373],[23.23,-43.91],[25.554,-40.459],[36.5,-27.257],[51.618,-17.529],[56.169,-16.404],[60.89,-16.107],[65.616,-16.617],[66.201,-16.732],[66.594,-16.828],[66.609,-16.832],[66.61,-16.834],[66.612,-16.838],[66.117,-16.071],[63.58,-12.363],[60.973,-8.737],[58.307,-5.193],[47.086,8.119],[35.255,20.062],[23.029,30.555],[16.847,35.253],[13.724,37.428],[10.611,39.517],[7.5,41.512],[4.362,43.371],[-1.811,46.532],[-8.274,47.917],[-14.708,47.74],[-26.495,44.48],[-44.788,33.639],[-56.867,22.895],[-63.671,15.24]],"c":true},"ix":2},"nm":"Trazado 1","mn":"ADBE Vector Shape - Group","hd":false},{"ty":"fl","c":{"a":0,"k":[0.105999995213,0.113999998803,0.113999998803,1],"ix":4},"o":{"a":0,"k":100,"ix":5},"r":1,"bm":0,"nm":"Relleno 1","mn":"ADBE Vector Graphic - Fill","hd":false},{"ty":"tr","p":{"a":0,"k":[236.138,50.465],"ix":2},"a":{"a":0,"k":[0,0],"ix":1},"s":{"a":0,"k":[100,100],"ix":3},"r":{"a":0,"k":0,"ix":6},"o":{"a":0,"k":100,"ix":7},"sk":{"a":0,"k":0,"ix":4},"sa":{"a":0,"k":0,"ix":5},"nm":"Transformar"}],"nm":"Grupo 3","np":2,"cix":2,"bm":0,"ix":3,"mn":"ADBE Vector Group","hd":false},{"ty":"gr","it":[{"ind":0,"ty":"sh","ix":1,"ks":{"a":0,"k":{"i":[[0,0],[-22.098,13.141],[-15.38,24.667],[10.406,16.664],[10.802,-2.305],[9.781,1.152],[10.143,29.31]],"o":[[13.503,19.892],[25.918,-14.325],[-21.67,7.772],[-7.707,5.532],[-14.622,3.491],[-12.943,-1.219],[0,0]],"v":[[-64.451,7.294],[4.445,40.359],[71.268,-24.354],[23.482,-53.5],[-0.297,-35.651],[-27.236,-48.231],[-71.268,-45.037]],"c":false},"ix":2},"nm":"Trazado 1","mn":"ADBE Vector Shape - Group","hd":false},{"ty":"fl","c":{"a":0,"k":[0.187999994615,0.219999994016,0.226999993418,1],"ix":4},"o":{"a":0,"k":100,"ix":5},"r":1,"bm":0,"nm":"Relleno 1","mn":"ADBE Vector Graphic - Fill","hd":false},{"ty":"tr","p":{"a":0,"k":[234.604,55.664],"ix":2},"a":{"a":0,"k":[0,0],"ix":1},"s":{"a":0,"k":[100,100],"ix":3},"r":{"a":0,"k":0,"ix":6},"o":{"a":0,"k":100,"ix":7},"sk":{"a":0,"k":0,"ix":4},"sa":{"a":0,"k":0,"ix":5},"nm":"Transformar"}],"nm":"Grupo 4","np":2,"cix":2,"bm":0,"ix":4,"mn":"ADBE Vector Group","hd":false},{"ty":"gr","it":[{"ind":0,"ty":"sh","ix":1,"ks":{"a":0,"k":{"i":[[0.167,-0.086],[-0.724,-1.906],[-0.226,-0.576],[-0.234,-0.683],[-0.471,-1.754],[-0.283,-0.947],[-0.263,-1.03],[-0.475,-2.342],[-0.295,-5.52],[0.22,-4.795],[0.227,-2.126],[0.089,-0.99],[0.104,-0.904],[-0.404,-0.089],[-1.351,7.249],[-0.176,0.99],[-0.152,1.073],[-0.241,2.43],[0.259,5.645],[0.964,4.804],[0.667,2.08],[0.333,0.956],[0.318,0.871],[0.6,1.34],[0.286,0.56],[0.253,0.452]],"o":[[-0.167,0.086],[0.185,0.474],[0.2,0.586],[0.456,1.37],[0.259,0.867],[0.272,0.948],[0.559,2.052],[0.806,4.714],[0.254,5.522],[-0.168,2.394],[-0.097,1.065],[-0.114,0.987],[-0.85,7.234],[0.328,0.077],[0.161,-0.908],[0.141,-0.997],[0.328,-2.145],[0.362,-4.869],[-0.302,-5.643],[-0.554,-2.389],[-0.317,-1.042],[-0.348,-0.95],[-0.6,-1.751],[-0.31,-0.666],[-0.309,-0.548],[-1.032,-1.795]],"v":[[-5.607,-39.569],[-4.724,-36.473],[-4.107,-34.896],[-3.456,-32.99],[-1.928,-28.341],[-1.116,-25.618],[-0.367,-22.631],[1.055,-15.993],[2.796,-0.534],[2.749,15.058],[2.255,21.861],[1.975,24.944],[1.648,27.782],[0.449,39.578],[3.551,28.067],[4.057,25.218],[4.497,22.111],[5.251,15.223],[5.514,-0.672],[3.516,-16.47],[1.813,-23.217],[0.893,-26.232],[-0.107,-28.964],[-2.048,-33.566],[-2.919,-35.417],[-3.763,-36.919]],"c":true},"ix":2},"nm":"Trazado 1","mn":"ADBE Vector Shape - Group","hd":false},{"ty":"fl","c":{"a":0,"k":[0.105999995213,0.113999998803,0.113999998803,1],"ix":4},"o":{"a":0,"k":100,"ix":5},"r":1,"bm":0,"nm":"Relleno 1","mn":"ADBE Vector Graphic - Fill","hd":false},{"ty":"tr","p":{"a":0,"k":[108.573,49.541],"ix":2},"a":{"a":0,"k":[0,0],"ix":1},"s":{"a":0,"k":[100,100],"ix":3},"r":{"a":0,"k":0,"ix":6},"o":{"a":0,"k":100,"ix":7},"sk":{"a":0,"k":0,"ix":4},"sa":{"a":0,"k":0,"ix":5},"nm":"Transformar"}],"nm":"Grupo 5","np":2,"cix":2,"bm":0,"ix":5,"mn":"ADBE Vector Group","hd":false},{"ty":"gr","it":[{"ind":0,"ty":"sh","ix":1,"ks":{"a":0,"k":{"i":[[0.478,-0.036],[-1.837,-8.149],[-0.279,-1.103],[-0.361,-1.17],[-0.19,-0.604],[-0.227,-0.611],[-0.492,-1.286],[-3.263,-5.438],[-3.364,-4.328],[-2.908,-2.95],[-0.222,0.245],[5.328,6.221],[3.285,4.288],[3.255,5.306],[2.24,4.895],[0.489,1.176],[0.219,0.577],[0.199,0.563],[0.375,1.045],[0.289,0.975]],"o":[[-0.27,-0.006],[0.238,1.013],[0.335,1.086],[0.184,0.585],[0.202,0.6],[0.466,1.218],[2.161,5.061],[3.315,5.404],[3.442,4.267],[5.756,5.959],[0.288,-0.306],[-2.695,-3.082],[-3.206,-4.35],[-3.202,-5.337],[-0.517,-1.241],[-0.241,-0.59],[-0.206,-0.582],[-0.405,-1.126],[-0.315,-1.064],[-2.264,-7.82]],"v":[[-21.702,-38.941],[-20.417,-25.584],[-19.661,-22.401],[-18.617,-19.016],[-18.057,-17.232],[-17.385,-15.427],[-15.947,-11.669],[-7.809,4.245],[2.374,18.896],[11.941,29.858],[21.967,38.732],[13.365,28.564],[4.363,17.369],[-5.48,2.834],[-13.643,-12.66],[-15.152,-16.288],[-15.872,-18.029],[-16.48,-19.747],[-17.65,-23.005],[-18.555,-26.066]],"c":true},"ix":2},"nm":"Trazado 1","mn":"ADBE Vector Shape - Group","hd":false},{"ty":"fl","c":{"a":0,"k":[0.105999995213,0.113999998803,0.113999998803,1],"ix":4},"o":{"a":0,"k":100,"ix":5},"r":1,"bm":0,"nm":"Relleno 1","mn":"ADBE Vector Graphic - Fill","hd":false},{"ty":"tr","p":{"a":0,"k":[70.36,47.027],"ix":2},"a":{"a":0,"k":[0,0],"ix":1},"s":{"a":0,"k":[100,100],"ix":3},"r":{"a":0,"k":0,"ix":6},"o":{"a":0,"k":100,"ix":7},"sk":{"a":0,"k":0,"ix":4},"sa":{"a":0,"k":0,"ix":5},"nm":"Transformar"}],"nm":"Grupo 6","np":2,"cix":2,"bm":0,"ix":6,"mn":"ADBE Vector Group","hd":false},{"ty":"gr","it":[{"ind":0,"ty":"sh","ix":1,"ks":{"a":0,"k":{"i":[[0.065,0.039],[1.401,-1.881],[2.96,-3.318],[4.828,-4.048],[7.136,-3.331],[4.181,-0.707],[2.18,0.042],[2.148,0.648],[2.155,1.16],[1.066,0.601],[1.073,0.623],[1.062,0.678],[1.078,0.683],[2.096,1.579],[4.212,3.523],[4.036,4.041],[3.784,4.521],[0.945,1.144],[0.891,1.199],[0.86,1.231],[0,0],[0,0],[0,0],[-0.016,-0.003],[0,0],[-0.196,-0.027],[-1.584,0.061],[-1.548,0.274],[-1.444,0.578],[-4.042,4.221],[-2.987,4.711],[-0.704,1.185],[-0.486,0.838],[-0.052,-0.013],[0,0],[0,0],[-0.962,-0.887],[-4.679,-2.444],[-2.513,-0.373],[-2.451,0.7],[-0.571,0.259],[-0.551,0.287],[-0.501,0.346],[-0.459,0.38],[-1.471,1.564],[-1.672,0.944],[-0.423,0.204],[-0.436,0.14],[-0.911,-0.079],[-1.664,-0.801],[-1.535,-0.912],[-2.811,-1.547],[-2.758,-0.623],[-2.037,1.264],[-0.69,0.758],[-0.305,0.369],[-0.237,0.372],[-0.396,1.118],[-0.173,0.579],[0.045,0.014],[0.234,-0.556],[0.523,-1.045],[0.934,-1.398],[0.26,-0.368],[0.321,-0.355],[0.926,-0.499],[2.527,0.588],[2.702,1.593],[3.068,1.924],[1.735,0.883],[2.14,0.368],[0.571,-0.018],[0.535,-0.177],[0.516,-0.229],[0.505,-0.257],[1.534,-1.581],[1.633,-1.43],[2.08,-0.554],[2.28,0.415],[2.098,1.127],[3.874,3.632],[1.05,0.882],[0,0],[0,0],[0,0],[0,0],[0.025,-0.112],[0,0],[0.534,-0.928],[0,0],[0.74,-1.151],[3.878,-4.074],[5.31,-2],[1.381,-0.312],[1.427,-0.002],[1.425,0.197],[0.176,0.042],[0,0],[0,0],[0,0],[0,0],[0.641,0.124],[-1.581,-2.222],[-0.908,-1.214],[-0.957,-1.162],[-0.992,-1.117],[-4.074,-4.102],[-4.226,-3.616],[-4.362,-3.043],[-2.139,-1.461],[-1.085,-0.676],[-1.105,-0.608],[-1.079,-0.614],[-1.08,-0.568],[-2.351,-0.723],[-2.352,-0.099],[-2.205,0.414],[-3.656,1.745],[-4.809,4.192],[-2.863,3.457],[-1.26,1.996]],"o":[[-0.094,-0.059],[-1.397,1.883],[-2.956,3.315],[-4.828,4.022],[-3.565,1.636],[-2.088,0.366],[-2.175,-0.119],[-2.14,-0.688],[-1.063,-0.571],[-1.057,-0.614],[-1.082,-0.607],[-1.064,-0.674],[-2.099,-1.457],[-4.283,-3.029],[-4.158,-3.592],[-4.011,-4.064],[-0.978,-1.103],[-0.943,-1.146],[-0.893,-1.196],[0,0],[0,0],[0,0],[0,0],[0,0],[0.193,0.044],[1.572,0.218],[1.586,-0.007],[1.533,-0.343],[5.847,-2.222],[4.039,-4.271],[0.749,-1.178],[0.492,-0.849],[0.036,-0.128],[0,0],[0,0],[1.001,0.832],[3.832,3.532],[2.318,1.224],[2.501,0.431],[0.598,-0.217],[0.557,-0.29],[0.506,-0.349],[0.485,-0.362],[1.759,-1.579],[1.469,-1.559],[0.422,-0.219],[0.424,-0.202],[0.878,-0.258],[1.812,0.279],[1.666,0.813],[3.064,1.841],[2.796,1.561],[2.75,0.573],[1.023,-0.599],[0.326,-0.395],[0.255,-0.4],[0.903,-1.508],[0.45,-1.1],[0.148,-0.588],[-0.045,-0.013],[-0.258,0.546],[-0.47,1.066],[-0.241,0.343],[-0.299,0.332],[-0.668,0.675],[-1.841,1.048],[-2.535,-0.651],[-2.715,-1.576],[-1.54,-0.954],[-1.738,-0.868],[-0.549,-0.041],[-0.569,0.034],[-0.54,0.153],[-0.513,0.232],[-2.001,1.1],[-1.532,1.592],[-1.62,1.435],[-2.072,0.558],[-2.284,-0.362],[-4.231,-2.244],[-0.973,-0.91],[0,0],[0,0],[0,0],[0,0],[-0.06,-0.033],[0,0],[-0.532,0.923],[0,0],[-0.699,1.163],[-2.949,4.605],[-3.879,4.03],[-1.314,0.526],[-1.393,0.24],[-1.424,0.057],[-0.178,-0.024],[0,0],[0,0],[0,0],[0,0],[-0.7,-0.165],[1.591,2.236],[0.875,1.252],[0.906,1.217],[0.96,1.159],[3.844,4.577],[4.1,4.079],[4.285,3.548],[2.134,1.585],[1.1,0.685],[1.084,0.679],[1.096,0.624],[1.086,0.6],[2.127,1.12],[2.361,0.688],[2.351,0.021],[4.417,-0.808],[7.308,-3.554],[4.805,-4.218],[2.866,-3.458],[1.264,-1.995]],"v":[[67.8,9.349],[65.609,12.194],[59.145,20.139],[47.546,31.398],[29.741,43.026],[18.107,46.795],[11.687,47.253],[5.17,46.15],[-1.135,43.262],[-4.351,41.54],[-7.546,39.684],[-10.747,37.731],[-13.961,35.695],[-20.343,31.271],[-33.013,21.32],[-45.353,9.904],[-57.144,-2.907],[-59.962,-6.333],[-62.724,-9.841],[-65.42,-13.435],[-65.949,-14.179],[-65.946,-14.175],[-65.945,-14.174],[-65.929,-14.171],[-65.533,-14.091],[-64.945,-14.002],[-60.201,-13.698],[-55.496,-14.201],[-50.999,-15.522],[-36.319,-25.9],[-25.958,-39.566],[-23.786,-43.114],[-22.318,-45.644],[-22.166,-45.631],[-22.001,-45.52],[-20.505,-44.351],[-17.564,-41.771],[-5.295,-31.983],[2.054,-29.56],[9.648,-29.893],[11.433,-30.544],[13.096,-31.41],[14.607,-32.453],[15.987,-33.599],[20.69,-38.456],[25.3,-42.415],[26.58,-43.017],[27.901,-43.41],[30.563,-43.505],[35.805,-41.72],[40.593,-39.082],[49.334,-33.848],[57.673,-30.421],[65.293,-31.352],[67.845,-33.445],[68.791,-34.592],[69.529,-35.75],[71.392,-39.744],[72.175,-42.32],[72.331,-43.228],[71.91,-42.406],[70.884,-39.95],[68.847,-36.186],[68.095,-35.119],[67.165,-34.088],[64.782,-32.28],[57.958,-31.686],[50.083,-35.172],[41.495,-40.56],[36.613,-43.361],[30.854,-45.408],[29.197,-45.532],[27.501,-45.339],[25.866,-44.878],[24.317,-44.173],[19.169,-39.904],[14.545,-35.235],[9.012,-32.058],[2.425,-31.858],[-4.176,-34.098],[-15.862,-43.612],[-18.895,-46.305],[-20.562,-47.618],[-22.052,-48.663],[-22.8,-49.188],[-22.987,-49.319],[-23.148,-49.342],[-23.368,-48.958],[-24.966,-46.182],[-26.001,-44.436],[-28.152,-40.959],[-38.25,-27.738],[-51.963,-18.052],[-56.029,-16.861],[-60.259,-16.416],[-64.54,-16.693],[-65.074,-16.773],[-65.793,-16.918],[-66.898,-17.147],[-68.088,-17.473],[-70.265,-18.019],[-72.377,-18.523],[-67.62,-11.835],[-64.88,-8.186],[-62.074,-4.628],[-59.211,-1.158],[-47.236,11.792],[-34.697,23.301],[-21.804,33.309],[-15.301,37.75],[-12.024,39.792],[-8.757,41.748],[-5.494,43.606],[-2.226,45.318],[4.508,48.308],[11.616,49.433],[18.472,48.864],[30.566,44.765],[48.536,32.553],[59.948,20.829],[66.061,12.504]],"c":true},"ix":2},"nm":"Trazado 1","mn":"ADBE Vector Shape - Group","hd":false},{"ty":"fl","c":{"a":0,"k":[0.105999995213,0.113999998803,0.113999998803,1],"ix":4},"o":{"a":0,"k":100,"ix":5},"r":1,"bm":0,"nm":"Relleno 1","mn":"ADBE Vector Graphic - Fill","hd":false},{"ty":"tr","p":{"a":0,"k":[72.627,50.809],"ix":2},"a":{"a":0,"k":[0,0],"ix":1},"s":{"a":0,"k":[100,100],"ix":3},"r":{"a":0,"k":0,"ix":6},"o":{"a":0,"k":100,"ix":7},"sk":{"a":0,"k":0,"ix":4},"sa":{"a":0,"k":0,"ix":5},"nm":"Transformar"}],"nm":"Grupo 7","np":4,"cix":2,"bm":0,"ix":7,"mn":"ADBE Vector Group","hd":false},{"ty":"gr","it":[{"ind":0,"ty":"sh","ix":1,"ks":{"a":0,"k":{"i":[[0,0],[22.65,12.167],[16.441,23.974],[-9.671,17.102],[-10.892,-1.833],[-9.721,1.578],[-8.855,29.724]],"o":[[-12.624,20.461],[-26.518,-13.183],[21.988,6.823],[7.941,5.192],[14.76,2.851],[12.877,-1.78],[0,0]],"v":[[66.219,4.353],[-1.173,40.387],[-70.749,-21.355],[-24.278,-52.554],[0.257,-35.756],[26.622,-49.499],[70.749,-48.224]],"c":false},"ix":2},"nm":"Trazado 1","mn":"ADBE Vector Shape - Group","hd":false},{"ty":"fl","c":{"a":0,"k":[0.187999994615,0.219999994016,0.226999993418,1],"ix":4},"o":{"a":0,"k":100,"ix":5},"r":1,"bm":0,"nm":"Relleno 1","mn":"ADBE Vector Graphic - Fill","hd":false},{"ty":"tr","p":{"a":0,"k":[74.208,55.805],"ix":2},"a":{"a":0,"k":[0,0],"ix":1},"s":{"a":0,"k":[100,100],"ix":3},"r":{"a":0,"k":0,"ix":6},"o":{"a":0,"k":100,"ix":7},"sk":{"a":0,"k":0,"ix":4},"sa":{"a":0,"k":0,"ix":5},"nm":"Transformar"}],"nm":"Grupo 8","np":2,"cix":2,"bm":0,"ix":8,"mn":"ADBE Vector Group","hd":false}],"ip":18,"op":24,"st":-70,"bm":0},{"ddd":0,"ind":5,"ty":4,"nm":"alas2 contornos","sr":1,"ks":{"o":{"a":0,"k":100,"ix":11},"r":{"a":0,"k":0,"ix":10},"p":{"a":0,"k":[154.025,77.701,0],"ix":2},"a":{"a":0,"k":[91.729,52.126,0],"ix":1},"s":{"a":0,"k":[100,100,100],"ix":6}},"ao":0,"shapes":[{"ty":"gr","it":[{"ind":0,"ty":"sh","ix":1,"ks":{"a":0,"k":{"i":[[0.421,0.046],[0.196,-6.999],[-1.821,-10.485],[-2.072,-6.637],[-0.341,0.108],[1.609,6.725],[1.771,10.366],[0.256,6.874]],"o":[[-0.324,-0.044],[-0.237,6.991],[1.792,10.494],[2.095,6.636],[0.376,-0.117],[-1.586,-6.73],[-1.798,-10.36],[-0.296,-6.873]],"v":[[-4.99,-37.683],[-6.434,-26.473],[-4.178,0.677],[2.21,27.11],[6.296,37.619],[4.065,26.599],[-1.495,0.216],[-4.51,-26.487]],"c":true},"ix":2},"nm":"Trazado 1","mn":"ADBE Vector Shape - Group","hd":false},{"ty":"fl","c":{"a":0,"k":[0.105999995213,0.113999998803,0.113999998803,1],"ix":4},"o":{"a":0,"k":100,"ix":5},"r":1,"bm":0,"nm":"Relleno 1","mn":"ADBE Vector Graphic - Fill","hd":false},{"ty":"tr","p":{"a":0,"k":[127.649,45.221],"ix":2},"a":{"a":0,"k":[0,0],"ix":1},"s":{"a":0,"k":[100,100],"ix":3},"r":{"a":0,"k":0,"ix":6},"o":{"a":0,"k":100,"ix":7},"sk":{"a":0,"k":0,"ix":4},"sa":{"a":0,"k":0,"ix":5},"nm":"Transformar"}],"nm":"Grupo 1","np":2,"cix":2,"bm":0,"ix":1,"mn":"ADBE Vector Group","hd":false},{"ty":"gr","it":[{"ind":0,"ty":"sh","ix":1,"ks":{"a":0,"k":{"i":[[0.186,-0.029],[-0.077,-1.822],[-0.126,-3.235],[1.335,-9.782],[1.827,-6.216],[-0.373,-0.173],[-2.349,6.165],[-1.331,9.983],[0.659,6.549],[0.444,1.794]],"o":[[-0.186,0.029],[0.117,1.818],[0.161,6.477],[-1.304,9.787],[-1.844,6.214],[0.306,0.148],[2.327,-6.157],[1.362,-9.978],[-0.375,-3.275],[-0.402,-1.798]],"v":[[3.502,-35.376],[3.35,-32.496],[3.67,-24.81],[2.274,0.407],[-3.02,25.111],[-5.961,35.257],[-1.196,25.725],[4.972,0.772],[5.591,-24.928],[4.399,-32.633]],"c":true},"ix":2},"nm":"Trazado 1","mn":"ADBE Vector Shape - Group","hd":false},{"ty":"fl","c":{"a":0,"k":[0.105999995213,0.113999998803,0.113999998803,1],"ix":4},"o":{"a":0,"k":100,"ix":5},"r":1,"bm":0,"nm":"Relleno 1","mn":"ADBE Vector Graphic - Fill","hd":false},{"ty":"tr","p":{"a":0,"k":[148.374,45.81],"ix":2},"a":{"a":0,"k":[0,0],"ix":1},"s":{"a":0,"k":[100,100],"ix":3},"r":{"a":0,"k":0,"ix":6},"o":{"a":0,"k":100,"ix":7},"sk":{"a":0,"k":0,"ix":4},"sa":{"a":0,"k":0,"ix":5},"nm":"Transformar"}],"nm":"Grupo 2","np":2,"cix":2,"bm":0,"ix":2,"mn":"ADBE Vector Group","hd":false},{"ty":"gr","it":[{"ind":0,"ty":"sh","ix":1,"ks":{"a":0,"k":{"i":[[0.187,-0.096],[-0.703,-1.506],[-1.558,-2.745],[-7.458,-8.584],[-2.356,-2.068],[-1.374,-0.922],[-1.658,-0.647],[-1.994,0.271],[-0.243,0.071],[0,0],[-0.453,0.24],[-0.635,0.576],[-2.23,3.05],[-3.167,7.55],[-1.258,4.037],[-0.512,2.082],[-0.225,1.055],[-0.413,1.823],[0,0],[0,0],[0,0],[0.073,-0.011],[0,0],[0.444,0.037],[0.863,0.396],[1.446,1.402],[2.209,3.357],[1.861,3.427],[0.874,1.701],[0.47,0.93],[0.404,0.772],[0,0],[0,0],[0,0],[0.035,-0.088],[0,0],[0.478,-0.707],[0.098,-0.191],[0,0],[0.098,-0.214],[0.373,-0.832],[0.877,-1.4],[1.27,-0.456],[0.645,0.078],[0.618,0.349],[0.97,1.189],[0.866,1.276],[0.923,1.22],[1.309,0.939],[0.398,0.174],[0.226,0.058],[0.232,-0.019],[0.693,-0.358],[0.871,-0.979],[1.549,-1.501],[0.831,-0.333],[0.757,0.32],[0.839,1.266],[0.722,1.493],[0.089,-0.03],[-0.5,-1.604],[-1.639,-2.809],[-1.974,-1.04],[-1.124,0.434],[-0.872,0.789],[-1.687,1.84],[-0.995,0.562],[-0.449,-0.077],[-0.11,-0.021],[-0.126,-0.083],[-0.249,-0.172],[-0.845,-1.158],[-0.847,-1.301],[-1.034,-1.317],[-1.651,-0.99],[-1.031,-0.107],[-0.997,0.269],[-1.032,1.569],[-0.769,1.658],[-0.402,0.801],[-0.104,0.195],[0,0],[-0.022,0.026],[0,0],[-0.007,-0.016],[0,0],[-0.385,-0.776],[-0.933,-1.742],[-2.255,-3.468],[-3.125,-3.086],[-2.104,-1.065],[-1.245,-0.171],[-0.635,0.07],[0,0],[0,0],[0.015,-0.067],[0,0],[0.258,-1.019],[0.577,-1.991],[1.504,-3.718],[4.303,-5.918],[2.561,-2.336],[0.61,-0.372],[0.348,-0.077],[0,0],[0.174,-0.033],[1.427,0.542],[1.281,0.849],[1.158,0.957],[1.887,2.047],[3.403,5.247]],"o":[[-0.081,0.042],[0.712,1.499],[3.155,5.456],[1.879,2.13],[1.19,1.021],[1.362,0.932],[1.638,0.645],[0.247,-0.04],[0,0],[0.499,-0.126],[0.876,-0.52],[2.677,-2.384],[4.516,-6.093],[1.553,-3.789],[0.594,-2.029],[0.263,-1.039],[0.41,-1.813],[0,0],[0,0],[0,0],[-0.137,0.04],[0,0],[-0.44,0.059],[-0.896,-0.119],[-1.718,-0.867],[-2.889,-2.837],[-2.21,-3.366],[-0.932,-1.713],[-0.476,-0.94],[-0.406,-0.835],[0,0],[0,0],[0,0],[-0.026,-0.026],[0,0],[-0.512,0.704],[-0.116,0.185],[0,0],[-0.113,0.216],[-0.421,0.858],[-0.748,1.663],[-0.885,1.381],[-0.663,0.176],[-0.659,-0.059],[-1.239,-0.708],[-0.975,-1.2],[-0.864,-1.278],[-0.929,-1.212],[-0.338,-0.225],[-0.177,-0.103],[-0.23,-0.047],[-0.953,-0.089],[-1.341,0.81],[-1.711,1.974],[-0.766,0.745],[-0.83,0.343],[-1.521,-0.706],[-1.702,-2.596],[-0.66,-1.529],[-0.089,0.032],[0.567,1.577],[0.838,1.368],[0.994,0.493],[1.132,-0.412],[1.743,-1.591],[0.839,-0.906],[0.494,-0.233],[0.12,-0.022],[0.11,0.031],[0.242,0.112],[0.99,0.738],[0.847,1.165],[0.849,1.301],[1.04,1.304],[0.824,0.484],[1.051,0.122],[2.024,-0.698],[1.029,-1.604],[0.383,-0.832],[0.097,-0.205],[0,0],[0.022,-0.031],[0,0],[0.008,0.011],[0,0],[0.381,0.768],[0.868,1.724],[1.862,3.484],[2.259,3.46],[1.574,1.527],[1.07,0.497],[0.619,0.062],[0,0],[0,0],[-0.003,0.015],[0,0],[-0.219,1.035],[-0.499,2.043],[-1.223,3.962],[-3.064,7.404],[-2.137,2.978],[-0.659,0.613],[-0.314,0.162],[0,0],[-0.167,0.055],[-1.407,0.217],[-1.438,-0.532],[-1.294,-0.836],[-2.299,-1.943],[-7.503,-8.26],[-3.369,-5.29]],"v":[[-29.727,3.605],[-28.788,5.967],[-25.405,12.395],[-9.998,34.27],[-3.698,40.631],[0.094,43.607],[4.571,46.077],[10.077,46.919],[10.818,46.799],[11.545,46.568],[12.931,45.924],[15.169,44.132],[22.566,35.88],[33.985,15.201],[38.222,3.457],[39.957,-2.691],[40.734,-5.822],[41.968,-11.275],[40.044,-10.59],[38.373,-10.087],[37.955,-9.962],[37.749,-9.936],[37.418,-9.913],[36.085,-9.96],[33.44,-10.813],[28.686,-14.333],[21.158,-23.844],[15.101,-34.087],[12.403,-39.215],[10.985,-42.019],[9.765,-44.335],[9.462,-44.902],[9.31,-45.185],[9.235,-45.326],[9.154,-45.387],[8.4,-44.324],[6.965,-42.189],[6.642,-41.62],[6.456,-41.266],[6.126,-40.622],[4.947,-38.077],[2.601,-33.406],[-0.627,-30.447],[-2.665,-30.187],[-4.588,-30.82],[-7.877,-33.855],[-10.595,-37.618],[-13.231,-41.391],[-16.457,-44.729],[-17.535,-45.344],[-18.18,-45.557],[-18.867,-45.669],[-21.331,-45.027],[-24.471,-42.208],[-29.117,-36.773],[-31.52,-35.061],[-33.937,-35.062],[-37.39,-38.478],[-40.739,-44.87],[-41.879,-47.161],[-41.249,-44.672],[-38.286,-37.913],[-34.468,-33.879],[-31.026,-33.738],[-28.075,-35.665],[-23.182,-41.055],[-20.439,-43.43],[-18.995,-43.796],[-18.662,-43.729],[-18.318,-43.611],[-17.574,-43.161],[-14.847,-40.189],[-12.344,-36.456],[-9.581,-32.495],[-5.718,-28.867],[-2.898,-27.906],[0.123,-28.243],[4.613,-32.111],[7.179,-37.061],[8.345,-39.512],[8.654,-40.102],[8.814,-40.396],[8.877,-40.484],[8.91,-40.523],[8.932,-40.473],[8.974,-40.374],[10.123,-38.059],[12.812,-32.855],[18.926,-22.385],[26.799,-12.393],[32.244,-8.372],[35.699,-7.268],[37.586,-7.197],[38.267,-7.249],[38.267,-7.249],[38.26,-7.217],[38.086,-6.443],[37.326,-3.372],[35.636,2.66],[31.523,14.185],[20.55,34.398],[13.537,42.391],[11.717,43.908],[10.764,44.365],[10.265,44.536],[9.741,44.624],[5.388,43.98],[1.312,41.807],[-2.331,39.044],[-8.575,32.984],[-24.501,11.85]],"c":true},"ix":2},"nm":"Trazado 1","mn":"ADBE Vector Shape - Group","hd":false},{"ty":"fl","c":{"a":0,"k":[0.105999995213,0.113999998803,0.113999998803,1],"ix":4},"o":{"a":0,"k":100,"ix":5},"r":1,"bm":0,"nm":"Relleno 1","mn":"ADBE Vector Graphic - Fill","hd":false},{"ty":"tr","p":{"a":0,"k":[141.24,48.772],"ix":2},"a":{"a":0,"k":[0,0],"ix":1},"s":{"a":0,"k":[100,100],"ix":3},"r":{"a":0,"k":0,"ix":6},"o":{"a":0,"k":100,"ix":7},"sk":{"a":0,"k":0,"ix":4},"sa":{"a":0,"k":0,"ix":5},"nm":"Transformar"}],"nm":"Grupo 3","np":2,"cix":2,"bm":0,"ix":3,"mn":"ADBE Vector Group","hd":false},{"ty":"gr","it":[{"ind":0,"ty":"sh","ix":1,"ks":{"a":0,"k":{"i":[[0,0],[-10.088,9.694],[-4.532,21.544],[8.415,17.222],[5.59,-0.813],[5.582,2.353],[10.299,29.243]],"o":[[10.641,20.695],[12.005,-10.334],[-10.713,4.631],[-3.366,4.287],[-7.51,1.453],[-7.339,-2.821],[0,0]],"v":[[-28.834,0.467],[14.489,40.824],[40.988,-12.303],[9.943,-46.217],[-0.316,-32.248],[-17.2,-47.697],[-40.988,-50.296]],"c":false},"ix":2},"nm":"Trazado 1","mn":"ADBE Vector Shape - Group","hd":false},{"ty":"fl","c":{"a":0,"k":[0.187999994615,0.219999994016,0.226999993418,1],"ix":4},"o":{"a":0,"k":100,"ix":5},"r":1,"bm":0,"nm":"Relleno 1","mn":"ADBE Vector Graphic - Fill","hd":false},{"ty":"tr","p":{"a":0,"k":[140.348,51.909],"ix":2},"a":{"a":0,"k":[0,0],"ix":1},"s":{"a":0,"k":[100,100],"ix":3},"r":{"a":0,"k":0,"ix":6},"o":{"a":0,"k":100,"ix":7},"sk":{"a":0,"k":0,"ix":4},"sa":{"a":0,"k":0,"ix":5},"nm":"Transformar"}],"nm":"Grupo 4","np":2,"cix":2,"bm":0,"ix":4,"mn":"ADBE Vector Group","hd":false},{"ty":"gr","it":[{"ind":0,"ty":"sh","ix":1,"ks":{"a":0,"k":{"i":[[0.322,-0.067],[-0.182,-6.877],[1.074,-10.46],[1.114,-6.823],[-0.383,-0.092],[-1.629,6.765],[-1.059,10.593],[0.723,6.957]],"o":[[-0.415,0.075],[0.223,6.875],[-1.046,10.465],[-1.137,6.821],[0.348,0.083],[1.605,-6.765],[1.087,-10.586],[-0.683,-6.969]],"v":[[1.729,-37.961],[2.029,-26.758],[0.88,0.09],[-2.832,26.794],[-4.292,37.945],[-0.946,27.176],[3.587,0.364],[3.951,-26.878]],"c":true},"ix":2},"nm":"Trazado 1","mn":"ADBE Vector Shape - Group","hd":false},{"ty":"fl","c":{"a":0,"k":[0.105999995213,0.113999998803,0.113999998803,1],"ix":4},"o":{"a":0,"k":100,"ix":5},"r":1,"bm":0,"nm":"Relleno 1","mn":"ADBE Vector Graphic - Fill","hd":false},{"ty":"tr","p":{"a":0,"k":[56.838,45.767],"ix":2},"a":{"a":0,"k":[0,0],"ix":1},"s":{"a":0,"k":[100,100],"ix":3},"r":{"a":0,"k":0,"ix":6},"o":{"a":0,"k":100,"ix":7},"sk":{"a":0,"k":0,"ix":4},"sa":{"a":0,"k":0,"ix":5},"nm":"Transformar"}],"nm":"Grupo 5","np":2,"cix":2,"bm":0,"ix":5,"mn":"ADBE Vector Group","hd":false},{"ty":"gr","it":[{"ind":0,"ty":"sh","ix":1,"ks":{"a":0,"k":{"i":[[0.187,0.016],[0.277,-1.822],[0.146,-3.293],[-2.053,-9.859],[-2.75,-5.98],[-0.293,0.169],[2.271,6.072],[1.983,9.673],[0.291,6.472],[0.009,1.822]],"o":[[-0.187,-0.017],[-0.316,1.82],[-0.203,6.579],[2.023,9.866],[2.771,5.987],[0.361,-0.199],[-2.254,-6.073],[-2.012,-9.665],[-0.1,-3.237],[-0.05,-1.823]],"v":[[-6.577,-34.978],[-7.282,-32.178],[-7.933,-24.411],[-5.528,1.184],[2.361,25.648],[7.775,34.826],[4.137,24.908],[-2.863,0.633],[-6.009,-24.426],[-6.224,-32.115]],"c":true},"ix":2},"nm":"Trazado 1","mn":"ADBE Vector Shape - Group","hd":false},{"ty":"fl","c":{"a":0,"k":[0.105999995213,0.113999998803,0.113999998803,1],"ix":4},"o":{"a":0,"k":100,"ix":5},"r":1,"bm":0,"nm":"Relleno 1","mn":"ADBE Vector Graphic - Fill","hd":false},{"ty":"tr","p":{"a":0,"k":[36.2,47.705],"ix":2},"a":{"a":0,"k":[0,0],"ix":1},"s":{"a":0,"k":[100,100],"ix":3},"r":{"a":0,"k":0,"ix":6},"o":{"a":0,"k":100,"ix":7},"sk":{"a":0,"k":0,"ix":4},"sa":{"a":0,"k":0,"ix":5},"nm":"Transformar"}],"nm":"Grupo 6","np":2,"cix":2,"bm":0,"ix":6,"mn":"ADBE Vector Group","hd":false},{"ty":"gr","it":[{"ind":0,"ty":"sh","ix":1,"ks":{"a":0,"k":{"i":[[0.084,0.036],[2.992,-5.511],[6.91,-8.763],[2.158,-2.098],[1.232,-0.924],[1.398,-0.631],[1.419,0.119],[0.171,0.043],[0,0],[0.326,0.14],[0.699,0.566],[2.34,2.822],[3.572,7.174],[1.497,3.868],[0.64,2.002],[0.29,1.017],[0,0],[0.004,0.015],[0,0],[0,0],[-0.614,0.106],[-1.034,0.572],[-1.463,1.632],[-2.013,3.609],[-1.615,3.605],[-0.746,1.78],[-0.326,0.792],[0,0],[-0.008,0.013],[0,0],[-0.025,-0.03],[0,0],[-0.111,-0.198],[-0.44,-0.803],[-1.137,-1.529],[-2.068,-0.557],[-1.039,0.195],[-0.788,0.54],[-0.948,1.372],[-0.758,1.356],[-0.764,1.221],[-0.936,0.805],[-0.234,0.129],[-0.107,0.039],[-0.121,-0.013],[-0.509,-0.198],[-0.899,-0.846],[-1.849,-1.466],[-1.158,-0.332],[-0.957,0.561],[-0.741,1.423],[-0.456,1.612],[0.09,0.025],[0.552,-1.571],[1.517,-2.708],[1.468,-0.809],[0.851,0.283],[0.817,0.69],[1.844,1.85],[1.394,0.715],[0.945,-0.155],[0.225,-0.063],[0.169,-0.114],[0.321,-0.248],[0.842,-1.273],[0.774,-1.335],[0.888,-1.264],[1.186,-0.793],[0.653,-0.105],[0.673,0.129],[0.978,1.316],[0.862,1.607],[0.479,0.827],[0.127,0.207],[0,0],[0.129,0.176],[0.559,0.666],[0,0],[0.025,-0.028],[0,0],[0,0],[0,0],[0.347,-0.862],[0.409,-0.971],[0.81,-1.774],[1.97,-3.512],[2.684,-3.03],[1.652,-0.984],[0.885,-0.18],[0.441,0.027],[0,0],[0.139,0.031],[0,0],[0,0],[0,0],[-0.535,-1.78],[-0.335,-1.018],[-0.734,-1.983],[-1.813,-3.672],[-4.929,-5.764],[-2.837,-2.192],[-0.91,-0.458],[-0.507,-0.09],[0,0],[-0.249,-0.023],[-1.589,0.758],[-1.294,1.025],[-1.116,1.102],[-1.727,2.256],[-2.766,5.662],[-0.607,1.546]],"o":[[-0.192,-0.083],[-3.03,5.472],[-1.739,2.173],[-1.088,1.035],[-1.219,0.935],[-1.385,0.64],[-0.175,-0.02],[0,0],[-0.353,-0.052],[-0.633,-0.328],[-2.718,-2.153],[-4.704,-5.604],[-1.758,-3.604],[-0.713,-1.946],[-0.328,-0.999],[0,0],[-0.02,-0.065],[0,0],[0,0],[0.638,0.026],[1.23,-0.257],[2.024,-1.208],[2.903,-3.296],[2.008,-3.616],[0.809,-1.802],[0.33,-0.801],[0,0],[0.006,-0.016],[0,0],[0.025,0.024],[0,0],[0.118,0.188],[0.457,0.771],[0.883,1.601],[1.14,1.493],[1.013,0.198],[1.021,-0.179],[1.578,-1.102],[0.939,-1.386],[0.754,-1.358],[0.762,-1.214],[0.237,-0.189],[0.121,-0.09],[0.109,-0.028],[0.443,-0.108],[1.031,0.491],[1.811,1.718],[0.924,0.726],[1.152,0.355],[1.897,-1.175],[1.439,-2.917],[0.387,-1.635],[-0.091,-0.025],[-0.616,1.539],[-0.75,1.321],[-0.733,0.372],[-0.853,-0.275],[-1.649,-1.39],[-0.937,-0.916],[-0.716,-0.308],[-0.233,-0.002],[-0.222,0.073],[-0.385,0.202],[-1.242,1.027],[-0.836,1.281],[-0.775,1.333],[-0.886,1.254],[-0.592,0.39],[-0.639,0.122],[-1.299,-0.368],[-0.972,-1.336],[-0.43,-0.803],[-0.114,-0.207],[0,0],[-0.111,-0.184],[-0.525,-0.673],[0,0],[-0.041,-0.085],[0,0],[0,0],[0,0],[-0.35,0.799],[-0.404,0.959],[-0.753,1.757],[-1.619,3.548],[-1.971,3.502],[-1.346,1.5],[-0.834,0.456],[-0.441,0.068],[0,0],[-0.075,-0.007],[0,0],[0,0],[0,0],[0.539,1.791],[0.297,1.038],[0.656,2.042],[1.535,3.94],[3.684,7.311],[2.436,2.888],[0.673,0.53],[0.469,0.207],[0,0],[0.247,0.053],[2.008,0.132],[1.61,-0.761],[1.306,-1.015],[2.207,-2.226],[6.843,-9.082],[1.365,-2.846],[0.596,-1.55]],"v":[[31.935,2.699],[27.297,11.286],[12.879,33.48],[7.073,39.96],[3.631,42.969],[-0.285,45.421],[-4.583,46.365],[-5.112,46.314],[-5.62,46.178],[-6.605,45.788],[-8.523,44.402],[-16.077,36.915],[-28.43,17.514],[-33.335,6.303],[-35.439,0.406],[-36.41,-2.605],[-36.637,-3.367],[-36.648,-3.398],[-36.648,-3.397],[-35.964,-3.393],[-34.087,-3.596],[-30.717,-4.938],[-25.566,-9.326],[-18.407,-19.842],[-13.036,-30.712],[-10.715,-36.09],[-9.73,-38.48],[-9.696,-38.581],[-9.676,-38.633],[-9.642,-38.596],[-9.572,-38.512],[-9.393,-38.23],[-9.043,-37.663],[-7.709,-35.299],[-4.806,-30.54],[-0.057,-26.993],[2.98,-26.867],[5.727,-28.023],[9.329,-31.91],[11.81,-36.053],[14.047,-39.952],[16.56,-43.107],[17.271,-43.609],[17.605,-43.749],[17.932,-43.839],[19.4,-43.572],[22.301,-41.395],[27.557,-36.359],[30.635,-34.643],[34.059,-35.021],[37.588,-39.311],[40.074,-46.26],[40.529,-48.786],[39.551,-46.423],[36.654,-39.813],[33.447,-36.165],[31.036,-35.995],[28.519,-37.536],[23.507,-42.635],[20.178,-45.229],[17.676,-45.697],[16.999,-45.538],[16.37,-45.281],[15.338,-44.592],[12.351,-41.04],[9.982,-37.092],[7.535,-33.15],[4.464,-29.893],[2.59,-29.126],[0.538,-29.243],[-2.887,-31.971],[-5.553,-36.469],[-6.906,-38.924],[-7.28,-39.544],[-7.491,-39.885],[-7.853,-40.43],[-9.432,-42.46],[-10.258,-43.469],[-10.335,-43.402],[-10.4,-43.257],[-10.532,-42.964],[-10.795,-42.378],[-11.851,-39.98],[-13.07,-37.085],[-15.405,-31.781],[-20.734,-21.143],[-27.583,-11.132],[-32.079,-7.288],[-34.659,-6.255],[-35.984,-6.115],[-36.316,-6.113],[-36.525,-6.128],[-36.951,-6.223],[-38.652,-6.607],[-40.62,-7.158],[-39.008,-1.803],[-38.016,1.266],[-35.857,7.279],[-30.814,18.699],[-17.984,38.533],[-10.031,46.251],[-7.674,47.885],[-6.247,48.43],[-5.506,48.609],[-4.758,48.678],[0.676,47.454],[4.971,44.68],[8.546,41.445],[14.389,34.661],[28.234,11.768],[31.163,5.12]],"c":true},"ix":2},"nm":"Trazado 1","mn":"ADBE Vector Shape - Group","hd":false},{"ty":"fl","c":{"a":0,"k":[0.105999995213,0.113999998803,0.113999998803,1],"ix":4},"o":{"a":0,"k":100,"ix":5},"r":1,"bm":0,"nm":"Relleno 1","mn":"ADBE Vector Graphic - Fill","hd":false},{"ty":"tr","p":{"a":0,"k":[40.869,49.061],"ix":2},"a":{"a":0,"k":[0,0],"ix":1},"s":{"a":0,"k":[100,100],"ix":3},"r":{"a":0,"k":0,"ix":6},"o":{"a":0,"k":100,"ix":7},"sk":{"a":0,"k":0,"ix":4},"sa":{"a":0,"k":0,"ix":5},"nm":"Transformar"}],"nm":"Grupo 7","np":2,"cix":2,"bm":0,"ix":7,"mn":"ADBE Vector Group","hd":false},{"ty":"gr","it":[{"ind":0,"ty":"sh","ix":1,"ks":{"a":0,"k":{"i":[[0,0],[10.736,8.97],[6.019,21.177],[-7.196,17.766],[-5.632,-0.423],[-5.405,2.736],[-8.24,29.889]],"o":[[-9.176,21.386],[-12.694,-9.474],[11.008,3.874],[3.657,4.042],[7.594,0.926],[7.124,-3.325],[0,0]],"v":[[30.973,-0.38],[-9.437,42.893],[-39.567,-8.261],[-10.958,-44.253],[0.248,-31.03],[16.017,-47.615],[39.567,-51.863]],"c":false},"ix":2},"nm":"Trazado 1","mn":"ADBE Vector Shape - Group","hd":false},{"ty":"fl","c":{"a":0,"k":[0.187999994615,0.219999994016,0.226999993418,1],"ix":4},"o":{"a":0,"k":100,"ix":5},"r":1,"bm":0,"nm":"Relleno 1","mn":"ADBE Vector Graphic - Fill","hd":false},{"ty":"tr","p":{"a":0,"k":[41.832,52.139],"ix":2},"a":{"a":0,"k":[0,0],"ix":1},"s":{"a":0,"k":[100,100],"ix":3},"r":{"a":0,"k":0,"ix":6},"o":{"a":0,"k":100,"ix":7},"sk":{"a":0,"k":0,"ix":4},"sa":{"a":0,"k":0,"ix":5},"nm":"Transformar"}],"nm":"Grupo 8","np":2,"cix":2,"bm":0,"ix":8,"mn":"ADBE Vector Group","hd":false}],"ip":16,"op":18,"st":5,"bm":0},{"ddd":0,"ind":6,"ty":4,"nm":"alas1 contornos","sr":1,"ks":{"o":{"a":0,"k":100,"ix":11},"r":{"a":0,"k":0,"ix":10},"p":{"a":0,"k":[154.724,62.444,0],"ix":2},"a":{"a":0,"k":[48.692,63.345,0],"ix":1},"s":{"a":0,"k":[100,100,100],"ix":6}},"ao":0,"shapes":[{"ty":"gr","it":[{"ind":0,"ty":"sh","ix":1,"ks":{"a":0,"k":{"i":[[-0.557,-0.019],[1.048,7.764],[2.158,11.506],[-1.147,7.38],[0.51,0.406],[0.46,-0.377],[0.658,-0.915],[0.918,-3.924],[-2.186,-11.653],[-1.609,-7.504]],"o":[[0.529,0.032],[-0.934,-7.763],[-2.151,-11.493],[0.973,-7.455],[-0.102,-0.09],[-0.467,0.373],[-1.384,1.778],[-1.964,7.884],[2.191,11.696],[1.717,7.485]],"v":[[5.559,41.699],[5.609,29.027],[0.163,-0.71],[-1.971,-30.113],[1.769,-41.641],[0.923,-41.208],[-0.85,-39.323],[-4.693,-30.637],[-3.689,-0.004],[2.875,29.497]],"c":true},"ix":2},"nm":"Trazado 1","mn":"ADBE Vector Shape - Group","hd":false},{"ty":"fl","c":{"a":0,"k":[0.105999995213,0.113999998803,0.113999998803,1],"ix":4},"o":{"a":0,"k":100,"ix":5},"r":1,"bm":0,"nm":"Relleno 1","mn":"ADBE Vector Graphic - Fill","hd":false},{"ty":"tr","p":{"a":0,"k":[69.752,71.149],"ix":2},"a":{"a":0,"k":[0,0],"ix":1},"s":{"a":0,"k":[100,100],"ix":3},"r":{"a":0,"k":0,"ix":6},"o":{"a":0,"k":100,"ix":7},"sk":{"a":0,"k":0,"ix":4},"sa":{"a":0,"k":0,"ix":5},"nm":"Transformar"}],"nm":"Grupo 1","np":2,"cix":2,"bm":0,"ix":1,"mn":"ADBE Vector Group","hd":false},{"ty":"gr","it":[{"ind":0,"ty":"sh","ix":1,"ks":{"a":0,"k":{"i":[[-0.546,-0.145],[-1.938,6.971],[-0.534,11.065],[0.872,-0.124],[0.838,-21.628],[1.025,-7.057]],"o":[[0.499,0.139],[1.742,-7.005],[0.846,-22.168],[-1.273,0.112],[-0.524,10.818],[-1.225,7.012]],"v":[[-4.257,39.294],[-0.234,28.283],[3.956,0.339],[0.477,-39.309],[0.038,0.149],[-2.949,27.72]],"c":true},"ix":2},"nm":"Trazado 1","mn":"ADBE Vector Shape - Group","hd":false},{"ty":"fl","c":{"a":0,"k":[0.105999995213,0.113999998803,0.113999998803,1],"ix":4},"o":{"a":0,"k":100,"ix":5},"r":1,"bm":0,"nm":"Relleno 1","mn":"ADBE Vector Graphic - Fill","hd":false},{"ty":"tr","p":{"a":0,"k":[25.585,79.234],"ix":2},"a":{"a":0,"k":[0,0],"ix":1},"s":{"a":0,"k":[100,100],"ix":3},"r":{"a":0,"k":0,"ix":6},"o":{"a":0,"k":100,"ix":7},"sk":{"a":0,"k":0,"ix":4},"sa":{"a":0,"k":0,"ix":5},"nm":"Transformar"}],"nm":"Grupo 2","np":2,"cix":2,"bm":0,"ix":2,"mn":"ADBE Vector Group","hd":false},{"ty":"gr","it":[{"ind":0,"ty":"sh","ix":1,"ks":{"a":0,"k":{"i":[[-0.098,0.092],[1.414,1.496],[3.059,2.368],[0.873,0.66],[0.659,0.479],[0.069,-0.053],[0,0],[0,0],[0.275,-0.332],[0.169,-0.247],[0,0],[0.308,-0.59],[0.414,-1.342],[0.396,-6.941],[-0.665,-8.137],[-2.176,-8.975],[-1.984,-4.531],[-0.58,-1.123],[-0.163,-0.276],[0,0],[0,0],[-0.685,-0.95],[0,0],[0,0],[-0.081,0.088],[0,0],[0,0],[-0.176,0.285],[0,0],[0,0],[-3.679,9.968],[-0.191,14.739],[0.362,3.551],[0.967,3.32],[3.738,5.092],[0,0],[0,0],[-0.767,-4.178],[-0.188,-1.981],[-0.067,-0.962],[0,0],[0,0],[0,0],[0.055,0.008],[0,0],[0.424,0.224],[1.402,0.88],[1.19,0.948],[0.936,1.003],[0,0],[-0.818,-3.276],[-0.228,-0.017],[0.506,3.494],[3.25,5.783],[0.554,-0.374],[-1.085,-1.207],[-1.349,-1.087],[-1.588,-0.955],[-1.196,-0.689],[0,0],[0,0],[0.012,0.128],[0,0],[-0.048,0.784],[-0.051,0.803],[0.005,0.251],[0,0],[0.124,1.037],[0.335,2.16],[0.761,4.565],[0.978,-0.418],[0.386,-14.135],[5.42,-14.781],[4.957,-8.425],[0.581,-0.957],[0.015,0.046],[0.014,0.02],[0,0],[0.127,0.255],[0.445,1.061],[1.116,4.339],[0.81,7.984],[-0.219,6.81],[-1.437,5.127],[-0.472,1.121],[-0.296,0.492],[-0.25,0.436],[-0.202,0.163],[-0.245,-0.156],[-0.781,-0.526],[-1.594,-1.229]],"o":[[0.099,-0.093],[-1.45,-1.444],[-0.788,-0.595],[-0.625,-0.458],[-0.091,-0.124],[0,0],[0,0],[-0.267,0.318],[-0.298,0.351],[0,0],[-0.355,0.544],[-0.567,1.195],[-1.722,5.357],[-0.403,6.952],[0.689,8.138],[1.103,4.485],[0.467,1.139],[0.138,0.281],[0,0],[0,0],[0.621,0.983],[0,0],[0,0],[0.082,0.002],[0,0],[0,0],[0.377,-0.556],[0,0],[0,0],[5.137,-8.631],[5.54,-15.116],[0.062,-3.68],[-0.48,-3.537],[-1.777,-6.673],[0,0],[0,0],[0.873,4.707],[0.368,2.088],[0.149,0.992],[0,0],[0,0],[0,0],[0.025,0.15],[0,0],[-0.439,-0.229],[-1.549,-0.863],[-1.312,-0.984],[-1.025,-1.099],[0,0],[3.327,5.338],[0.803,3.309],[0.121,0.028],[-0.527,-3.463],[-0.534,0.36],[0.957,1.126],[1.208,1.051],[1.426,0.973],[1.157,0.666],[0,0],[0,0],[0.065,0.011],[0,0],[0.05,-0.772],[0.053,-0.792],[0.038,-0.47],[0,0],[-0.041,-1.023],[-0.151,-2.096],[-0.694,-4.309],[-0.959,0.409],[6.962,9.596],[-0.291,14.167],[-3.602,9.745],[-0.586,0.969],[-0.064,0.089],[-0.01,-0.014],[0,0],[-0.143,-0.242],[-0.527,-1.014],[-1.879,-4.194],[-2.209,-8.703],[-0.798,-7.989],[0.207,-6.799],[0.342,-1.287],[0.259,-0.543],[0.264,-0.455],[0.185,-0.228],[0.256,0.163],[0.865,0.581],[3.173,2.155],[1.549,1.27]],"v":[[0.466,-24.879],[-1.534,-27.286],[-8.334,-33.064],[-10.826,-34.946],[-12.752,-36.354],[-12.963,-36.249],[-13.157,-36.016],[-13.551,-35.541],[-14.363,-34.568],[-14.977,-33.679],[-15.494,-32.869],[-16.394,-31.133],[-17.879,-27.32],[-20.88,-8.721],[-20.482,13.991],[-16.437,39.772],[-12.029,53.362],[-10.394,56.741],[-9.908,57.573],[-9.625,58.034],[-9.144,58.759],[-7.109,61.609],[-6.584,62.316],[-6.324,62.673],[-6.088,62.385],[-5.155,60.99],[-3.277,58.186],[-2.633,57.182],[-2.141,56.384],[-1.156,54.784],[12.113,26.776],[21.221,-18.492],[20.682,-29.351],[18.678,-39.687],[10.141,-57.518],[5.958,-63.221],[7.244,-56.283],[9.988,-43.033],[10.871,-36.932],[11.059,-34.003],[11.111,-32.748],[11.104,-32.231],[11.093,-31.692],[10.953,-31.678],[10.756,-31.779],[9.463,-32.459],[5.139,-35.228],[1.449,-38.203],[-1.496,-41.358],[-3.117,-40.268],[2.596,-26.801],[3.545,-21.632],[3.605,-26.992],[-1.449,-41.292],[-3.07,-40.198],[-0.037,-36.657],[3.748,-33.365],[8.178,-30.315],[11.707,-28.282],[12.737,-27.691],[13.257,-27.393],[13.469,-27.333],[13.487,-27.619],[13.637,-29.951],[13.792,-32.347],[13.815,-33.29],[13.801,-34.054],[13.684,-37.166],[12.913,-43.543],[10.434,-56.835],[7.536,-55.598],[17.479,-18.543],[8.434,25.423],[-4.461,52.819],[-6.212,55.704],[-6.423,56.014],[-6.463,55.968],[-6.66,55.644],[-7.094,54.919],[-8.605,51.844],[-12.933,38.896],[-17.24,13.696],[-18.111,-8.597],[-15.783,-26.686],[-14.54,-30.3],[-13.788,-31.915],[-13.015,-33.253],[-12.451,-33.965],[-11.699,-33.485],[-9.23,-31.825],[-2.057,-26.691]],"c":true},"ix":2},"nm":"Trazado 1","mn":"ADBE Vector Shape - Group","hd":false},{"ty":"fl","c":{"a":0,"k":[0.105999995213,0.113999998803,0.113999998803,1],"ix":4},"o":{"a":0,"k":100,"ix":5},"r":1,"bm":0,"nm":"Relleno 1","mn":"ADBE Vector Graphic - Fill","hd":false},{"ty":"tr","p":{"a":0,"k":[25.679,63.576],"ix":2},"a":{"a":0,"k":[0,0],"ix":1},"s":{"a":0,"k":[100,100],"ix":3},"r":{"a":0,"k":0,"ix":6},"o":{"a":0,"k":100,"ix":7},"sk":{"a":0,"k":0,"ix":4},"sa":{"a":0,"k":0,"ix":5},"nm":"Transformar"}],"nm":"Grupo 3","np":4,"cix":2,"bm":0,"ix":3,"mn":"ADBE Vector Group","hd":false},{"ty":"gr","it":[{"ind":0,"ty":"sh","ix":1,"ks":{"a":0,"k":{"i":[[0,0],[4.307,3.035],[-12.747,-15.424],[23.057,31.283],[0.965,-8.984],[3.293,4.47],[0.383,-5.106]],"o":[[-3.073,-3.244],[-12.775,13.547],[19.001,-28.479],[1.482,8.56],[-5.531,-2.82],[3.504,5.694],[0,0]],"v":[[-2.767,-26.318],[-15.887,-36.643],[-9.588,57.997],[5.605,-57.997],[9.046,-30.88],[-5.518,-42.218],[0.312,-23.071]],"c":false},"ix":2},"nm":"Trazado 1","mn":"ADBE Vector Shape - Group","hd":false},{"ty":"fl","c":{"a":0,"k":[0.187999994615,0.219999994016,0.226999993418,1],"ix":4},"o":{"a":0,"k":100,"ix":5},"r":1,"bm":0,"nm":"Relleno 1","mn":"ADBE Vector Graphic - Fill","hd":false},{"ty":"tr","p":{"a":0,"k":[28.912,65.015],"ix":2},"a":{"a":0,"k":[0,0],"ix":1},"s":{"a":0,"k":[100,100],"ix":3},"r":{"a":0,"k":0,"ix":6},"o":{"a":0,"k":100,"ix":7},"sk":{"a":0,"k":0,"ix":4},"sa":{"a":0,"k":0,"ix":5},"nm":"Transformar"}],"nm":"Grupo 4","np":2,"cix":2,"bm":0,"ix":4,"mn":"ADBE Vector Group","hd":false},{"ty":"gr","it":[{"ind":0,"ty":"sh","ix":1,"ks":{"a":0,"k":{"i":[[-0.096,-0.096],[-1.587,1.231],[-3.231,2.07],[-0.881,0.56],[-0.258,0.155],[-0.178,-0.232],[-0.25,-0.461],[-0.241,-0.551],[-0.309,-1.294],[-0.025,-6.802],[1.015,-7.965],[2.444,-8.643],[1.992,-4.138],[0.555,-0.999],[0.152,-0.241],[0,0],[0.013,-0.014],[0.062,0.09],[0.559,0.982],[3.335,9.84],[-0.093,14.174],[-7.221,9.405],[0.948,0.438],[0.812,-4.29],[0.203,-2.092],[0.067,-1.018],[0,0],[-0.025,-0.466],[-0.03,-0.795],[-0.03,-0.769],[0,0],[-0.064,0.006],[0,0],[0,0],[-1.176,0.636],[-1.448,0.932],[-1.235,1.021],[-0.988,1.1],[0.522,0.373],[0.624,-3.448],[-0.121,0.026],[-0.892,3.286],[-3.473,5.244],[0,0],[1.054,-1.068],[1.339,-0.951],[1.575,-0.821],[0.441,-0.217],[0,0],[-0.034,0.148],[0,0],[0,0],[0,0],[-0.178,0.987],[-0.424,2.077],[-0.995,4.678],[0,0],[0,0],[1.958,-6.621],[0.576,-3.525],[0.037,-3.678],[-5.124,-15.261],[-4.906,-8.764],[0,0],[0,0],[-0.362,-0.57],[0,0],[0,0],[-0.083,0.009],[0,0],[0,0],[-0.648,0.966],[0,0],[0,0],[-0.15,0.275],[-0.5,1.125],[-1.225,4.454],[-0.904,8.113],[0.215,6.959],[1.573,5.404],[0.535,1.21],[0.342,0.552],[0,0],[0.291,0.357],[0.261,0.327],[0,0],[0,0],[0.096,-0.122],[0.638,-0.44],[0.805,-0.575],[1.489,-1.406]],"o":[[0.096,0.096],[1.623,-1.183],[0.792,-0.504],[0.249,-0.148],[0.198,0.164],[0.241,0.442],[0.287,0.496],[0.447,1.132],[1.296,5.165],[0.035,6.813],[-1.025,7.957],[-1.232,4.303],[-0.474,1.051],[-0.134,0.255],[0,0],[-0.015,0.024],[-0.014,0.046],[-0.554,-0.969],[-4.729,-8.556],[-5.016,-14.923],[-0.004,-14.14],[-0.967,-0.441],[-0.885,4.543],[-0.391,2.152],[-0.155,1.034],[0,0],[-0.015,0.249],[0.032,0.807],[0.029,0.785],[0,0],[-0.014,0.124],[0,0],[0,0],[1.217,-0.654],[1.613,-0.908],[1.381,-1.054],[1.118,-1.175],[-0.543,-0.388],[-3.411,5.691],[-0.599,3.477],[0.233,-0.009],[0.907,-3.253],[0,0],[-0.961,0.978],[-1.217,0.917],[-1.423,0.844],[-0.427,0.213],[0,0],[-0.055,0.01],[0,0],[0,0],[0,0],[0.093,-0.961],[0.242,-1.976],[0.883,-4.153],[0,0],[0,0],[-3.873,4.993],[-1.057,3.294],[-0.459,3.539],[-0.211,14.739],[3.411,10.064],[0,0],[0,0],[0.167,0.291],[0,0],[0,0],[0.076,0.09],[0,0],[0,0],[0.712,-0.931],[0,0],[0,0],[0.17,-0.274],[0.608,-1.11],[2.108,-4.475],[2.414,-8.916],[0.89,-8.116],[-0.206,-6.95],[-0.377,-1.349],[-0.295,-0.598],[0,0],[-0.161,-0.25],[-0.265,-0.337],[0,0],[0,0],[-0.067,-0.059],[-0.669,0.462],[-0.891,0.638],[-3.121,2.28],[-1.457,1.455]],"v":[[0.008,-24.941],[2.581,-26.686],[9.889,-31.623],[12.404,-33.214],[13.167,-33.671],[13.712,-32.947],[14.445,-31.59],[15.152,-29.954],[16.299,-26.308],[18.137,-8.164],[16.66,14.097],[11.671,39.174],[6.995,51.996],[5.4,55.03],[4.947,55.746],[4.74,56.061],[4.699,56.108],[4.497,55.792],[2.826,52.863],[-9.322,25.127],[-17.169,-19.069],[-6.225,-55.843],[-9.089,-57.157],[-11.928,-43.936],[-12.867,-37.583],[-13.07,-34.477],[-13.105,-33.711],[-13.111,-32.771],[-13.02,-30.371],[-12.932,-28.036],[-12.923,-27.745],[-12.708,-27.8],[-12.18,-28.088],[-11.137,-28.652],[-7.551,-30.587],[-3.042,-33.512],[0.833,-36.705],[3.96,-40.16],[2.372,-41.295],[-3.076,-27.141],[-3.163,-21.782],[-2.072,-26.921],[4.008,-40.227],[2.415,-41.362],[-0.609,-38.289],[-4.382,-35.414],[-8.781,-32.763],[-10.087,-32.119],[-10.29,-32.026],[-10.428,-32.043],[-10.426,-32.58],[-10.417,-33.097],[-10.331,-34.349],[-10.064,-37.271],[-9.02,-43.349],[-5.917,-56.516],[-4.439,-63.421],[-8.781,-57.832],[-17.796,-40.24],[-20.079,-29.96],[-20.91,-19.121],[-13.038,26.382],[-0.527,54.736],[0.411,56.364],[0.882,57.174],[1.497,58.2],[3.298,61.049],[4.195,62.468],[4.423,62.76],[4.693,62.412],[5.232,61.717],[7.348,58.924],[7.848,58.211],[8.145,57.762],[8.654,56.945],[10.376,53.607],[15.152,40.143],[19.891,14.481],[20.906,-8.21],[18.413,-26.889],[17.031,-30.739],[16.178,-32.496],[15.686,-33.322],[15.094,-34.227],[14.307,-35.223],[13.928,-35.708],[13.74,-35.946],[13.531,-36.051],[11.568,-34.698],[9.025,-32.881],[2.072,-27.29]],"c":true},"ix":2},"nm":"Trazado 1","mn":"ADBE Vector Shape - Group","hd":false},{"ty":"fl","c":{"a":0,"k":[0.105999995213,0.113999998803,0.113999998803,1],"ix":4},"o":{"a":0,"k":100,"ix":5},"r":1,"bm":0,"nm":"Relleno 1","mn":"ADBE Vector Graphic - Fill","hd":false},{"ty":"tr","p":{"a":0,"k":[71.332,63.671],"ix":2},"a":{"a":0,"k":[0,0],"ix":1},"s":{"a":0,"k":[100,100],"ix":3},"r":{"a":0,"k":0,"ix":6},"o":{"a":0,"k":100,"ix":7},"sk":{"a":0,"k":0,"ix":4},"sa":{"a":0,"k":0,"ix":5},"nm":"Transformar"}],"nm":"Grupo 5","np":4,"cix":2,"bm":0,"ix":5,"mn":"ADBE Vector Group","hd":false},{"ty":"gr","it":[{"ind":0,"ty":"sh","ix":1,"ks":{"a":0,"k":{"i":[[0,0],[-4.386,2.916],[13.162,-15.077],[-23.893,30.641],[-0.718,-9.006],[-3.411,4.378],[-0.237,-5.112]],"o":[[3.162,-3.161],[12.397,13.885],[-18.223,-28.987],[-1.716,8.518],[5.61,-2.67],[-3.659,5.597],[0,0]],"v":[[2.804,-26.288],[16.202,-36.253],[7.333,58.184],[-4.706,-58.184],[-8.881,-31.17],[5.986,-42.107],[-0.367,-23.129]],"c":false},"ix":2},"nm":"Trazado 1","mn":"ADBE Vector Shape - Group","hd":false},{"ty":"fl","c":{"a":0,"k":[0.187999994615,0.219999994016,0.226999993418,1],"ix":4},"o":{"a":0,"k":100,"ix":5},"r":1,"bm":0,"nm":"Relleno 1","mn":"ADBE Vector Graphic - Fill","hd":false},{"ty":"tr","p":{"a":0,"k":[68.536,65.018],"ix":2},"a":{"a":0,"k":[0,0],"ix":1},"s":{"a":0,"k":[100,100],"ix":3},"r":{"a":0,"k":0,"ix":6},"o":{"a":0,"k":100,"ix":7},"sk":{"a":0,"k":0,"ix":4},"sa":{"a":0,"k":0,"ix":5},"nm":"Transformar"}],"nm":"Grupo 6","np":2,"cix":2,"bm":0,"ix":6,"mn":"ADBE Vector Group","hd":false}],"ip":0,"op":16,"st":-37,"bm":0},{"ddd":0,"ind":7,"ty":4,"nm":"cuerpo contornos","sr":1,"ks":{"o":{"a":0,"k":100,"ix":11},"r":{"a":0,"k":0,"ix":10},"p":{"a":0,"k":[155.181,75.861,0],"ix":2},"a":{"a":0,"k":[30.367,76.111,0],"ix":1},"s":{"a":0,"k":[100,100,100],"ix":6}},"ao":0,"shapes":[{"ty":"gr","it":[{"ind":0,"ty":"sh","ix":1,"ks":{"a":0,"k":{"i":[[0,0],[0,11.561],[0,0],[0,-3.854]],"o":[[2.842,-9.629],[0,0],[0,7.706],[0,0]],"v":[[2.133,16.377],[6.393,-16.377],[-4.971,-16.377],[-6.393,8.671]],"c":false},"ix":2},"nm":"Trazado 1","mn":"ADBE Vector Shape - Group","hd":false},{"ty":"fl","c":{"a":0,"k":[0.187999994615,0.219999994016,0.226999993418,1],"ix":4},"o":{"a":0,"k":100,"ix":5},"r":1,"bm":0,"nm":"Relleno 1","mn":"ADBE Vector Graphic - Fill","hd":false},{"ty":"tr","p":{"a":0,"k":[45.827,16.627],"ix":2},"a":{"a":0,"k":[0,0],"ix":1},"s":{"a":0,"k":[100,100],"ix":3},"r":{"a":0,"k":0,"ix":6},"o":{"a":0,"k":100,"ix":7},"sk":{"a":0,"k":0,"ix":4},"sa":{"a":0,"k":0,"ix":5},"nm":"Transformar"}],"nm":"Grupo 1","np":2,"cix":2,"bm":0,"ix":1,"mn":"ADBE Vector Group","hd":false},{"ty":"gr","it":[{"ind":0,"ty":"sh","ix":1,"ks":{"a":0,"k":{"i":[[0,0],[0,11.561],[0,0],[0,-3.854]],"o":[[-2.842,-9.629],[0,0],[0,7.706],[0,0]],"v":[[-2.132,16.377],[-6.393,-16.377],[4.971,-16.377],[6.393,8.671]],"c":false},"ix":2},"nm":"Trazado 1","mn":"ADBE Vector Shape - Group","hd":false},{"ty":"fl","c":{"a":0,"k":[0.187999994615,0.219999994016,0.226999993418,1],"ix":4},"o":{"a":0,"k":100,"ix":5},"r":1,"bm":0,"nm":"Relleno 1","mn":"ADBE Vector Graphic - Fill","hd":false},{"ty":"tr","p":{"a":0,"k":[13.374,16.627],"ix":2},"a":{"a":0,"k":[0,0],"ix":1},"s":{"a":0,"k":[100,100],"ix":3},"r":{"a":0,"k":0,"ix":6},"o":{"a":0,"k":100,"ix":7},"sk":{"a":0,"k":0,"ix":4},"sa":{"a":0,"k":0,"ix":5},"nm":"Transformar"}],"nm":"Grupo 2","np":2,"cix":2,"bm":0,"ix":2,"mn":"ADBE Vector Group","hd":false},{"ty":"gr","it":[{"ind":0,"ty":"sh","ix":1,"ks":{"a":0,"k":{"i":[[0,-2.39],[9.006,0],[0,2.389],[-9.007,0]],"o":[[0,2.389],[-9.007,0],[0,-2.39],[9.006,0]],"v":[[16.307,0],[0.001,4.326],[-16.307,0],[0.001,-4.326]],"c":true},"ix":2},"nm":"Trazado 1","mn":"ADBE Vector Shape - Group","hd":false},{"ty":"fl","c":{"a":0,"k":[0.105999995213,0.113999998803,0.113999998803,1],"ix":4},"o":{"a":0,"k":100,"ix":5},"r":1,"bm":0,"nm":"Relleno 1","mn":"ADBE Vector Graphic - Fill","hd":false},{"ty":"tr","p":{"a":0,"k":[29.601,105.158],"ix":2},"a":{"a":0,"k":[0,0],"ix":1},"s":{"a":0,"k":[100,100],"ix":3},"r":{"a":0,"k":0,"ix":6},"o":{"a":0,"k":100,"ix":7},"sk":{"a":0,"k":0,"ix":4},"sa":{"a":0,"k":0,"ix":5},"nm":"Transformar"}],"nm":"Grupo 3","np":2,"cix":2,"bm":0,"ix":3,"mn":"ADBE Vector Group","hd":false},{"ty":"gr","it":[{"ind":0,"ty":"sh","ix":1,"ks":{"a":0,"k":{"i":[[0,0],[-5.434,-14.206],[-0.905,11.365]],"o":[[0,15.626],[6.341,-8.524],[0,0]],"v":[[-6.342,-20.987],[0.001,21.631],[5.437,-9.623]],"c":false},"ix":2},"nm":"Trazado 1","mn":"ADBE Vector Shape - Group","hd":false},{"ty":"fl","c":{"a":0,"k":[0.187999994615,0.219999994016,0.226999993418,1],"ix":4},"o":{"a":0,"k":100,"ix":5},"r":1,"bm":0,"nm":"Relleno 1","mn":"ADBE Vector Graphic - Fill","hd":false},{"ty":"tr","p":{"a":0,"k":[7.857,130.34],"ix":2},"a":{"a":0,"k":[0,0],"ix":1},"s":{"a":0,"k":[100,100],"ix":3},"r":{"a":0,"k":0,"ix":6},"o":{"a":0,"k":100,"ix":7},"sk":{"a":0,"k":0,"ix":4},"sa":{"a":0,"k":0,"ix":5},"nm":"Transformar"}],"nm":"Grupo 4","np":4,"cix":2,"bm":0,"ix":4,"mn":"ADBE Vector Group","hd":false},{"ty":"gr","it":[{"ind":0,"ty":"sh","ix":1,"ks":{"a":0,"k":{"i":[[0,0],[5.434,-14.206],[0.909,11.365]],"o":[[0,15.626],[-6.345,-8.524],[0,0]],"v":[[6.344,-20.987],[0.001,21.631],[-5.437,-9.623]],"c":false},"ix":2},"nm":"Trazado 1","mn":"ADBE Vector Shape - Group","hd":false},{"ty":"fl","c":{"a":0,"k":[0.187999994615,0.219999994016,0.226999993418,1],"ix":4},"o":{"a":0,"k":100,"ix":5},"r":1,"bm":0,"nm":"Relleno 1","mn":"ADBE Vector Graphic - Fill","hd":false},{"ty":"tr","p":{"a":0,"k":[51.344,130.34],"ix":2},"a":{"a":0,"k":[0,0],"ix":1},"s":{"a":0,"k":[100,100],"ix":3},"r":{"a":0,"k":0,"ix":6},"o":{"a":0,"k":100,"ix":7},"sk":{"a":0,"k":0,"ix":4},"sa":{"a":0,"k":0,"ix":5},"nm":"Transformar"}],"nm":"Grupo 5","np":4,"cix":2,"bm":0,"ix":5,"mn":"ADBE Vector Group","hd":false},{"ty":"gr","it":[{"ind":0,"ty":"sh","ix":1,"ks":{"a":0,"k":{"i":[[-0.226,-10.911],[16.507,-0.341],[0.225,10.91],[-16.513,0.341]],"o":[[0.226,10.91],[-16.513,0.341],[-0.226,-10.911],[16.508,-0.341]],"v":[[29.891,-0.617],[0.41,19.753],[-29.891,0.618],[-0.406,-19.753]],"c":true},"ix":2},"nm":"Trazado 1","mn":"ADBE Vector Shape - Group","hd":false},{"ty":"fl","c":{"a":0,"k":[0.187999994615,0.219999994016,0.226999993418,1],"ix":4},"o":{"a":0,"k":100,"ix":5},"r":1,"bm":0,"nm":"Relleno 1","mn":"ADBE Vector Graphic - Fill","hd":false},{"ty":"tr","p":{"a":0,"k":[30.367,109.476],"ix":2},"a":{"a":0,"k":[0,0],"ix":1},"s":{"a":0,"k":[100,100],"ix":3},"r":{"a":0,"k":0,"ix":6},"o":{"a":0,"k":100,"ix":7},"sk":{"a":0,"k":0,"ix":4},"sa":{"a":0,"k":0,"ix":5},"nm":"Transformar"}],"nm":"Grupo 6","np":2,"cix":2,"bm":0,"ix":6,"mn":"ADBE Vector Group","hd":false},{"ty":"gr","it":[{"ind":0,"ty":"sh","ix":1,"ks":{"a":0,"k":{"i":[[0,0],[12.344,-0.255],[0.241,11.672],[0,0],[-12.345,0.255],[-0.255,-12.343]],"o":[[0.241,11.672],[-12.346,0.255],[0,0],[-0.255,-12.343],[12.346,-0.255],[0,0]],"v":[[20.888,19.844],[1.425,42.609],[-18.959,20.668],[-22.224,-19.796],[-0.336,-42.609],[22.479,-20.718]],"c":true},"ix":2},"nm":"Trazado 1","mn":"ADBE Vector Shape - Group","hd":false},{"ty":"fl","c":{"a":0,"k":[0.187999994615,0.219999994016,0.226999993418,1],"ix":4},"o":{"a":0,"k":100,"ix":5},"r":1,"bm":0,"nm":"Relleno 1","mn":"ADBE Vector Graphic - Fill","hd":false},{"ty":"tr","p":{"a":0,"k":[28.762,58.217],"ix":2},"a":{"a":0,"k":[0,0],"ix":1},"s":{"a":0,"k":[100,100],"ix":3},"r":{"a":0,"k":0,"ix":6},"o":{"a":0,"k":100,"ix":7},"sk":{"a":0,"k":0,"ix":4},"sa":{"a":0,"k":0,"ix":5},"nm":"Transformar"}],"nm":"Grupo 7","np":2,"cix":2,"bm":0,"ix":7,"mn":"ADBE Vector Group","hd":false}],"ip":0,"op":56,"st":0,"bm":0}],"markers":[]}