{"v":"5.5.2","fr":25,"ip":0,"op":100,"w":241,"h":241,"nm":"serpiente","ddd":0,"assets":[],"layers":[{"ddd":0,"ind":1,"ty":4,"nm":"mascara contornos","td":1,"sr":1,"ks":{"o":{"a":0,"k":100,"ix":11},"r":{"a":0,"k":0,"ix":10},"p":{"a":0,"k":[120.22,120.165,0],"ix":2},"a":{"a":0,"k":[120.47,120.414,0],"ix":1},"s":{"a":0,"k":[100,100,100],"ix":6}},"ao":0,"shapes":[{"ty":"gr","it":[{"ind":0,"ty":"sh","ix":1,"ks":{"a":0,"k":{"i":[[0,0],[0,0],[0,0],[0,0]],"o":[[0,0],[0,0],[0,0],[0,0]],"v":[[-5.853,-120.165],[-120.221,-4.57],[5.852,120.165],[120.22,4.568]],"c":true},"ix":2},"nm":"Trazado 1","mn":"ADBE Vector Shape - Group","hd":false},{"ty":"fl","c":{"a":0,"k":[1,1,1,1],"ix":4},"o":{"a":0,"k":100,"ix":5},"r":1,"bm":0,"nm":"Relleno 1","mn":"ADBE Vector Graphic - Fill","hd":false},{"ty":"tr","p":{"a":0,"k":[120.471,120.414],"ix":2},"a":{"a":0,"k":[0,0],"ix":1},"s":{"a":0,"k":[100,100],"ix":3},"r":{"a":0,"k":0,"ix":6},"o":{"a":0,"k":100,"ix":7},"sk":{"a":0,"k":0,"ix":4},"sa":{"a":0,"k":0,"ix":5},"nm":"Transformar"}],"nm":"Grupo 1","np":2,"cix":2,"bm":0,"ix":1,"mn":"ADBE Vector Group","hd":false}],"ip":0,"op":113,"st":0,"bm":0},{"ddd":0,"ind":2,"ty":4,"nm":"serpiente contornos","tt":1,"sr":1,"ks":{"o":{"a":0,"k":100,"ix":11},"r":{"a":1,"k":[{"i":{"x":[0.667],"y":[1]},"o":{"x":[0.333],"y":[0]},"t":52.049,"s":[0]},{"i":{"x":[0.667],"y":[1]},"o":{"x":[0.333],"y":[0]},"t":58.098,"s":[9.901]},{"i":{"x":[0.667],"y":[1]},"o":{"x":[0.167],"y":[0]},"t":65,"s":[0.061]},{"i":{"x":[0.667],"y":[1]},"o":{"x":[0.333],"y":[0]},"t":71,"s":[9.901]},{"t":77.048828125,"s":[0.061]}],"ix":10},"p":{"a":1,"k":[{"i":{"x":0.667,"y":1},"o":{"x":0.333,"y":0},"t":25,"s":[-45.639,-138.675,0],"to":[22.667,27.333,0],"ti":[-22.667,-27.333,0]},{"i":{"x":0.667,"y":0.667},"o":{"x":0.333,"y":0.333},"t":48,"s":[90.361,25.325,0],"to":[0,0,0],"ti":[0,0,0]},{"i":{"x":0.667,"y":1},"o":{"x":0.333,"y":0},"t":78.049,"s":[90.361,25.325,0],"to":[-22.667,-27.333,0],"ti":[22.667,27.333,0]},{"t":99,"s":[-45.639,-138.675,0]}],"ix":2},"a":{"a":0,"k":[58.089,2.437,0],"ix":1},"s":{"a":0,"k":[100,100,100],"ix":6}},"ao":0,"shapes":[{"ty":"gr","it":[{"ind":0,"ty":"sh","ix":1,"ks":{"a":0,"k":{"i":[[0,0],[0,0],[0.248,-0.215],[-0.47,-0.542],[0,0]],"o":[[0,0],[-0.473,-0.543],[-0.245,0.214],[0,0],[0,0]],"v":[[2.004,0.455],[-0.455,-1.326],[-1.759,-1.92],[-1.351,-0.549],[0.072,2.135]],"c":true},"ix":2},"nm":"Trazado 1","mn":"ADBE Vector Shape - Group","hd":false},{"ty":"fl","c":{"a":0,"k":[1,1,1,1],"ix":4},"o":{"a":0,"k":100,"ix":5},"r":1,"bm":0,"nm":"Relleno 1","mn":"ADBE Vector Graphic - Fill","hd":false},{"ty":"tr","p":{"a":0,"k":[126.411,148.359],"ix":2},"a":{"a":0,"k":[0,0],"ix":1},"s":{"a":0,"k":[100,100],"ix":3},"r":{"a":0,"k":0,"ix":6},"o":{"a":0,"k":100,"ix":7},"sk":{"a":0,"k":0,"ix":4},"sa":{"a":0,"k":0,"ix":5},"nm":"Transformar"}],"nm":"Grupo 1","np":2,"cix":2,"bm":0,"ix":1,"mn":"ADBE Vector Group","hd":false},{"ty":"gr","it":[{"ind":0,"ty":"sh","ix":1,"ks":{"a":0,"k":{"i":[[0,0],[0.435,1.05],[0.405,-0.354]],"o":[[0.634,0.044],[-0.437,-1.048],[0,0]],"v":[[-1.314,1.124],[0.937,-0.12],[-1.372,1.056]],"c":false},"ix":2},"nm":"Trazado 1","mn":"ADBE Vector Shape - Group","hd":false},{"ty":"fl","c":{"a":0,"k":[0.086000001197,0.097999999102,0.078000005086,1],"ix":4},"o":{"a":0,"k":100,"ix":5},"r":1,"bm":0,"nm":"Relleno 1","mn":"ADBE Vector Graphic - Fill","hd":false},{"ty":"tr","p":{"a":0,"k":[127.891,150.426],"ix":2},"a":{"a":0,"k":[0,0],"ix":1},"s":{"a":0,"k":[100,100],"ix":3},"r":{"a":0,"k":0,"ix":6},"o":{"a":0,"k":100,"ix":7},"sk":{"a":0,"k":0,"ix":4},"sa":{"a":0,"k":0,"ix":5},"nm":"Transformar"}],"nm":"Grupo 2","np":2,"cix":2,"bm":0,"ix":2,"mn":"ADBE Vector Group","hd":false},{"ty":"gr","it":[{"ind":0,"ty":"sh","ix":1,"ks":{"a":0,"k":{"i":[[0.846,-0.294],[-1.026,-0.566],[-0.029,-0.034],[0,0],[-0.655,0.57],[0.571,0.654],[0,0],[0.173,0.122],[0.337,0.758],[-0.011,-0.59],[0.022,-0.018],[0.024,-0.099]],"o":[[0.893,0.245],[0.03,0.038],[0,0],[0.573,0.655],[0.654,-0.569],[0,0],[-0.158,-0.183],[-0.43,-0.606],[-0.044,0.636],[-0.024,0.014],[-0.069,0.06],[-0.877,-0.211]],"v":[[-7.087,-5.199],[-3.939,-3.893],[-3.855,-3.788],[4.145,6.625],[6.363,6.78],[6.516,4.564],[-2.684,-4.803],[-3.182,-5.262],[-4.201,-7.351],[-4.23,-5.529],[-4.299,-5.482],[-4.434,-5.243]],"c":true},"ix":2},"nm":"Trazado 1","mn":"ADBE Vector Shape - Group","hd":false},{"ty":"fl","c":{"a":0,"k":[0.882000014361,0.573000021542,0.736999990426,1],"ix":4},"o":{"a":0,"k":100,"ix":5},"r":1,"bm":0,"nm":"Relleno 1","mn":"ADBE Vector Graphic - Fill","hd":false},{"ty":"tr","p":{"a":0,"k":[111.164,138.533],"ix":2},"a":{"a":0,"k":[0,0],"ix":1},"s":{"a":0,"k":[100,100],"ix":3},"r":{"a":0,"k":0,"ix":6},"o":{"a":0,"k":100,"ix":7},"sk":{"a":0,"k":0,"ix":4},"sa":{"a":0,"k":0,"ix":5},"nm":"Transformar"}],"nm":"Grupo 3","np":2,"cix":2,"bm":0,"ix":3,"mn":"ADBE Vector Group","hd":false},{"ty":"gr","it":[{"ind":0,"ty":"sh","ix":1,"ks":{"a":0,"k":{"i":[[0,0],[0,0],[0.152,-0.132],[0.288,0.334],[0,0]],"o":[[0,0],[0.291,0.332],[-0.151,0.131],[0,0],[0,0]],"v":[[-0.044,-1.311],[0.83,0.338],[1.08,1.181],[0.28,0.816],[-1.232,-0.277]],"c":true},"ix":2},"nm":"Trazado 1","mn":"ADBE Vector Shape - Group","hd":false},{"ty":"fl","c":{"a":0,"k":[1,1,1,1],"ix":4},"o":{"a":0,"k":100,"ix":5},"r":1,"bm":0,"nm":"Relleno 1","mn":"ADBE Vector Graphic - Fill","hd":false},{"ty":"tr","p":{"a":0,"k":[115.94,139.399],"ix":2},"a":{"a":0,"k":[0,0],"ix":1},"s":{"a":0,"k":[100,100],"ix":3},"r":{"a":0,"k":0,"ix":6},"o":{"a":0,"k":100,"ix":7},"sk":{"a":0,"k":0,"ix":4},"sa":{"a":0,"k":0,"ix":5},"nm":"Transformar"}],"nm":"Grupo 4","np":2,"cix":2,"bm":0,"ix":4,"mn":"ADBE Vector Group","hd":false},{"ty":"gr","it":[{"ind":0,"ty":"sh","ix":1,"ks":{"a":0,"k":{"i":[[0,0],[0,0],[0.152,-0.132],[0.291,0.334],[0,0]],"o":[[0,0],[0.289,0.333],[-0.153,0.133],[0,0],[0,0]],"v":[[-0.042,-1.311],[0.832,0.337],[1.08,1.178],[0.279,0.816],[-1.232,-0.28]],"c":true},"ix":2},"nm":"Trazado 1","mn":"ADBE Vector Shape - Group","hd":false},{"ty":"fl","c":{"a":0,"k":[1,1,1,1],"ix":4},"o":{"a":0,"k":100,"ix":5},"r":1,"bm":0,"nm":"Relleno 1","mn":"ADBE Vector Graphic - Fill","hd":false},{"ty":"tr","p":{"a":0,"k":[111.693,143.092],"ix":2},"a":{"a":0,"k":[0,0],"ix":1},"s":{"a":0,"k":[100,100],"ix":3},"r":{"a":0,"k":0,"ix":6},"o":{"a":0,"k":100,"ix":7},"sk":{"a":0,"k":0,"ix":4},"sa":{"a":0,"k":0,"ix":5},"nm":"Transformar"}],"nm":"Grupo 5","np":2,"cix":2,"bm":0,"ix":5,"mn":"ADBE Vector Group","hd":false},{"ty":"gr","it":[{"ind":0,"ty":"sh","ix":1,"ks":{"a":0,"k":{"i":[[0,0],[0,0],[0.249,-0.215],[-0.47,-0.541],[0,0]],"o":[[0,0],[-0.47,-0.543],[-0.247,0.217],[0,0],[0,0]],"v":[[2.004,0.455],[-0.456,-1.326],[-1.757,-1.92],[-1.35,-0.55],[0.074,2.135]],"c":true},"ix":2},"nm":"Trazado 1","mn":"ADBE Vector Shape - Group","hd":false},{"ty":"fl","c":{"a":0,"k":[1,1,1,1],"ix":4},"o":{"a":0,"k":100,"ix":5},"r":1,"bm":0,"nm":"Relleno 1","mn":"ADBE Vector Graphic - Fill","hd":false},{"ty":"tr","p":{"a":0,"k":[119.499,154.368],"ix":2},"a":{"a":0,"k":[0,0],"ix":1},"s":{"a":0,"k":[100,100],"ix":3},"r":{"a":0,"k":0,"ix":6},"o":{"a":0,"k":100,"ix":7},"sk":{"a":0,"k":0,"ix":4},"sa":{"a":0,"k":0,"ix":5},"nm":"Transformar"}],"nm":"Grupo 6","np":2,"cix":2,"bm":0,"ix":6,"mn":"ADBE Vector Group","hd":false},{"ty":"gr","it":[{"ind":0,"ty":"sh","ix":1,"ks":{"a":0,"k":{"i":[[1.804,2.076],[-1.423,1.236],[-1.805,-2.075],[1.421,-1.236]],"o":[[-1.805,-2.073],[1.419,-1.237],[1.805,2.075],[-1.422,1.237]],"v":[[-2.575,2.238],[-3.265,-3.756],[2.574,-2.238],[3.267,3.756]],"c":true},"ix":2},"nm":"Trazado 1","mn":"ADBE Vector Shape - Group","hd":false},{"ty":"fl","c":{"a":0,"k":[0.258999992819,0.071000005685,0.071000005685,1],"ix":4},"o":{"a":0,"k":100,"ix":5},"r":1,"bm":0,"nm":"Relleno 1","mn":"ADBE Vector Graphic - Fill","hd":false},{"ty":"tr","p":{"a":0,"k":[118.476,146.482],"ix":2},"a":{"a":0,"k":[0,0],"ix":1},"s":{"a":0,"k":[100,100],"ix":3},"r":{"a":0,"k":0,"ix":6},"o":{"a":0,"k":100,"ix":7},"sk":{"a":0,"k":0,"ix":4},"sa":{"a":0,"k":0,"ix":5},"nm":"Transformar"}],"nm":"Grupo 7","np":2,"cix":2,"bm":0,"ix":7,"mn":"ADBE Vector Group","hd":false},{"ty":"gr","it":[{"ind":0,"ty":"sh","ix":1,"ks":{"a":0,"k":{"i":[[0,0],[0.979,0.576],[-0.404,0.353]],"o":[[-0.046,0.636],[-0.978,-0.578],[0,0]],"v":[[1.262,-1.284],[-0.284,0.774],[1.199,-1.35]],"c":false},"ix":2},"nm":"Trazado 1","mn":"ADBE Vector Shape - Group","hd":false},{"ty":"fl","c":{"a":0,"k":[0.086000001197,0.097999999102,0.078000005086,1],"ix":4},"o":{"a":0,"k":100,"ix":5},"r":1,"bm":0,"nm":"Relleno 1","mn":"ADBE Vector Graphic - Fill","hd":false},{"ty":"tr","p":{"a":0,"k":[121.05,156.543],"ix":2},"a":{"a":0,"k":[0,0],"ix":1},"s":{"a":0,"k":[100,100],"ix":3},"r":{"a":0,"k":0,"ix":6},"o":{"a":0,"k":100,"ix":7},"sk":{"a":0,"k":0,"ix":4},"sa":{"a":0,"k":0,"ix":5},"nm":"Transformar"}],"nm":"Grupo 8","np":2,"cix":2,"bm":0,"ix":8,"mn":"ADBE Vector Group","hd":false},{"ty":"gr","it":[{"ind":0,"ty":"sh","ix":1,"ks":{"a":0,"k":{"i":[[0,0],[-0.121,-0.133],[-1.317,1.147],[0,0],[1.144,1.317],[0.133,0.11]],"o":[[0.089,0.147],[1.142,1.317],[0,0],[1.317,-1.148],[-0.118,-0.134],[0,0]],"v":[[-5.803,3.448],[-5.493,3.868],[-1.036,4.178],[4.346,-0.499],[4.66,-4.959],[4.283,-5.324]],"c":true},"ix":2},"nm":"Trazado 1","mn":"ADBE Vector Shape - Group","hd":false},{"ty":"fl","c":{"a":0,"k":[0.255000005984,0.340999977261,0.180000005984,1],"ix":4},"o":{"a":0,"k":100,"ix":5},"r":1,"bm":0,"nm":"Relleno 1","mn":"ADBE Vector Graphic - Fill","hd":false},{"ty":"tr","p":{"a":0,"k":[124.669,153.671],"ix":2},"a":{"a":0,"k":[0,0],"ix":1},"s":{"a":0,"k":[100,100],"ix":3},"r":{"a":0,"k":0,"ix":6},"o":{"a":0,"k":100,"ix":7},"sk":{"a":0,"k":0,"ix":4},"sa":{"a":0,"k":0,"ix":5},"nm":"Transformar"}],"nm":"Grupo 9","np":2,"cix":2,"bm":0,"ix":9,"mn":"ADBE Vector Group","hd":false},{"ty":"gr","it":[{"ind":0,"ty":"sh","ix":1,"ks":{"a":0,"k":{"i":[[0,0],[0,0],[0,0],[0,0]],"o":[[0,0],[0,0],[0,0],[0,0]],"v":[[-9.257,-4.84],[-3.789,-9.592],[9.257,1.306],[-0.276,9.592]],"c":true},"ix":2},"nm":"Trazado 1","mn":"ADBE Vector Shape - Group","hd":false},{"ty":"fl","c":{"a":0,"k":[0.447000002394,0.090000002992,0.090000002992,1],"ix":4},"o":{"a":0,"k":100,"ix":5},"r":1,"bm":0,"nm":"Relleno 1","mn":"ADBE Vector Graphic - Fill","hd":false},{"ty":"tr","p":{"a":0,"k":[119.824,147.749],"ix":2},"a":{"a":0,"k":[0,0],"ix":1},"s":{"a":0,"k":[100,100],"ix":3},"r":{"a":0,"k":0,"ix":6},"o":{"a":0,"k":100,"ix":7},"sk":{"a":0,"k":0,"ix":4},"sa":{"a":0,"k":0,"ix":5},"nm":"Transformar"}],"nm":"Grupo 10","np":2,"cix":2,"bm":0,"ix":10,"mn":"ADBE Vector Group","hd":false},{"ty":"gr","it":[{"ind":0,"ty":"sh","ix":1,"ks":{"a":0,"k":{"i":[[1.58,1.817],[-0.389,0.338],[-1.578,-1.817],[0.392,-0.339]],"o":[[-1.581,-1.818],[0.39,-0.34],[1.582,1.818],[-0.388,0.34]],"v":[[-0.706,0.613],[-2.862,-3.29],[0.703,-0.614],[2.858,3.29]],"c":true},"ix":2},"nm":"Trazado 1","mn":"ADBE Vector Shape - Group","hd":false},{"ty":"fl","c":{"a":0,"k":[0.925,0.118000000598,0.141000007181,1],"ix":4},"o":{"a":0,"k":100,"ix":5},"r":1,"bm":0,"nm":"Relleno 1","mn":"ADBE Vector Graphic - Fill","hd":false},{"ty":"tr","p":{"a":0,"k":[134.685,147.977],"ix":2},"a":{"a":0,"k":[0,0],"ix":1},"s":{"a":0,"k":[100,100],"ix":3},"r":{"a":0,"k":0,"ix":6},"o":{"a":0,"k":100,"ix":7},"sk":{"a":0,"k":0,"ix":4},"sa":{"a":0,"k":0,"ix":5},"nm":"Transformar"}],"nm":"Grupo 11","np":2,"cix":2,"bm":0,"ix":11,"mn":"ADBE Vector Group","hd":false},{"ty":"gr","it":[{"ind":0,"ty":"sh","ix":1,"ks":{"a":0,"k":{"i":[[1.757,2.021],[-1.177,1.025],[-1.757,-2.021],[1.179,-1.024]],"o":[[-1.757,-2.021],[1.181,-1.027],[1.756,2.02],[-1.177,1.025]],"v":[[-2.134,1.857],[-3.183,-3.656],[2.134,-1.854],[3.181,3.659]],"c":true},"ix":2},"nm":"Trazado 1","mn":"ADBE Vector Shape - Group","hd":false},{"ty":"fl","c":{"a":0,"k":[0.987999949736,0.827000038297,0.187999994615,1],"ix":4},"o":{"a":0,"k":100,"ix":5},"r":1,"bm":0,"nm":"Relleno 1","mn":"ADBE Vector Graphic - Fill","hd":false},{"ty":"tr","p":{"a":0,"k":[134.683,147.975],"ix":2},"a":{"a":0,"k":[0,0],"ix":1},"s":{"a":0,"k":[100,100],"ix":3},"r":{"a":0,"k":0,"ix":6},"o":{"a":0,"k":100,"ix":7},"sk":{"a":0,"k":0,"ix":4},"sa":{"a":0,"k":0,"ix":5},"nm":"Transformar"}],"nm":"Grupo 12","np":2,"cix":2,"bm":0,"ix":12,"mn":"ADBE Vector Group","hd":false},{"ty":"gr","it":[{"ind":0,"ty":"sh","ix":1,"ks":{"a":0,"k":{"i":[[1.579,1.816],[-0.39,0.339],[-1.582,-1.816],[0.391,-0.339]],"o":[[-1.58,-1.815],[0.388,-0.339],[1.577,1.818],[-0.389,0.339]],"v":[[-0.705,0.612],[-2.861,-3.291],[0.706,-0.615],[2.859,3.29]],"c":true},"ix":2},"nm":"Trazado 1","mn":"ADBE Vector Shape - Group","hd":false},{"ty":"fl","c":{"a":0,"k":[0.925,0.118000000598,0.141000007181,1],"ix":4},"o":{"a":0,"k":100,"ix":5},"r":1,"bm":0,"nm":"Relleno 1","mn":"ADBE Vector Graphic - Fill","hd":false},{"ty":"tr","p":{"a":0,"k":[117.61,162.822],"ix":2},"a":{"a":0,"k":[0,0],"ix":1},"s":{"a":0,"k":[100,100],"ix":3},"r":{"a":0,"k":0,"ix":6},"o":{"a":0,"k":100,"ix":7},"sk":{"a":0,"k":0,"ix":4},"sa":{"a":0,"k":0,"ix":5},"nm":"Transformar"}],"nm":"Grupo 13","np":2,"cix":2,"bm":0,"ix":13,"mn":"ADBE Vector Group","hd":false},{"ty":"gr","it":[{"ind":0,"ty":"sh","ix":1,"ks":{"a":0,"k":{"i":[[1.755,2.02],[-1.179,1.024],[-1.756,-2.017],[1.179,-1.026]],"o":[[-1.759,-2.021],[1.18,-1.022],[1.758,2.024],[-1.177,1.025]],"v":[[-2.132,1.855],[-3.181,-3.66],[2.135,-1.859],[3.181,3.658]],"c":true},"ix":2},"nm":"Trazado 1","mn":"ADBE Vector Shape - Group","hd":false},{"ty":"fl","c":{"a":0,"k":[0.987999949736,0.827000038297,0.187999994615,1],"ix":4},"o":{"a":0,"k":100,"ix":5},"r":1,"bm":0,"nm":"Relleno 1","mn":"ADBE Vector Graphic - Fill","hd":false},{"ty":"tr","p":{"a":0,"k":[117.61,162.823],"ix":2},"a":{"a":0,"k":[0,0],"ix":1},"s":{"a":0,"k":[100,100],"ix":3},"r":{"a":0,"k":0,"ix":6},"o":{"a":0,"k":100,"ix":7},"sk":{"a":0,"k":0,"ix":4},"sa":{"a":0,"k":0,"ix":5},"nm":"Transformar"}],"nm":"Grupo 14","np":2,"cix":2,"bm":0,"ix":14,"mn":"ADBE Vector Group","hd":false},{"ty":"gr","it":[{"ind":0,"ty":"sh","ix":1,"ks":{"a":0,"k":{"i":[[-2.964,2.548],[-2.311,2.641],[-0.951,1.049],[2.661,-2.31],[0,0],[-0.859,-4.606]],"o":[[2.653,-2.285],[0.93,-1.062],[-4.415,-1.434],[0,0],[-2.686,2.337],[3.352,-1.921]],"v":[[-0.033,2.484],[7.478,-4.743],[10.279,-7.934],[-2.137,-6.487],[-6.289,-2.875],[-9.42,9.367]],"c":true},"ix":2},"nm":"Trazado 1","mn":"ADBE Vector Shape - Group","hd":false},{"ty":"fl","c":{"a":0,"k":[0.470999983245,0.596000043084,0.238999998803,1],"ix":4},"o":{"a":0,"k":100,"ix":5},"r":1,"bm":0,"nm":"Relleno 1","mn":"ADBE Vector Graphic - Fill","hd":false},{"ty":"tr","p":{"a":0,"k":[121.7,150.028],"ix":2},"a":{"a":0,"k":[0,0],"ix":1},"s":{"a":0,"k":[100,100],"ix":3},"r":{"a":0,"k":0,"ix":6},"o":{"a":0,"k":100,"ix":7},"sk":{"a":0,"k":0,"ix":4},"sa":{"a":0,"k":0,"ix":5},"nm":"Transformar"}],"nm":"Grupo 15","np":2,"cix":2,"bm":0,"ix":15,"mn":"ADBE Vector Group","hd":false},{"ty":"gr","it":[{"ind":0,"ty":"sh","ix":1,"ks":{"a":0,"k":{"i":[[4.136,4.757],[-3.854,3.351],[0,0],[-4.137,-4.758],[4.76,-4.138],[0,0]],"o":[[-4.136,-4.761],[0,0],[3.853,-3.352],[4.138,4.757],[0,0],[-4.758,4.136]],"v":[[-11.18,9.876],[-10.451,-7.671],[-6.299,-11.281],[11.178,-9.564],[7.931,4.103],[2.805,8.56]],"c":true},"ix":2},"nm":"Trazado 1","mn":"ADBE Vector Shape - Group","hd":false},{"ty":"fl","c":{"a":0,"k":[0.165000002992,0.226999993418,0.122000002394,1],"ix":4},"o":{"a":0,"k":100,"ix":5},"r":1,"bm":0,"nm":"Relleno 1","mn":"ADBE Vector Graphic - Fill","hd":false},{"ty":"tr","p":{"a":0,"k":[125.952,154.926],"ix":2},"a":{"a":0,"k":[0,0],"ix":1},"s":{"a":0,"k":[100,100],"ix":3},"r":{"a":0,"k":0,"ix":6},"o":{"a":0,"k":100,"ix":7},"sk":{"a":0,"k":0,"ix":4},"sa":{"a":0,"k":0,"ix":5},"nm":"Transformar"}],"nm":"Grupo 16","np":2,"cix":2,"bm":0,"ix":16,"mn":"ADBE Vector Group","hd":false},{"ty":"gr","it":[{"ind":0,"ty":"sh","ix":1,"ks":{"a":0,"k":{"i":[[0,0],[-2.961,2.573],[-2.352,-2.702],[0,0],[2.959,-2.572],[2.573,2.959]],"o":[[-2.353,-2.703],[2.957,-2.574],[0,0],[2.574,2.959],[-2.961,2.575],[0,0]],"v":[[-7.768,-1.133],[-5.766,-6.578],[-0.097,-7.804],[7.547,-2.086],[6.849,7.93],[-3.169,7.232]],"c":true},"ix":2},"nm":"Trazado 1","mn":"ADBE Vector Shape - Group","hd":false},{"ty":"fl","c":{"a":0,"k":[0.470999983245,0.596000043084,0.238999998803,1],"ix":4},"o":{"a":0,"k":100,"ix":5},"r":1,"bm":0,"nm":"Relleno 1","mn":"ADBE Vector Graphic - Fill","hd":false},{"ty":"tr","p":{"a":0,"k":[118.239,146.214],"ix":2},"a":{"a":0,"k":[0,0],"ix":1},"s":{"a":0,"k":[100,100],"ix":3},"r":{"a":0,"k":0,"ix":6},"o":{"a":0,"k":100,"ix":7},"sk":{"a":0,"k":0,"ix":4},"sa":{"a":0,"k":0,"ix":5},"nm":"Transformar"}],"nm":"Grupo 17","np":2,"cix":2,"bm":0,"ix":17,"mn":"ADBE Vector Group","hd":false},{"ty":"gr","it":[{"ind":0,"ty":"sh","ix":1,"ks":{"a":0,"k":{"i":[[0,0],[-0.345,-0.397],[0,0],[0,0],[0,0],[0.414,0.285]],"o":[[0.225,0.45],[0,0],[0,0],[0,0],[-0.345,-0.396],[0,0]],"v":[[-5.585,2.497],[-4.731,3.773],[-3.521,5.167],[5.585,-2.753],[4.375,-4.145],[3.23,-5.167]],"c":true},"ix":2},"nm":"Trazado 1","mn":"ADBE Vector Shape - Group","hd":false},{"ty":"fl","c":{"a":0,"k":[0.4,0.470999983245,0.204000001795,1],"ix":4},"o":{"a":0,"k":100,"ix":5},"r":1,"bm":0,"nm":"Relleno 1","mn":"ADBE Vector Graphic - Fill","hd":false},{"ty":"tr","p":{"a":0,"k":[90.489,115.333],"ix":2},"a":{"a":0,"k":[0,0],"ix":1},"s":{"a":0,"k":[100,100],"ix":3},"r":{"a":0,"k":0,"ix":6},"o":{"a":0,"k":100,"ix":7},"sk":{"a":0,"k":0,"ix":4},"sa":{"a":0,"k":0,"ix":5},"nm":"Transformar"}],"nm":"Grupo 18","np":2,"cix":2,"bm":0,"ix":18,"mn":"ADBE Vector Group","hd":false},{"ty":"gr","it":[{"ind":0,"ty":"sh","ix":1,"ks":{"a":0,"k":{"i":[[0,0],[1.931,-1.678],[-0.812,-2.272]],"o":[[-2.139,-1.119],[-1.929,1.679],[0,0]],"v":[[4.648,-3.129],[-2.114,-2.339],[-3.836,4.248]],"c":true},"ix":2},"nm":"Trazado 1","mn":"ADBE Vector Shape - Group","hd":false},{"ty":"fl","c":{"a":0,"k":[0.4,0.470999983245,0.204000001795,1],"ix":4},"o":{"a":0,"k":100,"ix":5},"r":1,"bm":0,"nm":"Relleno 1","mn":"ADBE Vector Graphic - Fill","hd":false},{"ty":"tr","p":{"a":0,"k":[88.465,112.932],"ix":2},"a":{"a":0,"k":[0,0],"ix":1},"s":{"a":0,"k":[100,100],"ix":3},"r":{"a":0,"k":0,"ix":6},"o":{"a":0,"k":100,"ix":7},"sk":{"a":0,"k":0,"ix":4},"sa":{"a":0,"k":0,"ix":5},"nm":"Transformar"}],"nm":"Grupo 19","np":2,"cix":2,"bm":0,"ix":19,"mn":"ADBE Vector Group","hd":false},{"ty":"gr","it":[{"ind":0,"ty":"sh","ix":1,"ks":{"a":0,"k":{"i":[[0,0],[0,0],[0,0],[0,0]],"o":[[0,0],[0,0],[0,0],[0,0]],"v":[[-5.724,2.614],[-3.382,5.305],[5.723,-2.613],[3.38,-5.305]],"c":true},"ix":2},"nm":"Trazado 1","mn":"ADBE Vector Shape - Group","hd":false},{"ty":"fl","c":{"a":0,"k":[0.4,0.470999983245,0.204000001795,1],"ix":4},"o":{"a":0,"k":100,"ix":5},"r":1,"bm":0,"nm":"Relleno 1","mn":"ADBE Vector Graphic - Fill","hd":false},{"ty":"tr","p":{"a":0,"k":[93.134,118.394],"ix":2},"a":{"a":0,"k":[0,0],"ix":1},"s":{"a":0,"k":[100,100],"ix":3},"r":{"a":0,"k":0,"ix":6},"o":{"a":0,"k":100,"ix":7},"sk":{"a":0,"k":0,"ix":4},"sa":{"a":0,"k":0,"ix":5},"nm":"Transformar"}],"nm":"Grupo 20","np":2,"cix":2,"bm":0,"ix":20,"mn":"ADBE Vector Group","hd":false},{"ty":"gr","it":[{"ind":0,"ty":"sh","ix":1,"ks":{"a":0,"k":{"i":[[0,0],[0,0],[0,0],[0,0]],"o":[[0,0],[0,0],[0,0],[0,0]],"v":[[-5.79,2.535],[-3.316,5.38],[5.79,-2.538],[3.315,-5.381]],"c":true},"ix":2},"nm":"Trazado 1","mn":"ADBE Vector Shape - Group","hd":false},{"ty":"fl","c":{"a":0,"k":[0.4,0.470999983245,0.204000001795,1],"ix":4},"o":{"a":0,"k":100,"ix":5},"r":1,"bm":0,"nm":"Relleno 1","mn":"ADBE Vector Graphic - Fill","hd":false},{"ty":"tr","p":{"a":0,"k":[95.983,121.672],"ix":2},"a":{"a":0,"k":[0,0],"ix":1},"s":{"a":0,"k":[100,100],"ix":3},"r":{"a":0,"k":0,"ix":6},"o":{"a":0,"k":100,"ix":7},"sk":{"a":0,"k":0,"ix":4},"sa":{"a":0,"k":0,"ix":5},"nm":"Transformar"}],"nm":"Grupo 21","np":2,"cix":2,"bm":0,"ix":21,"mn":"ADBE Vector Group","hd":false},{"ty":"gr","it":[{"ind":0,"ty":"sh","ix":1,"ks":{"a":0,"k":{"i":[[0,0],[0,0],[0,0],[0,0]],"o":[[0,0],[0,0],[0,0],[0,0]],"v":[[-5.79,2.536],[-3.316,5.382],[5.789,-2.539],[3.314,-5.382]],"c":true},"ix":2},"nm":"Trazado 1","mn":"ADBE Vector Shape - Group","hd":false},{"ty":"fl","c":{"a":0,"k":[0.4,0.470999983245,0.204000001795,1],"ix":4},"o":{"a":0,"k":100,"ix":5},"r":1,"bm":0,"nm":"Relleno 1","mn":"ADBE Vector Graphic - Fill","hd":false},{"ty":"tr","p":{"a":0,"k":[98.899,125.026],"ix":2},"a":{"a":0,"k":[0,0],"ix":1},"s":{"a":0,"k":[100,100],"ix":3},"r":{"a":0,"k":0,"ix":6},"o":{"a":0,"k":100,"ix":7},"sk":{"a":0,"k":0,"ix":4},"sa":{"a":0,"k":0,"ix":5},"nm":"Transformar"}],"nm":"Grupo 22","np":2,"cix":2,"bm":0,"ix":22,"mn":"ADBE Vector Group","hd":false},{"ty":"gr","it":[{"ind":0,"ty":"sh","ix":1,"ks":{"a":0,"k":{"i":[[0,0],[0,0],[0,0],[0,0]],"o":[[0,0],[0,0],[0,0],[0,0]],"v":[[-5.591,2.765],[-3.514,5.152],[5.591,-2.765],[3.515,-5.153]],"c":true},"ix":2},"nm":"Trazado 1","mn":"ADBE Vector Shape - Group","hd":false},{"ty":"fl","c":{"a":0,"k":[0.4,0.470999983245,0.204000001795,1],"ix":4},"o":{"a":0,"k":100,"ix":5},"r":1,"bm":0,"nm":"Relleno 1","mn":"ADBE Vector Graphic - Fill","hd":false},{"ty":"tr","p":{"a":0,"k":[101.615,128.149],"ix":2},"a":{"a":0,"k":[0,0],"ix":1},"s":{"a":0,"k":[100,100],"ix":3},"r":{"a":0,"k":0,"ix":6},"o":{"a":0,"k":100,"ix":7},"sk":{"a":0,"k":0,"ix":4},"sa":{"a":0,"k":0,"ix":5},"nm":"Transformar"}],"nm":"Grupo 23","np":2,"cix":2,"bm":0,"ix":23,"mn":"ADBE Vector Group","hd":false},{"ty":"gr","it":[{"ind":0,"ty":"sh","ix":1,"ks":{"a":0,"k":{"i":[[0,0],[0,0],[0,0],[0,0]],"o":[[0,0],[0,0],[0,0],[0,0]],"v":[[-5.723,2.612],[-3.383,5.304],[5.723,-2.612],[3.38,-5.304]],"c":true},"ix":2},"nm":"Trazado 1","mn":"ADBE Vector Shape - Group","hd":false},{"ty":"fl","c":{"a":0,"k":[0.4,0.470999983245,0.204000001795,1],"ix":4},"o":{"a":0,"k":100,"ix":5},"r":1,"bm":0,"nm":"Relleno 1","mn":"ADBE Vector Graphic - Fill","hd":false},{"ty":"tr","p":{"a":0,"k":[104.267,131.197],"ix":2},"a":{"a":0,"k":[0,0],"ix":1},"s":{"a":0,"k":[100,100],"ix":3},"r":{"a":0,"k":0,"ix":6},"o":{"a":0,"k":100,"ix":7},"sk":{"a":0,"k":0,"ix":4},"sa":{"a":0,"k":0,"ix":5},"nm":"Transformar"}],"nm":"Grupo 24","np":2,"cix":2,"bm":0,"ix":24,"mn":"ADBE Vector Group","hd":false},{"ty":"gr","it":[{"ind":0,"ty":"sh","ix":1,"ks":{"a":0,"k":{"i":[[0,0],[0,0],[0,0],[0,0]],"o":[[0,0],[0,0],[0,0],[0,0]],"v":[[-5.656,2.688],[-3.45,5.229],[5.656,-2.689],[3.447,-5.229]],"c":true},"ix":2},"nm":"Trazado 1","mn":"ADBE Vector Shape - Group","hd":false},{"ty":"fl","c":{"a":0,"k":[0.4,0.470999983245,0.204000001795,1],"ix":4},"o":{"a":0,"k":100,"ix":5},"r":1,"bm":0,"nm":"Relleno 1","mn":"ADBE Vector Graphic - Fill","hd":false},{"ty":"tr","p":{"a":0,"k":[106.983,134.323],"ix":2},"a":{"a":0,"k":[0,0],"ix":1},"s":{"a":0,"k":[100,100],"ix":3},"r":{"a":0,"k":0,"ix":6},"o":{"a":0,"k":100,"ix":7},"sk":{"a":0,"k":0,"ix":4},"sa":{"a":0,"k":0,"ix":5},"nm":"Transformar"}],"nm":"Grupo 25","np":2,"cix":2,"bm":0,"ix":25,"mn":"ADBE Vector Group","hd":false},{"ty":"gr","it":[{"ind":0,"ty":"sh","ix":1,"ks":{"a":0,"k":{"i":[[0,0],[0,0],[-2.515,2.188],[2.187,2.515],[0,0]],"o":[[0,0],[2.187,2.513],[2.513,-2.185],[0,0],[0,0]],"v":[[-8.533,-0.753],[-2.761,5.888],[5.753,6.481],[6.346,-2.029],[0.572,-8.669]],"c":true},"ix":2},"nm":"Trazado 1","mn":"ADBE Vector Shape - Group","hd":false},{"ty":"fl","c":{"a":0,"k":[0.4,0.470999983245,0.204000001795,1],"ix":4},"o":{"a":0,"k":100,"ix":5},"r":1,"bm":0,"nm":"Relleno 1","mn":"ADBE Vector Graphic - Fill","hd":false},{"ty":"tr","p":{"a":0,"k":[112.51,140.811],"ix":2},"a":{"a":0,"k":[0,0],"ix":1},"s":{"a":0,"k":[100,100],"ix":3},"r":{"a":0,"k":0,"ix":6},"o":{"a":0,"k":100,"ix":7},"sk":{"a":0,"k":0,"ix":4},"sa":{"a":0,"k":0,"ix":5},"nm":"Transformar"}],"nm":"Grupo 26","np":2,"cix":2,"bm":0,"ix":26,"mn":"ADBE Vector Group","hd":false},{"ty":"gr","it":[{"ind":0,"ty":"sh","ix":1,"ks":{"a":0,"k":{"i":[[0.087,0.145],[0.064,0.108],[0.07,0.114],[0.1,0.159],[0.119,0.178],[0.023,0.029],[0.023,0.032],[0.05,0.069],[0.112,0.152],[0.027,0.038],[0.028,0.035],[0.06,0.073],[0.126,0.159],[0.135,0.157],[0.138,0.15],[0.15,0.158],[0.154,0.157],[0.157,0.154],[0.167,0.163],[0.169,0.16],[0.707,0.625],[0.658,0.582],[0.849,0.84],[0.917,0.914],[0.232,0.233],[0.236,0.24],[0.486,0.497],[0.243,0.255],[0.245,0.258],[0.511,0.541],[0.128,0.135],[0,0],[-0.007,-0.008],[0,0],[0,0],[0.134,0.15],[0.113,0.129],[0.112,0.126],[0.062,0.07],[0,0],[0.246,0.298],[2.315,3.012],[1.326,1.62],[1.576,1.675],[1.943,1.619],[2.388,1.35],[0,0],[0,0],[-0.02,-0.015],[0,0],[0,0],[0,0],[0,0],[0,0],[0.271,0.11],[0.235,0.079],[0.241,0.062],[0.239,0.063],[0.121,0.029],[0,0],[0.245,0.043],[0.244,0.03],[0.239,0.01],[0.469,-0.01],[0,0],[0,0],[0.449,-0.056],[0.217,-0.037],[0.213,-0.043],[0.756,-0.251],[1.276,-0.626],[2.013,-1.234],[0.247,-0.152],[0.238,-0.145],[0,0],[0,0],[0,0],[-0.022,0.011],[0,0],[0,0],[0.532,-0.288],[0.525,-0.279],[2.09,-0.936],[2.114,-0.645],[0.265,-0.077],[0.266,-0.069],[0.267,-0.064],[0,0],[0.132,-0.029],[0.536,-0.074],[0,0],[0,0],[0,0],[-0.156,0.012],[0.317,-0.036],[0,0],[0,0],[0,0],[0,0],[0.244,-0.002],[0.478,0.028],[0.874,0.207],[0.716,0.355],[0.174,0.092],[0.082,0.049],[0.071,0.056],[0.075,0.052],[0.036,0.028],[0,0],[0.072,0.056],[0,0],[0.33,0.628],[0.141,0.831],[0,0],[0.006,0.114],[0,0],[0,0],[0,0.056],[0,0],[0,0],[-0.001,0.073],[0,0],[0,0],[0,0],[0,0],[0,0],[0,0],[0,0],[0,0],[-0.049,0.273],[-0.31,1.1],[-0.451,1.089],[-1.338,2.098],[-1.625,2.006],[-1.819,1.93],[0,0],[0,0],[0,0],[-0.012,0.014],[0,0],[-0.476,0.486],[-0.952,0.963],[-1.908,1.926],[-1.873,1.971],[-1.8,2.024],[-0.888,1.011],[-0.435,0.513],[-0.218,0.257],[-0.215,0.261],[-0.423,0.519],[-0.413,0.527],[-0.205,0.263],[-0.201,0.267],[-0.203,0.268],[0,0],[0,0],[0,0],[0,0],[-0.667,1.217],[-0.545,1.259],[-0.479,2.808],[0.112,1.535],[0.215,0.791],[0.432,0.75],[0.641,0.587],[0.728,0.368],[0.307,0.121],[1.428,-1.29],[0,0],[-0.438,-0.14],[-0.35,-0.203],[-0.318,-0.656],[-0.015,-0.954],[0.239,-1.062],[1.06,-2.12],[0.628,-1.017],[0.707,-0.894],[0.394,-0.466],[0.205,-0.243],[0.21,-0.242],[0.425,-0.481],[0.434,-0.477],[0.218,-0.238],[0.223,-0.235],[0.445,-0.47],[0.935,-0.921],[1.93,-1.826],[1.984,-1.815],[2.01,-1.821],[1.013,-0.918],[0.502,-0.459],[0,0],[0.109,-0.102],[0,0],[0,0],[0,0],[1.938,-2.123],[1.721,-2.419],[1.332,-2.78],[0.511,-1.485],[0.314,-1.566],[0.073,-0.393],[0,0],[0,0],[0,0],[0,0],[0,0],[0,0],[0,0],[0,0],[0,0],[-0.001,0.094],[0,0],[0,0],[0.001,-0.11],[0,0],[0,0],[-0.021,-0.229],[0,0],[-0.797,-1.801],[-0.108,-0.221],[0,0],[0,0],[-0.064,-0.105],[0,0],[-0.141,-0.202],[-0.158,-0.189],[-0.341,-0.351],[-0.17,-0.176],[0,0],[0,0],[-0.093,-0.078],[0,0],[-0.188,-0.143],[-0.198,-0.126],[-0.401,-0.224],[-1.66,-0.503],[-1.645,-0.186],[-0.816,-0.028],[-0.406,-0.002],[0,0],[0,0],[0,0],[0,0],[-0.33,0.019],[-0.405,0.041],[-0.738,0.105],[-0.183,0.035],[0,0],[-0.362,0.068],[-0.358,0.076],[-0.347,0.092],[-2.551,0.979],[-2.314,1.066],[-0.566,0.27],[-0.555,0.262],[0,0],[0,0],[-0.281,0.145],[0,0],[0,0],[0,0],[-0.288,0.152],[-0.277,0.146],[-0.959,0.493],[-0.848,0.357],[-0.689,0.174],[-0.293,0.045],[-0.068,0.008],[-0.058,-0.002],[-0.103,-0.009],[-0.243,-0.105],[-0.031,-0.011],[-0.03,-0.013],[-0.019,-0.008],[0.011,0.003],[0,0],[0,0],[0,0],[-0.168,-0.093],[0,0],[0,0],[-2.31,-2.745],[-1.076,-1.472],[-1.037,-1.511],[-2.15,-2.885],[-0.271,-0.358],[-0.07,-0.089],[-0.071,-0.088],[-0.146,-0.184],[-0.14,-0.176],[-0.124,-0.154],[0,0],[0,0],[-0.114,-0.135],[0,0],[-0.129,-0.155],[-0.503,-0.598],[-0.247,-0.294],[-0.244,-0.281],[-0.471,-0.536],[-0.229,-0.263],[-0.224,-0.249],[-0.813,-0.905],[-0.714,-0.788],[-0.045,-0.049],[0,0],[0,0],[0,0],[-0.106,-0.108],[-0.199,-0.199],[-0.341,-0.336],[-0.448,-0.471],[-0.096,-0.105],[-0.091,-0.101],[-0.082,-0.092],[-0.059,-0.076],[-0.062,-0.074],[-0.049,-0.064],[-0.035,-0.054],[-0.031,-0.046],[-0.016,-0.021],[0,0],[0,0],[-0.02,-0.028],[-0.008,-0.013],[0,0],[0.008,0.009],[0.014,0.022],[0.008,0.016],[-0.002,-0.006],[-0.039,-0.074],[0,0],[0,0]],"o":[[-0.044,-0.074],[-0.059,-0.098],[-0.086,-0.139],[-0.102,-0.16],[-0.031,-0.048],[-0.021,-0.033],[-0.048,-0.066],[-0.101,-0.139],[-0.028,-0.036],[-0.027,-0.034],[-0.057,-0.071],[-0.118,-0.147],[-0.128,-0.156],[-0.134,-0.152],[-0.14,-0.152],[-0.15,-0.165],[-0.152,-0.157],[-0.157,-0.154],[-0.167,-0.162],[-0.673,-0.632],[-0.572,-0.509],[-0.752,-0.748],[-0.827,-0.828],[-0.227,-0.228],[-0.228,-0.234],[-0.464,-0.478],[-0.241,-0.25],[-0.239,-0.255],[-0.489,-0.524],[-0.127,-0.135],[0,0],[0.082,0.099],[0,0],[0,0],[-0.134,-0.149],[-0.113,-0.127],[-0.111,-0.127],[-0.055,-0.06],[0,0],[-0.244,-0.283],[-1.958,-2.344],[-1.16,-1.506],[-1.327,-1.619],[-1.579,-1.674],[-1.94,-1.616],[0,0],[0,0],[0.164,0.089],[0,0],[0,0],[0,0],[0,0],[0,0],[-0.269,-0.12],[-0.242,-0.091],[-0.235,-0.077],[-0.239,-0.065],[-0.121,-0.03],[0,0],[-0.243,-0.047],[-0.242,-0.039],[-0.24,-0.024],[-0.479,-0.025],[0,0],[0,0],[-0.465,0.027],[-0.226,0.028],[-0.216,0.04],[-0.831,0.183],[-1.527,0.492],[-2.556,1.253],[-0.245,0.152],[-0.241,0.144],[0,0],[0,0],[0,0],[0.214,-0.108],[0,0],[0,0],[-0.529,0.286],[-0.524,0.284],[-2.103,1.112],[-2.094,0.936],[-0.264,0.088],[-0.263,0.074],[-0.265,0.065],[0,0],[-0.133,0.032],[-0.533,0.102],[0,0],[0,0],[0,0],[0.008,0.003],[-0.318,0.035],[0,0],[0,0],[0,0],[0,0],[-0.244,0.008],[-0.487,0.013],[-0.957,-0.049],[-0.875,-0.204],[-0.185,-0.082],[-0.089,-0.043],[-0.078,-0.052],[-0.073,-0.052],[-0.037,-0.028],[0,0],[-0.069,-0.057],[0,0],[-0.518,-0.474],[-0.332,-0.621],[0,0],[-0.018,-0.107],[0,0],[0,0],[-0.005,-0.057],[0,0],[0,0],[0.003,-0.18],[0,0],[0,0],[0,0],[0,0],[0,0],[0,0],[0,0],[0,0],[0.035,-0.271],[0.156,-1.099],[0.313,-1.096],[0.901,-2.179],[1.327,-2.104],[1.636,-2.001],[0,0],[0,0],[0,0],[-0.046,0.043],[0,0],[0.479,-0.485],[0.953,-0.964],[1.915,-1.937],[1.904,-1.944],[1.867,-1.976],[0.91,-1],[0.436,-0.516],[0.219,-0.26],[0.213,-0.261],[0.423,-0.521],[0.415,-0.526],[0.206,-0.261],[0.202,-0.268],[0.199,-0.269],[0,0],[0,0],[0,0],[0,0],[0.84,-1.194],[0.66,-1.216],[1.083,-2.519],[0.228,-1.404],[-0.058,-0.767],[-0.217,-0.788],[-0.429,-0.75],[-0.636,-0.591],[-0.303,-0.154],[-1.383,1.337],[0,0],[0.491,0.084],[0.439,0.138],[0.695,0.414],[0.322,0.652],[0.018,0.951],[-0.479,2.131],[-0.529,1.061],[-0.627,1.014],[-0.391,0.467],[-0.204,0.245],[-0.211,0.241],[-0.423,0.48],[-0.431,0.476],[-0.217,0.238],[-0.221,0.236],[-0.444,0.471],[-0.911,0.931],[-1.843,1.858],[-1.93,1.826],[-2.002,1.812],[-1.013,0.916],[-0.502,0.459],[0,0],[-0.048,0.043],[0,0],[0,0],[0,0],[-2.029,1.931],[-1.931,2.133],[-1.728,2.407],[-0.666,1.388],[-0.51,1.486],[-0.091,0.387],[0,0],[0,0],[0,0],[0,0],[0,0],[0,0],[0,0],[0,0],[0,0],[-0.003,0.012],[0,0],[0,0],[0,0.111],[0,0],[0,0],[0.003,0.225],[0,0],[0.2,1.834],[0.102,0.224],[0,0],[0,0],[0.061,0.108],[0,0],[0.132,0.209],[0.147,0.2],[0.312,0.381],[0.169,0.18],[0,0],[0,0],[0.088,0.082],[0,0],[0.184,0.153],[0.194,0.139],[0.39,0.253],[1.601,0.93],[1.661,0.505],[0.826,0.096],[0.406,0.015],[0,0],[0,0],[0,0],[0,0],[0.333,-0.02],[0.406,-0.04],[0.753,-0.064],[0.185,-0.029],[0,0],[0.363,-0.067],[0.361,-0.07],[0.356,-0.081],[2.826,-0.692],[2.556,-0.979],[0.578,-0.266],[0.56,-0.264],[0,0],[0,0],[0.091,-0.046],[0,0],[0,0],[0,0],[0.288,-0.154],[0.275,-0.148],[1.077,-0.585],[0.954,-0.493],[0.849,-0.362],[0.347,-0.093],[0.07,-0.011],[0.066,-0.004],[0.12,0],[0.439,0.01],[0.03,0.014],[0.032,0.006],[0.028,0.014],[-0.013,0.002],[0,0],[0,0],[0,0],[-0.081,-0.044],[0,0],[0,0],[2.81,1.811],[1.154,1.371],[1.076,1.476],[2.072,3.021],[0.264,0.36],[0.07,0.089],[0.07,0.091],[0.146,0.187],[0.144,0.181],[0.126,0.156],[0,0],[0,0],[0.039,0.046],[0,0],[0.134,0.158],[0.523,0.62],[0.252,0.299],[0.248,0.291],[0.49,0.56],[0.235,0.269],[0.231,0.256],[0.899,1.003],[0.8,0.888],[0.044,0.049],[0,0],[0,0],[0,0],[0.11,0.112],[0.205,0.206],[0.367,0.362],[0.648,0.642],[0.107,0.116],[0.096,0.106],[0.095,0.101],[0.077,0.088],[0.065,0.08],[0.062,0.074],[0.046,0.061],[0.034,0.048],[0.016,0.022],[0,0],[0,0],[0.02,0.033],[0.009,0.016],[0,0],[0.002,0.008],[-0.018,-0.019],[-0.012,-0.018],[0.003,0.005],[0.06,0.112],[0.076,0.149],[0,0],[0,0]],"v":[[61.988,64.844],[61.828,64.574],[61.634,64.253],[61.351,63.803],[61.02,63.299],[60.944,63.191],[60.874,63.092],[60.726,62.891],[60.409,62.459],[60.324,62.346],[60.241,62.24],[60.068,62.023],[59.699,61.566],[59.309,61.113],[58.895,60.645],[58.461,60.178],[58.01,59.706],[57.54,59.23],[57.054,58.756],[56.558,58.283],[54.469,56.387],[52.627,54.753],[50.221,52.368],[47.602,49.753],[46.911,49.06],[46.219,48.351],[44.792,46.887],[44.057,46.133],[43.329,45.362],[41.829,43.767],[41.447,43.361],[41.398,43.309],[41.4,43.312],[41.301,43.202],[41.101,42.984],[40.702,42.538],[40.36,42.154],[40.026,41.775],[39.851,41.574],[39.674,41.364],[38.943,40.5],[32.597,32.406],[28.886,27.704],[24.564,22.74],[19.325,17.758],[12.852,13.234],[12.403,12.979],[12.291,12.917],[11.965,12.736],[11.779,12.645],[11.406,12.458],[11.312,12.411],[11.121,12.324],[10.722,12.142],[9.911,11.797],[9.21,11.551],[8.508,11.325],[7.79,11.135],[7.429,11.045],[7.066,10.973],[6.337,10.838],[5.608,10.743],[4.88,10.671],[3.443,10.622],[2.733,10.635],[2.041,10.68],[0.688,10.829],[0.038,10.939],[-0.609,11.06],[-3.011,11.704],[-7.202,13.415],[-13.97,17.288],[-14.708,17.743],[-15.425,18.176],[-15.775,18.385],[-16.115,18.581],[-16.285,18.68],[-16.262,18.671],[-16.361,18.727],[-16.763,18.945],[-18.356,19.805],[-19.931,20.648],[-26.215,23.762],[-32.519,26.163],[-33.314,26.389],[-34.109,26.609],[-34.906,26.801],[-35.304,26.898],[-35.704,26.98],[-37.309,27.277],[-37.712,27.339],[-37.912,27.372],[-38.014,27.387],[-38.019,27.395],[-38.97,27.503],[-39.278,27.53],[-39.435,27.544],[-39.512,27.553],[-39.601,27.558],[-40.336,27.59],[-41.787,27.573],[-44.549,27.186],[-46.942,26.327],[-47.458,26.048],[-47.7,25.898],[-47.937,25.745],[-48.16,25.585],[-48.274,25.504],[-48.375,25.418],[-48.586,25.249],[-48.775,25.071],[-50.028,23.428],[-50.755,21.258],[-50.801,20.941],[-50.845,20.618],[-50.875,20.286],[-50.891,20.12],[-50.896,19.949],[-50.909,19.6],[-50.915,19.426],[-50.914,19.232],[-50.914,19.105],[-50.922,18.094],[-50.896,17.366],[-50.893,17.185],[-50.879,16.981],[-50.847,16.572],[-50.817,16.161],[-50.77,15.747],[-50.665,14.926],[-49.951,11.628],[-48.818,8.34],[-45.438,1.911],[-40.961,-4.244],[-35.765,-10.134],[-35.08,-10.859],[-34.734,-11.219],[-34.563,-11.4],[-34.513,-11.454],[-34.423,-11.546],[-32.99,-13.003],[-30.13,-15.893],[-24.396,-21.689],[-18.719,-27.55],[-13.199,-33.529],[-10.519,-36.572],[-9.211,-38.115],[-8.559,-38.887],[-7.919,-39.667],[-6.646,-41.229],[-5.403,-42.811],[-4.786,-43.6],[-4.18,-44.4],[-3.578,-45.201],[-3.279,-45.598],[-3.129,-45.799],[-3.007,-45.962],[-2.938,-46.063],[-0.715,-49.675],[1.093,-53.384],[3.548,-61.318],[3.79,-65.717],[3.396,-68.06],[2.434,-70.394],[0.812,-72.435],[-1.264,-73.87],[-2.181,-74.273],[-6.395,-70.326],[-6.208,-70.301],[-4.806,-69.967],[-3.623,-69.447],[-2.132,-67.876],[-1.621,-65.43],[-1.979,-62.372],[-4.387,-55.926],[-6.128,-52.8],[-8.133,-49.904],[-9.312,-48.505],[-9.926,-47.775],[-10.556,-47.051],[-11.826,-45.611],[-13.124,-44.182],[-13.777,-43.469],[-14.443,-42.764],[-15.778,-41.352],[-18.523,-38.559],[-24.202,-33.049],[-30.087,-27.598],[-36.105,-22.146],[-39.143,-19.393],[-40.652,-18.018],[-40.747,-17.93],[-40.881,-17.809],[-41.07,-17.628],[-41.452,-17.271],[-42.214,-16.549],[-48.184,-10.482],[-53.708,-3.693],[-58.345,4.083],[-60.11,8.404],[-61.369,12.98],[-61.59,14.159],[-61.692,14.749],[-61.77,15.345],[-61.849,15.943],[-61.887,16.242],[-61.915,16.568],[-61.971,17.217],[-62.021,17.857],[-62.07,18.867],[-62.074,18.993],[-62.081,19.051],[-62.091,19.383],[-62.111,20.042],[-62.117,20.374],[-62.107,20.712],[-62.086,21.387],[-62.041,22.069],[-61.979,22.753],[-60.502,28.282],[-60.196,28.952],[-59.849,29.611],[-59.674,29.939],[-59.481,30.257],[-59.088,30.889],[-58.664,31.497],[-58.218,32.096],[-57.259,33.217],[-56.753,33.751],[-56.222,34.251],[-55.955,34.497],[-55.68,34.732],[-55.123,35.194],[-54.557,35.622],[-53.976,36.035],[-52.793,36.782],[-47.873,38.919],[-42.901,39.934],[-40.439,40.109],[-39.22,40.121],[-39.068,40.121],[-38.902,40.117],[-38.568,40.107],[-37.905,40.083],[-36.913,40.023],[-35.697,39.904],[-33.47,39.62],[-32.918,39.537],[-32.37,39.439],[-31.28,39.238],[-30.205,39.008],[-29.137,38.765],[-21.069,36.202],[-13.792,33.085],[-12.072,32.283],[-10.397,31.493],[-9.983,31.297],[-9.882,31.247],[-9.654,31.135],[-9.425,31.017],[-8.963,30.782],[-8.519,30.551],[-7.656,30.092],[-6.83,29.646],[-3.782,28.014],[-1.068,26.73],[1.254,25.928],[2.2,25.741],[2.405,25.717],[2.601,25.699],[2.953,25.691],[3.927,25.861],[4.019,25.896],[4.108,25.943],[4.196,25.98],[4.162,25.975],[4.219,26.008],[4.581,26.213],[4.74,26.305],[4.615,26.24],[4.68,26.282],[4.943,26.454],[12.565,33.479],[15.901,37.771],[19.059,42.262],[25.317,51.197],[26.125,52.273],[26.33,52.538],[26.54,52.809],[26.978,53.366],[27.403,53.902],[27.779,54.365],[27.964,54.596],[28.057,54.71],[28.153,54.826],[28.202,54.882],[28.596,55.352],[30.137,57.18],[30.886,58.068],[31.627,58.919],[33.066,60.563],[33.761,61.36],[34.443,62.119],[37.011,64.98],[39.284,67.493],[39.418,67.641],[39.45,67.679],[39.684,67.917],[39.766,68.001],[40.09,68.329],[40.697,68.938],[41.759,69.986],[43.394,71.641],[43.713,71.98],[43.995,72.291],[44.241,72.572],[44.458,72.826],[44.646,73.055],[44.796,73.253],[44.929,73.43],[45.026,73.574],[45.074,73.639],[45.096,73.67],[45.109,73.697],[45.164,73.788],[45.19,73.833],[45.204,73.854],[45.206,73.86],[45.158,73.8],[45.129,73.752],[45.136,73.769],[45.284,74.048],[45.4,74.273],[62.117,65.062]],"c":true},"ix":2},"nm":"Trazado 1","mn":"ADBE Vector Shape - Group","hd":false},{"ty":"fl","c":{"a":0,"k":[0.109999997008,0.141000007181,0.086000001197,1],"ix":4},"o":{"a":0,"k":100,"ix":5},"r":1,"bm":0,"nm":"Relleno 1","mn":"ADBE Vector Graphic - Fill","hd":false},{"ty":"tr","p":{"a":0,"k":[62.367,74.523],"ix":2},"a":{"a":0,"k":[0,0],"ix":1},"s":{"a":0,"k":[100,100],"ix":3},"r":{"a":0,"k":0,"ix":6},"o":{"a":0,"k":100,"ix":7},"sk":{"a":0,"k":0,"ix":4},"sa":{"a":0,"k":0,"ix":5},"nm":"Transformar"}],"nm":"Grupo 27","np":2,"cix":2,"bm":0,"ix":27,"mn":"ADBE Vector Group","hd":false},{"ty":"gr","it":[{"ind":0,"ty":"sh","ix":1,"ks":{"a":0,"k":{"i":[[2.415,2.777],[-1.488,1.296],[-2.417,-2.778],[1.49,-1.294]],"o":[[-2.416,-2.777],[1.489,-1.295],[2.415,2.778],[-1.49,1.295]],"v":[[-2.698,2.346],[-4.375,-5.03],[2.696,-2.344],[4.373,5.029]],"c":true},"ix":2},"nm":"Trazado 1","mn":"ADBE Vector Shape - Group","hd":false},{"ty":"fl","c":{"a":0,"k":[0.109999997008,0.141000007181,0.086000001197,1],"ix":4},"o":{"a":0,"k":100,"ix":5},"r":1,"bm":0,"nm":"Relleno 1","mn":"ADBE Vector Graphic - Fill","hd":false},{"ty":"tr","p":{"a":0,"k":[117.058,130.378],"ix":2},"a":{"a":0,"k":[0,0],"ix":1},"s":{"a":0,"k":[100,100],"ix":3},"r":{"a":0,"k":0,"ix":6},"o":{"a":0,"k":100,"ix":7},"sk":{"a":0,"k":0,"ix":4},"sa":{"a":0,"k":0,"ix":5},"nm":"Transformar"}],"nm":"Grupo 28","np":2,"cix":2,"bm":0,"ix":28,"mn":"ADBE Vector Group","hd":false},{"ty":"gr","it":[{"ind":0,"ty":"sh","ix":1,"ks":{"a":0,"k":{"i":[[0,0],[-1.261,1.63],[2.903,1.491],[2.345,-2.844],[-1.095,-2.798]],"o":[[1.308,1.81],[3.126,-3.789],[-2.771,-1.339],[-2.194,2.709],[0,0]],"v":[[0.043,7.143],[8.408,6.296],[2.324,-5.009],[-9.34,-6.109],[-7.145,3.494]],"c":false},"ix":2},"nm":"Trazado 1","mn":"ADBE Vector Shape - Group","hd":false},{"ty":"fl","c":{"a":0,"k":[0.4,0.470999983245,0.204000001795,1],"ix":4},"o":{"a":0,"k":100,"ix":5},"r":1,"bm":0,"nm":"Relleno 1","mn":"ADBE Vector Graphic - Fill","hd":false},{"ty":"tr","p":{"a":0,"k":[116.867,130.858],"ix":2},"a":{"a":0,"k":[0,0],"ix":1},"s":{"a":0,"k":[100,100],"ix":3},"r":{"a":0,"k":0,"ix":6},"o":{"a":0,"k":100,"ix":7},"sk":{"a":0,"k":0,"ix":4},"sa":{"a":0,"k":0,"ix":5},"nm":"Transformar"}],"nm":"Grupo 29","np":2,"cix":2,"bm":0,"ix":29,"mn":"ADBE Vector Group","hd":false},{"ty":"gr","it":[{"ind":0,"ty":"sh","ix":1,"ks":{"a":0,"k":{"i":[[2.414,2.78],[1.489,-1.296],[-2.415,-2.777],[-1.489,1.295]],"o":[[-2.416,-2.776],[-1.491,1.294],[2.417,2.777],[1.49,-1.296]],"v":[[2.698,-2.345],[-4.372,-5.029],[-2.698,2.345],[4.373,5.03]],"c":true},"ix":2},"nm":"Trazado 1","mn":"ADBE Vector Shape - Group","hd":false},{"ty":"fl","c":{"a":0,"k":[0.109999997008,0.141000007181,0.086000001197,1],"ix":4},"o":{"a":0,"k":100,"ix":5},"r":1,"bm":0,"nm":"Relleno 1","mn":"ADBE Vector Graphic - Fill","hd":false},{"ty":"tr","p":{"a":0,"k":[102.666,142.89],"ix":2},"a":{"a":0,"k":[0,0],"ix":1},"s":{"a":0,"k":[100,100],"ix":3},"r":{"a":0,"k":0,"ix":6},"o":{"a":0,"k":100,"ix":7},"sk":{"a":0,"k":0,"ix":4},"sa":{"a":0,"k":0,"ix":5},"nm":"Transformar"}],"nm":"Grupo 30","np":2,"cix":2,"bm":0,"ix":30,"mn":"ADBE Vector Group","hd":false},{"ty":"gr","it":[{"ind":0,"ty":"sh","ix":1,"ks":{"a":0,"k":{"i":[[0,0],[1.792,-1.02],[1.074,3.083],[-3.143,1.928],[-2.617,-1.472]],"o":[[1.609,1.543],[-4.185,2.57],[-0.941,-2.928],[2.988,-1.797],[0,0]],"v":[[6.678,1.098],[4.673,9.262],[-5.674,1.667],[-5.144,-10.035],[4.061,-6.529]],"c":false},"ix":2},"nm":"Trazado 1","mn":"ADBE Vector Shape - Group","hd":false},{"ty":"fl","c":{"a":0,"k":[0.4,0.470999983245,0.204000001795,1],"ix":4},"o":{"a":0,"k":100,"ix":5},"r":1,"bm":0,"nm":"Relleno 1","mn":"ADBE Vector Graphic - Fill","hd":false},{"ty":"tr","p":{"a":0,"k":[103.558,142.708],"ix":2},"a":{"a":0,"k":[0,0],"ix":1},"s":{"a":0,"k":[100,100],"ix":3},"r":{"a":0,"k":0,"ix":6},"o":{"a":0,"k":100,"ix":7},"sk":{"a":0,"k":0,"ix":4},"sa":{"a":0,"k":0,"ix":5},"nm":"Transformar"}],"nm":"Grupo 31","np":2,"cix":2,"bm":0,"ix":31,"mn":"ADBE Vector Group","hd":false},{"ty":"gr","it":[{"ind":0,"ty":"sh","ix":1,"ks":{"a":0,"k":{"i":[[0,0],[-2.132,0.225],[-3.078,1.279],[-0.796,6.044],[4.402,2.922],[7.399,1.012],[7.362,1.511],[1.226,3.819]],"o":[[1.588,-1.383],[3.257,-0.271],[5.147,-2.379],[0.778,-5.796],[-6.412,-4.432],[-7.265,-1.131],[-4.047,-0.904],[0,0]],"v":[[3.892,23.182],[11.031,22.56],[20.919,20.013],[33.551,6.703],[23.439,-8.943],[1.736,-11.95],[-19.941,-17.076],[-34.329,-23.183]],"c":false},"ix":2},"nm":"Trazado 1","mn":"ADBE Vector Shape - Group","hd":false},{"ty":"fl","c":{"a":0,"k":[0.109999997008,0.141000007181,0.086000001197,1],"ix":4},"o":{"a":0,"k":100,"ix":5},"r":1,"bm":0,"nm":"Relleno 1","mn":"ADBE Vector Graphic - Fill","hd":false},{"ty":"tr","p":{"a":0,"k":[123.504,135.705],"ix":2},"a":{"a":0,"k":[0,0],"ix":1},"s":{"a":0,"k":[100,100],"ix":3},"r":{"a":0,"k":0,"ix":6},"o":{"a":0,"k":100,"ix":7},"sk":{"a":0,"k":0,"ix":4},"sa":{"a":0,"k":0,"ix":5},"nm":"Transformar"}],"nm":"Grupo 32","np":2,"cix":2,"bm":0,"ix":32,"mn":"ADBE Vector Group","hd":false},{"ty":"gr","it":[{"ind":0,"ty":"sh","ix":1,"ks":{"a":0,"k":{"i":[[0,0],[-2.451,0.259],[-3.541,1.469],[-0.916,6.953],[5.061,3.36],[8.51,1.166],[8.47,1.737],[1.41,4.392]],"o":[[1.828,-1.589],[3.745,-0.31],[5.919,-2.737],[0.894,-6.665],[-7.375,-5.096],[-8.355,-1.3],[-4.653,-1.04],[0,0]],"v":[[4.476,26.659],[12.685,25.944],[24.057,23.017],[38.585,7.708],[26.954,-10.282],[1.997,-13.742],[-22.932,-19.637],[-39.479,-26.659]],"c":false},"ix":2},"nm":"Trazado 1","mn":"ADBE Vector Shape - Group","hd":false},{"ty":"fl","c":{"a":0,"k":[0.165000002992,0.226999993418,0.122000002394,1],"ix":4},"o":{"a":0,"k":100,"ix":5},"r":1,"bm":0,"nm":"Relleno 1","mn":"ADBE Vector Graphic - Fill","hd":false},{"ty":"tr","p":{"a":0,"k":[124.45,134.085],"ix":2},"a":{"a":0,"k":[0,0],"ix":1},"s":{"a":0,"k":[100,100],"ix":3},"r":{"a":0,"k":0,"ix":6},"o":{"a":0,"k":100,"ix":7},"sk":{"a":0,"k":0,"ix":4},"sa":{"a":0,"k":0,"ix":5},"nm":"Transformar"}],"nm":"Grupo 33","np":2,"cix":2,"bm":0,"ix":33,"mn":"ADBE Vector Group","hd":false},{"ty":"gr","it":[{"ind":0,"ty":"sh","ix":1,"ks":{"a":0,"k":{"i":[[0,0],[0.518,-2.079],[1.693,-2.868],[6.097,0.053],[2.281,4.764],[-0.025,7.467],[0.474,7.504],[3.611,1.747]],"o":[[-1.593,1.383],[-0.722,3.188],[-3.072,4.766],[-5.849,-0.035],[-3.498,-6.967],[-0.11,-7.351],[-0.337,-4.131],[0,0]],"v":[[20.303,8.578],[18.696,15.561],[14.799,24.999],[-0.138,35.66],[-14.225,23.473],[-14.19,1.563],[-16.252,-20.617],[-20.303,-35.714]],"c":false},"ix":2},"nm":"Trazado 1","mn":"ADBE Vector Shape - Group","hd":false},{"ty":"fl","c":{"a":0,"k":[0.109999997008,0.141000007181,0.086000001197,1],"ix":4},"o":{"a":0,"k":100,"ix":5},"r":1,"bm":0,"nm":"Relleno 1","mn":"ADBE Vector Graphic - Fill","hd":false},{"ty":"tr","p":{"a":0,"k":[108.519,149.069],"ix":2},"a":{"a":0,"k":[0,0],"ix":1},"s":{"a":0,"k":[100,100],"ix":3},"r":{"a":0,"k":0,"ix":6},"o":{"a":0,"k":100,"ix":7},"sk":{"a":0,"k":0,"ix":4},"sa":{"a":0,"k":0,"ix":5},"nm":"Transformar"}],"nm":"Grupo 34","np":2,"cix":2,"bm":0,"ix":34,"mn":"ADBE Vector Group","hd":false},{"ty":"gr","it":[{"ind":0,"ty":"sh","ix":1,"ks":{"a":0,"k":{"i":[[0,0],[0.599,-2.393],[1.949,-3.302],[7.01,0.06],[2.627,5.48],[-0.026,8.587],[0.544,8.628],[4.155,2.008]],"o":[[-1.829,1.589],[-0.827,3.664],[-3.533,5.479],[-6.725,-0.04],[-4.019,-8.011],[-0.126,-8.456],[-0.385,-4.752],[0,0]],"v":[[23.348,9.866],[21.497,17.898],[17.019,28.753],[-0.158,41.01],[-16.362,26.993],[-16.319,1.8],[-18.692,-23.707],[-23.349,-41.07]],"c":false},"ix":2},"nm":"Trazado 1","mn":"ADBE Vector Shape - Group","hd":false},{"ty":"fl","c":{"a":0,"k":[0.165000002992,0.226999993418,0.122000002394,1],"ix":4},"o":{"a":0,"k":100,"ix":5},"r":1,"bm":0,"nm":"Relleno 1","mn":"ADBE Vector Graphic - Fill","hd":false},{"ty":"tr","p":{"a":0,"k":[107.1,149.555],"ix":2},"a":{"a":0,"k":[0,0],"ix":1},"s":{"a":0,"k":[100,100],"ix":3},"r":{"a":0,"k":0,"ix":6},"o":{"a":0,"k":100,"ix":7},"sk":{"a":0,"k":0,"ix":4},"sa":{"a":0,"k":0,"ix":5},"nm":"Transformar"}],"nm":"Grupo 35","np":2,"cix":2,"bm":0,"ix":35,"mn":"ADBE Vector Group","hd":false}],"ip":0,"op":113,"st":0,"bm":0}],"markers":[]}